,Tube Name:,All Events ,V1L Events,V1R Events,P1 Events,V2L Events,V2R Events,H1-UR Events,H1-UL Events,H1-LL Events,H1-LR Events,P2 Events,P3 Events,All Events  % Total,V1L % Total,V1R % Total,P1 % Total,V2L % Total,V2R % Total,H1-UR % Total,H1-UL % Total,H1-LL % Total,H1-LR % Total,P2 % Total,P3 % Total,All Events  % Parent,V1L % Parent,V1R % Parent,P1 % Parent,V2L % Parent,V2R % Parent,H1-UR % Parent,H1-UL % Parent,H1-LL % Parent,H1-LR % Parent,P2 % Parent,P3 % Parent,All Events  Mean FITC-A,V1L Mean FITC-A,V1R Mean FITC-A,P1 Mean FITC-A,V2L Mean FITC-A,V2R Mean FITC-A,H1-UR Mean FITC-A,H1-UL Mean FITC-A,H1-LL Mean FITC-A,H1-LR Mean FITC-A,P2 Mean FITC-A,P3 Mean FITC-A,All Events  Mean ECD-A,V1L Mean ECD-A,V1R Mean ECD-A,P1 Mean ECD-A,V2L Mean ECD-A,V2R Mean ECD-A,H1-UR Mean ECD-A,H1-UL Mean ECD-A,H1-LL Mean ECD-A,H1-LR Mean ECD-A,P2 Mean ECD-A,P3 Mean ECD-A,All Events  Mean RED-H,V1L Mean RED-H,V1R Mean RED-H,P1 Mean RED-H,V2L Mean RED-H,V2R Mean RED-H,H1-UR Mean RED-H,H1-UL Mean RED-H,H1-LL Mean RED-H,H1-LR Mean RED-H,P2 Mean RED-H,P3 Mean RED-H,All Events  Mean GREEN-H,V1L Mean GREEN-H,V1R Mean GREEN-H,P1 Mean GREEN-H,V2L Mean GREEN-H,V2R Mean GREEN-H,H1-UR Mean GREEN-H,H1-UL Mean GREEN-H,H1-LL Mean GREEN-H,H1-LR Mean GREEN-H,P2 Mean GREEN-H,P3 Mean GREEN-H,All Events  rCV RED-H,V1L rCV RED-H,V1R rCV RED-H,P1 rCV RED-H,V2L rCV RED-H,V2R rCV RED-H,H1-UR rCV RED-H,H1-UL rCV RED-H,H1-LL rCV RED-H,H1-LR rCV RED-H,P2 rCV RED-H,P3 rCV RED-H,All Events  rCV GREEN-H,V1L rCV GREEN-H,V1R rCV GREEN-H,P1 rCV GREEN-H,V2L rCV GREEN-H,V2R rCV GREEN-H,H1-UR rCV GREEN-H,H1-UL rCV GREEN-H,H1-LL rCV GREEN-H,H1-LR rCV GREEN-H,P2 rCV GREEN-H,P3 rCV GREEN-H,Time,OD,Sample
0,2-1,50840,14140,13313,27453,2400,25053,1015,12503,209,13726,13235,12830,100.00%,27.81%,26.19%,54.00%,4.72%,49.28%,2.00%,24.59%,0.41%,27.00%,26.03%,25.24%,100.00%,51.51%,48.49%,54.00%,8.74%,91.26%,3.70%,45.54%,0.76%,50.00%,48.21%,46.73%,2543.8,89.1,6196.0,3050.6,3330.0,3023.8,3088.0,6355.0,2.6,84.2,5908.7,86.1,5824.1,9366.3,2016.1,5801.9,567.1,6303.4,4397.1,1665.3,-71.4,9763.2,1711.3,9035.1,129.6,160.1,35.6,99.7,17.2,107.6,78.1,29.3,12.7,166.8,29.9,152.5,45.1,5.3,88.0,45.4,55.7,44.5,48.1,90.0,8.7,5.2,83.2,5.1,84.78%,48.34%,38.17%,90.93%,36.42%,88.57%,44.13%,36.85%,67.12%,46.74%,37.72%,44.50%,115.04%,39.45%,44.96%,121.68%,70.76%,105.22%,48.29%,43.08%,56.97%,38.60%,44.87%,36.76%,45.43333333,0.034,M1
1,2-2,33775,7397,18771,26168,7646,18522,495,18356,9,7308,18467,7057,100.00%,21.90%,55.58%,77.48%,22.64%,54.84%,1.47%,54.35%,0.03%,21.64%,54.68%,20.89%,100.00%,28.27%,71.73%,77.48%,29.22%,70.78%,1.89%,70.15%,0.03%,27.93%,70.57%,26.97%,6413.7,93.3,8688.7,6259.0,7960.5,5556.6,2951.5,8808.4,45.7,87.2,8740.5,89.2,4481.9,8694.9,1227.1,3338.0,620.1,4460.0,5968.5,1095.3,-33.8,8797.1,1109.0,8636.5,118.2,145.4,22.7,57.4,14.8,74.9,118.1,20.0,9.0,147.1,20.2,142.6,97.3,5.0,116.4,84.9,113.8,73.0,48.7,117.8,6.7,4.9,116.8,4.9,67.76%,39.63%,38.51%,59.84%,32.97%,73.52%,43.47%,37.63%,83.10%,39.04%,37.86%,38.41%,96.83%,37.02%,37.13%,76.74%,32.89%,134.09%,56.08%,36.32%,37.40%,36.63%,36.52%,35.48%,46.08333333,0.031,M4
2,2-3,34912,15248,12893,28141,2361,25780,3830,9534,585,14192,12803,12981,100.00%,43.68%,36.93%,80.61%,6.76%,73.84%,10.97%,27.31%,1.68%,40.65%,36.67%,37.18%,100.00%,54.18%,45.82%,80.61%,8.39%,91.61%,13.61%,33.88%,2.08%,50.43%,45.50%,46.13%,1686.0,111.0,3591.9,1705.8,1394.4,1734.4,2272.8,3968.7,40.9,101.3,3569.1,100.3,6743.4,9452.1,2224.8,6140.9,359.0,6670.4,3130.1,1606.8,-50.2,10254.5,1950.9,10137.1,141.3,153.9,36.2,100.0,11.9,108.0,51.2,27.0,6.1,166.0,32.1,162.8,28.0,5.4,50.3,25.9,24.9,26.0,33.6,55.0,5.3,5.2,49.9,5.1,93.22%,56.82%,37.58%,93.33%,62.79%,88.95%,32.31%,34.00%,47.75%,50.88%,37.15%,46.73%,114.41%,37.84%,36.80%,103.43%,86.16%,105.20%,34.47%,30.75%,36.57%,37.13%,36.69%,35.55%,46.66666667,0.031,M5
3,2-4,39649,15017,17531,32548,1262,31286,13334,5461,334,13419,18542,12298,100.00%,37.87%,44.22%,82.09%,3.18%,78.91%,33.63%,13.77%,0.84%,33.84%,46.77%,31.02%,100.00%,46.14%,53.86%,82.09%,3.88%,96.12%,40.97%,16.78%,1.03%,41.23%,56.97%,37.78%,1429.1,171.5,2494.8,1422.9,843.1,1446.3,2014.5,3263.0,44.1,120.4,2377.1,108.6,6687.8,9560.8,2659.1,5843.4,330.5,6065.8,2950.5,1688.8,-57.5,10555.7,2545.2,10387.6,134.6,154.5,42.3,94.1,11.9,97.4,47.1,28.4,6.5,169.7,41.1,165.4,24.7,6.3,36.4,22.5,17.5,22.7,30.0,47.0,5.3,5.5,34.8,5.3,72.25%,56.13%,35.84%,69.97%,64.49%,68.71%,31.80%,31.16%,51.21%,47.87%,36.27%,44.96%,106.33%,42.74%,34.99%,107.11%,74.76%,106.63%,33.23%,28.84%,40.62%,38.95%,37.49%,36.54%,47.08333333,0.035,M7
4,2-5,37584,12967,16843,29810,673,29137,3070,13868,84,12788,16682,12373,100.00%,34.50%,44.81%,79.32%,1.79%,77.53%,8.17%,36.90%,0.22%,34.03%,44.39%,32.92%,100.00%,43.50%,56.50%,79.32%,2.26%,97.74%,10.30%,46.52%,0.28%,42.90%,55.96%,41.51%,3391.7,100.6,5402.1,3096.0,2560.6,3108.4,3134.8,5869.7,46.9,98.8,5378.4,100.0,6438.4,9348.4,2638.0,5557.0,537.3,5672.9,4269.8,2219.8,-50.4,9521.8,2439.7,9479.1,126.7,145.7,41.7,86.9,15.6,88.6,68.8,34.9,6.5,148.3,38.3,147.8,53.4,5.1,74.2,44.2,44.7,44.2,46.0,80.0,5.2,5.1,73.9,5.1,81.95%,35.72%,36.12%,80.56%,52.23%,80.23%,34.96%,33.31%,46.64%,35.29%,35.83%,34.94%,127.14%,36.83%,40.15%,127.64%,75.75%,127.82%,35.23%,36.59%,39.42%,36.67%,39.76%,35.54%,47.63333333,0.034,pECJ3
5,3-1,51547,21745,22145,43890,4083,39807,843,21360,50,21637,21938,20595,100.00%,42.18%,42.96%,85.15%,7.92%,77.22%,1.64%,41.44%,0.10%,41.98%,42.56%,39.95%,100.00%,49.54%,50.46%,85.15%,9.30%,90.70%,1.92%,48.67%,0.11%,49.30%,49.98%,46.92%,3862.5,81.5,7108.8,3627.2,5172.5,3468.7,3487.6,7233.7,58.9,80.5,7041.5,84.9,6739.7,9743.3,1758.8,5714.6,645.2,6234.6,5148.8,1585.1,-39.6,9826.7,1621.3,8978.0,131.2,138.8,26.5,82.1,14.6,89.1,75.8,23.8,6.4,140.1,24.2,128.5,57.9,4.7,90.8,48.1,76.7,45.2,49.0,92.2,5.2,4.7,89.6,4.7,92.11%,43.10%,37.21%,92.08%,30.27%,89.40%,45.37%,36.21%,49.78%,42.86%,36.88%,41.94%,132.15%,37.46%,43.46%,132.65%,36.63%,99.80%,49.56%,42.30%,43.68%,37.40%,43.15%,35.66%,60.5,0.048,M1
6,3-2,49203,11292,28278,39570,13843,25727,601,27733,17,11219,27810,10675,100.00%,22.95%,57.47%,80.42%,28.13%,52.29%,1.22%,56.36%,0.03%,22.80%,56.52%,21.70%,100.00%,28.54%,71.46%,80.42%,34.98%,65.02%,1.52%,70.09%,0.04%,28.35%,70.28%,26.98%,7476.4,82.4,10031.7,7192.5,8941.7,6251.3,3174.6,10161.4,8.4,79.4,10108.5,86.9,3954.8,8830.3,1098.6,3305.0,574.3,4774.3,5483.9,1000.2,-70.0,8890.8,1005.1,8843.6,86.6,121.8,17.1,47.0,12.1,65.7,76.1,15.8,5.4,122.6,15.8,122.2,103.7,4.4,117.7,85.3,113.0,70.5,41.0,119.1,4.1,4.4,118.4,4.4,65.82%,37.84%,38.66%,60.73%,33.44%,83.46%,38.98%,38.02%,24.11%,37.58%,38.11%,37.26%,83.45%,38.91%,34.35%,71.66%,30.24%,137.01%,53.62%,33.65%,37.10%,38.72%,33.75%,36.78%,61.0,0.045,M4
7,3-3,51943,22678,20857,43535,4568,38967,3631,17685,672,21547,20782,19430,100.00%,43.66%,40.15%,83.81%,8.79%,75.02%,6.99%,34.05%,1.29%,41.48%,40.01%,37.41%,100.00%,52.09%,47.91%,83.81%,10.49%,89.51%,8.34%,40.62%,1.54%,49.49%,47.74%,44.63%,2064.6,92.9,4247.9,2083.5,2405.5,2045.8,2424.7,4523.7,34.0,87.1,4234.4,92.1,6310.8,9183.4,1911.6,5699.6,469.8,6312.6,3430.9,1553.0,-60.6,9664.9,1813.0,9765.1,118.4,132.1,28.3,82.4,12.9,90.5,48.7,23.7,5.6,138.6,27.0,140.0,31.9,4.7,54.2,28.4,36.5,27.5,32.4,57.5,4.6,4.6,54.0,4.7,93.84%,54.27%,37.94%,93.03%,50.24%,90.29%,33.85%,34.23%,48.30%,50.05%,37.62%,45.35%,122.24%,38.14%,35.56%,114.79%,98.74%,103.96%,36.12%,31.51%,37.92%,37.71%,35.57%,35.56%,61.4,0.051,M5
8,3-4,57482,20264,28851,49115,2294,46821,14271,15355,364,19125,29325,17601,100.00%,35.25%,50.19%,85.44%,3.99%,81.45%,24.83%,26.71%,0.63%,33.27%,51.02%,30.62%,100.00%,41.26%,58.74%,85.44%,4.67%,95.33%,29.06%,31.26%,0.74%,38.94%,59.71%,35.84%,1913.2,124.8,3078.0,1859.6,1682.8,1868.2,2296.8,3682.2,32.7,104.8,3021.3,103.9,5991.0,9784.2,2399.3,5446.2,450.1,5690.9,3034.4,1716.4,-63.2,10345.2,2319.5,10183.7,104.7,140.7,34.5,78.3,12.5,81.6,42.7,25.8,5.7,148.5,33.5,145.0,29.3,5.2,40.4,25.9,27.5,25.8,30.8,47.9,4.6,4.9,39.7,4.9,71.41%,51.92%,36.43%,69.09%,56.38%,67.65%,29.67%,30.89%,48.94%,47.79%,36.68%,44.64%,111.55%,39.34%,35.49%,112.11%,113.63%,111.91%,31.46%,28.01%,39.12%,38.09%,36.41%,36.22%,62.06666667,0.055999999999999994,M7
9,3-5,53050,18731,26069,44800,1671,43129,2096,24080,59,18565,25829,17936,100.00%,35.31%,49.14%,84.45%,3.15%,81.30%,3.95%,45.39%,0.11%,35.00%,48.69%,33.81%,100.00%,41.81%,58.19%,84.45%,3.73%,96.27%,4.68%,53.75%,0.13%,41.44%,57.65%,40.04%,3825.7,94.2,6287.4,3698.0,4079.1,3683.2,3427.8,6510.0,66.4,92.7,6285.7,96.7,5671.3,9382.7,2339.6,5284.3,625.4,5464.8,5306.7,2023.8,-66.9,9527.9,2175.6,9449.6,104.3,130.6,33.4,74.1,14.7,76.4,74.5,28.9,5.8,132.8,30.9,131.6,58.3,4.7,79.0,47.9,62.1,47.4,45.3,81.6,5.4,4.7,78.9,4.7,82.78%,35.10%,36.06%,80.85%,36.15%,80.82%,40.08%,34.56%,52.53%,34.75%,35.76%,34.50%,129.57%,37.44%,38.92%,129.78%,37.13%,130.35%,37.71%,37.06%,51.92%,37.27%,38.66%,35.98%,62.75,0.053,pECJ3
10,4-1,100000,39152,39407,78559,26304,52255,308,39152,53,39046,39098,34046,100.00%,39.15%,39.41%,78.56%,26.30%,52.25%,0.31%,39.15%,0.05%,39.05%,39.10%,34.05%,100.00%,49.84%,50.16%,78.56%,33.48%,66.52%,0.39%,49.84%,0.07%,49.70%,49.77%,43.34%,4581.0,66.8,8363.8,4228.8,7535.3,2564.3,3708.0,8389.7,26.1,66.4,8342.8,77.3,3903.9,6363.6,854.7,3600.2,538.6,5141.4,6782.4,806.3,-55.2,6381.6,796.6,6406.8,67.4,86.3,14.3,50.2,11.1,69.8,98.0,13.6,5.5,86.5,13.4,86.6,63.8,4.1,100.1,52.3,94.0,31.3,50.8,100.4,4.7,4.1,99.7,4.3,101.06%,41.53%,39.48%,101.22%,34.82%,67.93%,66.01%,39.20%,57.12%,41.42%,39.14%,37.92%,135.87%,37.50%,40.02%,136.61%,38.00%,53.51%,63.70%,39.82%,44.27%,37.45%,39.79%,33.30%,96.0,0.154,M1
11,4-2,100000,22836,61057,83893,51486,32407,440,60697,10,22746,60434,20789,100.00%,22.84%,61.06%,83.89%,51.49%,32.41%,0.44%,60.70%,0.01%,22.75%,60.43%,20.79%,100.00%,27.22%,72.78%,83.89%,61.37%,38.63%,0.52%,72.35%,0.01%,27.11%,72.04%,24.78%,8000.2,70.8,10669.0,7784.1,10293.4,3797.5,2741.4,10713.4,32.3,68.5,10727.2,78.4,2425.7,6674.6,594.2,2249.3,441.3,5121.7,4802.4,564.2,-61.4,6697.4,558.8,6796.4,44.3,84.7,10.6,30.8,9.2,65.1,65.3,10.3,7.4,85.0,10.2,86.6,105.1,4.1,120.2,88.6,118.5,41.0,34.3,120.7,6.3,4.0,120.8,4.2,64.97%,35.87%,40.32%,59.82%,36.75%,71.77%,38.68%,40.06%,47.60%,35.62%,39.85%,33.87%,70.87%,37.08%,32.30%,61.20%,30.68%,58.25%,55.15%,32.09%,41.20%,37.01%,32.03%,33.36%,97.66666667,0.152,M4
12,4-3,93947,39936,38431,78367,23824,54543,1136,37724,795,38712,37868,36371,100.00%,42.51%,40.91%,83.42%,25.36%,58.06%,1.21%,40.15%,0.85%,41.21%,40.31%,38.71%,100.00%,50.96%,49.04%,83.42%,30.40%,69.60%,1.45%,48.14%,1.01%,49.40%,48.32%,46.41%,2571.8,71.6,5052.5,2514.2,4369.9,1703.6,2003.9,5091.2,29.1,69.0,5095.8,69.9,4308.0,6955.0,995.7,4032.6,549.3,5554.1,3374.2,876.0,-49.7,7211.8,901.3,7232.6,69.7,92.2,15.5,54.6,11.2,73.6,46.7,14.0,4.9,95.4,14.3,95.1,35.6,4.2,60.5,31.8,55.6,21.4,27.0,60.9,4.1,4.2,61.0,4.2,101.29%,52.42%,37.98%,99.54%,34.51%,91.81%,45.00%,37.30%,44.61%,49.97%,37.44%,46.89%,130.09%,36.87%,31.26%,122.91%,33.15%,59.55%,43.91%,30.71%,35.01%,36.66%,30.78%,35.82%,99.66666667,0.172,M5
13,4-4,100000,32359,50354,82713,22597,60116,2364,48425,336,31588,50191,27519,100.00%,32.36%,50.35%,82.71%,22.60%,60.12%,2.36%,48.43%,0.34%,31.59%,50.19%,27.52%,100.00%,39.12%,60.88%,82.71%,27.32%,72.68%,2.86%,58.55%,0.41%,38.19%,60.68%,33.27%,2738.7,81.4,4268.4,2630.4,3830.5,2179.3,2058.3,4342.8,28.5,75.7,4266.8,84.7,3739.7,7306.3,1136.6,3550.3,595.0,4661.2,2904.6,1022.5,-73.8,7512.4,1083.9,7809.6,57.7,93.8,17.0,47.0,11.8,60.3,40.1,15.4,4.8,96.5,16.2,100.3,37.9,4.2,50.4,32.3,49.0,26.0,27.0,51.1,4.1,4.1,50.3,4.3,76.49%,48.78%,37.26%,72.82%,32.45%,89.29%,36.31%,36.05%,51.28%,47.29%,37.11%,41.71%,112.47%,37.32%,31.55%,114.30%,31.43%,113.62%,36.12%,30.27%,43.44%,36.93%,31.50%,33.81%,102.0,0.201,M7
14,4-5,100000,36025,50527,86552,25980,60572,548,50041,46,35917,50094,32963,100.00%,36.02%,50.53%,86.55%,25.98%,60.57%,0.55%,50.04%,0.05%,35.92%,50.09%,32.96%,100.00%,41.62%,58.38%,86.55%,30.02%,69.98%,0.63%,57.82%,0.05%,41.50%,57.88%,38.08%,4465.2,68.8,7361.1,4325.9,6193.8,3524.7,3791.1,7391.5,41.7,68.4,7372.8,79.3,3664.5,7105.5,1047.0,3568.7,569.3,4855.1,7469.0,969.7,-73.2,7134.9,974.2,7239.0,55.3,87.8,15.3,45.5,11.2,60.2,96.1,14.3,4.7,88.1,14.4,89.9,57.5,3.9,79.9,48.2,72.9,37.6,45.5,80.1,4.2,3.9,79.9,4.0,88.81%,35.23%,37.64%,84.98%,32.85%,94.44%,55.62%,37.32%,38.94%,35.15%,37.34%,34.06%,132.35%,36.99%,36.46%,132.50%,32.08%,80.81%,50.72%,36.23%,38.64%,36.95%,36.25%,33.55%,104.0,0.198,pECJ3
15,5-1,100000,45503,48214,93717,48181,45536,134,48177,93,45313,47555,34417,100.00%,45.50%,48.21%,93.72%,48.18%,45.54%,0.13%,48.18%,0.09%,45.31%,47.55%,34.42%,100.00%,48.55%,51.45%,93.72%,51.41%,48.59%,0.14%,51.41%,0.10%,48.35%,50.74%,36.72%,5039.2,76.5,9358.0,4851.5,8930.5,535.5,3081.7,9357.5,35.5,75.8,9372.0,78.9,1818.0,3058.1,322.1,1650.6,272.5,3108.7,5728.7,300.2,-71.4,3077.7,299.6,3420.4,43.4,62.0,11.5,36.0,10.9,62.6,109.7,11.0,7.4,62.4,11.0,69.3,81.2,5.4,147.1,78.3,141.5,11.4,54.4,147.1,5.7,5.4,147.3,5.3,101.53%,40.40%,44.88%,101.40%,44.83%,40.38%,76.42%,44.81%,48.59%,40.23%,44.11%,33.75%,137.41%,38.52%,36.70%,137.44%,37.78%,39.90%,102.84%,36.68%,41.99%,38.47%,36.62%,34.86%,131.15,0.48,M1
16,5-2,58261,14644,38895,53539,38398,15141,123,38903,37,14476,38468,12848,100.00%,25.14%,66.76%,91.90%,65.91%,25.99%,0.21%,66.77%,0.06%,24.85%,66.03%,22.05%,100.00%,27.35%,72.65%,91.90%,71.72%,28.28%,0.23%,72.66%,0.07%,27.04%,71.85%,24.00%,8362.4,84.8,11334.9,8257.8,11226.4,729.1,1906.7,11328.6,54.0,80.0,11384.2,84.7,1435.9,3555.5,261.4,1162.4,234.2,3516.2,3449.1,253.2,-48.0,3589.4,247.4,3757.4,35.5,70.0,9.7,26.2,9.3,69.0,68.2,9.5,6.0,70.6,9.4,73.9,125.9,5.3,167.9,123.4,166.8,13.4,37.1,167.8,5.7,5.2,168.5,5.3,68.93%,36.63%,44.47%,64.74%,43.96%,37.78%,48.37%,44.43%,58.05%,36.07%,43.99%,32.94%,66.91%,37.84%,30.18%,56.13%,30.16%,39.69%,71.24%,30.19%,30.08%,37.60%,29.95%,35.23%,126.0,0.483,M4
17,5-3,100000,47008,47469,94477,49240,45237,458,47659,981,45379,46896,44072,100.00%,47.01%,47.47%,94.48%,49.24%,45.24%,0.46%,47.66%,0.98%,45.38%,46.90%,44.07%,100.00%,49.76%,50.24%,94.48%,52.12%,47.88%,0.48%,50.45%,1.04%,48.03%,49.64%,46.65%,3063.2,71.3,5892.2,2995.9,5356.4,426.6,1578.5,5859.2,24.1,67.4,5906.9,68.7,2145.7,3560.9,396.9,1971.2,318.8,3769.7,2867.0,354.8,-65.6,3703.8,366.0,3622.1,49.5,74.4,12.8,43.4,11.7,78.1,63.1,11.8,6.4,77.3,12.0,75.2,50.8,5.3,92.6,49.2,85.4,9.8,28.3,92.1,5.1,5.2,92.7,5.2,101.39%,53.26%,43.65%,99.87%,43.87%,49.59%,79.35%,43.58%,52.59%,50.40%,42.96%,48.76%,134.78%,39.93%,31.00%,134.90%,34.62%,42.02%,81.08%,31.21%,38.60%,39.77%,30.85%,39.32%,129.03333329999998,0.528,M5
18,5-4,94066,32723,54355,87078,54065,33013,441,54362,436,31839,53891,31205,100.00%,34.79%,57.78%,92.57%,57.48%,35.10%,0.47%,57.79%,0.46%,33.85%,57.29%,33.17%,100.00%,37.58%,62.42%,92.57%,62.09%,37.91%,0.51%,62.43%,0.50%,36.56%,61.89%,35.84%,3174.5,76.2,5051.5,3181.9,4767.9,584.4,1672.7,5041.4,21.6,71.1,5063.7,72.6,1712.6,3262.6,389.0,1468.9,332.8,3329.3,2632.9,368.3,-51.6,3352.6,370.3,3289.1,41.6,76.6,13.4,37.2,12.8,77.0,60.6,13.1,7.1,78.4,13.1,77.1,57.4,5.8,87.0,56.5,83.3,12.5,30.8,86.8,5.4,5.7,87.2,5.7,78.75%,49.09%,43.01%,75.89%,42.64%,49.10%,55.20%,42.87%,62.45%,47.07%,42.52%,46.21%,109.72%,39.06%,30.76%,103.55%,32.52%,42.60%,60.94%,30.82%,41.90%,38.79%,30.58%,38.38%,133.4166667,0.47100000000000003,M7
19,5-5,100000,38127,54100,92227,52889,39338,167,54071,131,37858,53657,37492,100.00%,38.13%,54.10%,92.23%,52.89%,39.34%,0.17%,54.07%,0.13%,37.86%,53.66%,37.49%,100.00%,41.34%,58.66%,92.23%,57.35%,42.65%,0.18%,58.63%,0.14%,41.05%,58.18%,40.65%,4374.4,63.7,7311.9,4315.5,7064.0,620.1,3231.6,7306.9,40.8,62.4,7327.2,64.0,1888.8,3259.2,359.3,1558.1,311.3,3234.5,5440.9,343.2,-43.0,3281.8,341.7,3265.4,42.3,71.4,12.6,36.9,12.0,70.4,129.4,12.2,6.7,71.8,12.2,71.5,77.9,5.6,124.7,75.5,121.8,13.2,60.3,124.6,5.4,5.6,125.0,5.6,92.50%,37.91%,43.26%,89.74%,42.76%,39.31%,65.59%,43.24%,62.15%,37.58%,42.87%,37.45%,132.49%,39.92%,35.22%,132.70%,35.42%,41.91%,67.71%,35.22%,39.60%,39.84%,35.09%,39.45%,137.35,0.46,pECJ3
20,6-1,100000,45380,47634,93014,60321,32693,268,47725,393,44628,46880,44180,100.00%,45.38%,47.63%,93.01%,60.32%,32.69%,0.27%,47.73%,0.39%,44.63%,46.88%,44.18%,100.00%,48.79%,51.21%,93.01%,64.85%,35.15%,0.29%,51.31%,0.42%,47.98%,50.40%,47.50%,3611.1,64.0,6720.4,3472.9,5265.0,166.1,836.7,6705.5,35.6,62.0,6714.5,65.1,1034.1,1604.4,155.3,862.3,243.4,2004.3,1252.0,151.3,21.9,1627.8,154.1,1500.1,35.2,51.5,11.0,30.8,14.8,60.1,47.5,10.9,16.6,52.1,10.9,47.4,72.1,6.3,132.4,70.9,105.0,7.9,23.0,132.1,7.4,6.2,132.2,6.2,93.58%,42.17%,50.33%,93.15%,61.24%,38.00%,46.45%,50.31%,57.78%,41.74%,49.24%,41.61%,134.21%,39.81%,39.45%,134.20%,58.03%,39.17%,36.56%,39.55%,39.77%,39.64%,39.42%,38.91%,150.0,0.61,M1
21,6-2,63324,15968,43510,59478,45281,14197,85,43519,35,15839,42771,15613,100.00%,25.22%,68.71%,93.93%,71.51%,22.42%,0.13%,68.72%,0.06%,25.01%,67.54%,24.66%,100.00%,26.85%,73.15%,93.93%,76.13%,23.87%,0.14%,73.17%,0.06%,26.63%,71.91%,26.25%,6068.3,68.9,8120.8,5959.1,7765.7,197.3,882.1,8118.6,47.5,66.2,8141.5,69.1,725.4,1955.9,134.0,623.1,150.1,2131.9,1540.6,132.1,3.2,1968.5,135.3,1901.7,27.8,58.8,10.1,23.2,11.0,62.2,62.9,10.1,11.0,59.1,10.1,57.3,117.6,6.3,156.8,116.4,150.3,8.2,23.0,156.8,7.6,6.3,157.2,6.3,71.90%,37.37%,49.10%,69.30%,50.82%,34.86%,50.29%,49.09%,43.91%,37.09%,47.92%,36.88%,66.32%,40.00%,32.96%,60.38%,34.49%,40.03%,51.92%,32.97%,39.09%,39.82%,32.86%,39.26%,151.75,0.6,M4
22,6-3,100000,46585,47634,94219,59056,35163,440,48089,1378,44312,47156,44016,100.00%,46.58%,47.63%,94.22%,59.06%,35.16%,0.44%,48.09%,1.38%,44.31%,47.16%,44.02%,100.00%,49.44%,50.56%,94.22%,62.68%,37.32%,0.47%,51.04%,1.46%,47.03%,50.05%,46.72%,2075.9,71.0,4024.2,2069.6,3227.1,125.7,860.7,3986.7,24.6,64.8,4023.7,68.4,1055.2,1769.5,179.5,965.6,230.8,2199.8,1254.8,170.9,-38.1,1856.5,174.3,1768.2,38.8,57.9,11.5,34.5,14.2,68.4,43.0,11.3,9.6,60.3,11.4,57.7,44.4,6.5,80.7,44.0,66.0,7.1,20.4,80.0,6.1,6.3,80.7,6.4,96.47%,54.02%,47.83%,95.66%,54.72%,41.29%,68.35%,47.84%,59.51%,50.57%,47.03%,50.86%,127.97%,39.57%,31.95%,127.41%,46.59%,39.32%,57.33%,32.40%,39.65%,39.10%,31.94%,38.28%,153.75,0.65,M5
23,6-4,100000,35874,58456,94330,66500,27830,398,58616,677,34639,57400,34239,100.00%,35.87%,58.46%,94.33%,66.50%,27.83%,0.40%,58.62%,0.68%,34.64%,57.40%,34.24%,100.00%,38.03%,61.97%,94.33%,70.50%,29.50%,0.42%,62.14%,0.72%,36.72%,60.85%,36.30%,2055.5,72.0,3257.4,2046.0,2843.2,141.0,916.2,3245.7,30.7,68.1,3271.0,70.5,885.4,1768.6,199.6,796.3,229.6,2150.5,1286.2,190.1,-25.2,1832.6,195.9,1723.2,33.6,61.4,12.6,31.2,14.6,70.9,46.4,12.4,10.6,63.3,12.5,59.3,46.1,6.9,70.0,46.0,62.0,7.8,23.2,69.8,6.8,6.8,70.3,6.8,81.42%,49.17%,47.91%,79.84%,52.13%,39.82%,50.47%,47.89%,57.12%,46.69%,46.78%,46.85%,107.19%,40.07%,31.20%,105.40%,38.34%,40.01%,57.17%,31.31%,41.47%,39.74%,31.04%,38.93%,155.5,0.7,M7
24,6-5,71442,28263,39362,67625,43004,24621,124,39372,101,28028,38882,27684,100.00%,39.56%,55.10%,94.66%,60.19%,34.46%,0.17%,55.11%,0.14%,39.23%,54.42%,38.75%,100.00%,41.79%,58.21%,94.66%,63.59%,36.41%,0.18%,58.22%,0.15%,41.45%,57.50%,40.94%,3156.4,63.1,5203.0,3054.8,4701.4,178.9,1541.6,5198.3,35.6,61.4,5214.5,63.9,1229.2,1889.8,211.9,913.2,229.2,2107.7,4741.4,196.2,-18.0,1906.7,194.3,1884.8,35.8,57.2,12.3,31.1,13.7,61.4,160.2,11.8,11.1,57.7,11.7,57.0,64.8,6.5,105.9,64.3,96.5,8.2,37.8,105.8,6.4,6.5,106.1,6.5,92.94%,38.97%,47.31%,91.30%,51.04%,36.41%,64.98%,47.27%,65.82%,38.60%,46.67%,38.52%,127.84%,40.17%,36.40%,128.14%,40.56%,40.38%,90.44%,36.42%,36.72%,40.02%,36.28%,39.33%,157.5,0.65,pECJ3
25,7-1,100000,41703,40673,82376,65771,16605,791,41298,1603,38684,39478,40668,100.00%,41.70%,40.67%,82.38%,65.77%,16.61%,0.79%,41.30%,1.60%,38.68%,39.48%,40.67%,100.00%,50.63%,49.37%,82.38%,79.84%,20.16%,0.96%,50.13%,1.95%,46.96%,47.92%,49.37%,2474.7,86.3,4206.0,2120.4,2612.9,169.6,404.9,4145.2,38.1,80.0,4196.8,88.5,668.6,953.2,92.5,528.2,251.9,1622.7,560.9,90.5,13.5,1016.2,102.4,894.4,28.7,41.2,12.0,26.8,18.6,59.2,30.4,12.0,17.8,42.9,12.2,38.8,57.3,7.9,101.9,54.3,65.7,9.2,14.6,100.5,8.3,7.7,101.6,8.0,82.68%,44.02%,54.57%,80.52%,70.36%,37.10%,43.21%,54.52%,48.13%,41.76%,52.06%,43.37%,126.92%,38.25%,39.08%,129.39%,121.30%,37.52%,29.35%,39.68%,38.74%,37.70%,39.02%,37.35%,171.5,0.77,M1
26,7-2,85449,20248,52921,73169,61768,11401,300,53069,219,19581,52010,19794,100.00%,23.70%,61.93%,85.63%,72.29%,13.34%,0.35%,62.11%,0.26%,22.92%,60.87%,23.16%,100.00%,27.67%,72.33%,85.63%,84.42%,15.58%,0.41%,72.53%,0.30%,26.76%,71.08%,27.05%,3952.9,97.1,5313.0,3869.6,4558.6,137.1,513.2,5298.7,36.2,90.8,5293.3,98.1,469.8,1137.6,84.6,376.0,156.5,1565.5,687.8,84.1,45.7,1166.0,89.3,1104.1,24.1,45.6,9.9,19.8,13.2,55.4,32.2,9.9,16.8,46.4,10.0,44.4,89.7,7.6,119.9,88.8,103.8,7.9,15.6,119.6,7.5,7.4,119.5,7.6,70.99%,38.52%,48.22%,68.08%,55.47%,31.96%,34.38%,48.30%,49.79%,37.36%,47.08%,38.00%,67.37%,36.13%,32.34%,61.31%,39.88%,35.43%,28.53%,32.43%,36.58%,35.58%,32.30%,35.13%,173.5,0.8,M4
27,7-3,100000,45574,43054,88628,67016,21612,666,45139,2023,40800,43206,42227,100.00%,45.57%,43.05%,88.63%,67.02%,21.61%,0.67%,45.14%,2.02%,40.80%,43.21%,42.23%,100.00%,51.42%,48.58%,88.63%,75.61%,24.39%,0.75%,50.93%,2.28%,46.04%,48.75%,47.65%,1273.8,106.1,2419.8,1230.1,1595.4,97.1,404.2,2336.8,38.3,78.2,2390.3,82.6,679.3,1052.8,108.7,594.2,237.0,1701.8,548.0,106.1,4.5,1164.1,113.0,1070.9,31.8,44.4,11.2,28.3,17.2,62.5,27.5,11.3,12.4,47.9,11.4,44.7,33.9,8.5,60.2,33.6,42.0,7.6,14.0,58.5,7.6,7.7,59.8,7.7,87.51%,56.09%,48.26%,86.54%,63.92%,37.11%,46.67%,48.53%,55.33%,48.61%,46.94%,51.03%,116.74%,39.17%,29.70%,117.21%,80.31%,36.73%,33.15%,31.48%,40.13%,37.45%,30.30%,36.82%,175.5,0.89,M5
28,7-4,100000,33110,54073,87183,72200,14983,919,54619,1307,30338,52120,32038,100.00%,33.11%,54.07%,87.18%,72.20%,14.98%,0.92%,54.62%,1.31%,30.34%,52.12%,32.04%,100.00%,37.98%,62.02%,87.18%,82.81%,17.19%,1.05%,62.65%,1.50%,34.80%,59.78%,36.75%,1344.5,104.5,2082.2,1331.1,1581.7,123.6,448.5,2061.8,46.5,97.7,2109.3,104.7,528.6,1008.3,115.1,454.3,209.2,1635.7,624.4,108.5,13.5,1090.8,115.4,990.7,27.2,45.8,11.7,24.6,16.4,64.4,32.2,11.5,13.8,48.5,11.6,44.8,35.8,8.1,52.4,35.6,41.3,8.0,15.0,52.0,7.8,8.0,53.1,8.1,76.82%,50.63%,48.69%,75.43%,60.21%,35.23%,45.24%,48.60%,56.82%,45.91%,46.91%,48.84%,94.91%,36.13%,29.88%,94.80%,51.07%,35.43%,33.20%,30.26%,38.22%,35.50%,29.15%,35.29%,177.5,0.92,M7
29,7-5,100000,37188,50293,87481,67663,19818,716,50634,837,35294,48922,35344,100.00%,37.19%,50.29%,87.48%,67.66%,19.82%,0.72%,50.63%,0.84%,35.29%,48.92%,35.34%,100.00%,42.51%,57.49%,87.48%,77.35%,22.65%,0.82%,57.88%,0.96%,40.34%,55.92%,40.40%,2110.7,96.9,3342.0,1962.5,2490.2,161.0,482.3,3319.2,41.0,91.7,3351.9,93.6,591.9,1098.3,117.5,534.4,223.3,1596.6,775.5,111.8,18.5,1148.1,123.0,1118.1,28.3,45.9,12.8,26.9,17.9,57.5,40.2,12.6,20.1,47.2,12.8,46.2,51.9,8.2,82.4,50.9,63.1,9.1,16.9,81.9,8.2,8.1,82.6,7.9,85.13%,42.16%,53.24%,84.37%,66.02%,36.28%,40.19%,53.31%,50.03%,40.72%,51.09%,41.11%,118.02%,38.16%,36.31%,118.08%,63.66%,37.67%,30.50%,36.63%,35.71%,37.72%,36.23%,36.49%,179.5,0.86,pECJ3
30,8-1,100000,35797,34060,69857,56735,13122,3519,35433,901,30004,33691,35156,100.00%,35.80%,34.06%,69.86%,56.73%,13.12%,3.52%,35.43%,0.90%,30.00%,33.69%,35.16%,100.00%,51.24%,48.76%,69.86%,81.22%,18.78%,5.04%,50.72%,1.29%,42.95%,48.23%,50.33%,1742.8,183.6,3021.6,1567.3,1840.0,388.5,401.1,2913.5,70.0,159.3,3020.6,183.8,652.3,892.3,245.9,577.1,347.9,1568.4,631.1,235.3,23.0,991.1,243.7,845.2,32.7,41.2,17.3,29.5,22.4,60.2,31.9,17.2,17.2,44.2,17.1,39.1,50.4,11.1,84.8,47.0,54.4,15.1,15.1,82.0,10.0,10.5,84.7,11.0,63.28%,43.93%,47.07%,61.46%,53.53%,37.43%,37.18%,46.94%,48.58%,41.33%,46.43%,43.23%,112.23%,34.93%,38.90%,111.41%,109.55%,35.13%,26.26%,40.65%,37.54%,34.02%,38.81%,34.41%,201.5,1.0,M1
31,8-2,200000,39695,102050,141745,114098,27647,2388,102320,301,36736,101314,39289,100.00%,19.85%,51.02%,70.87%,57.05%,13.82%,1.19%,51.16%,0.15%,18.37%,50.66%,19.64%,100.00%,28.00%,72.00%,70.87%,80.50%,19.50%,1.68%,72.19%,0.21%,25.92%,71.48%,27.72%,2717.8,178.6,3530.5,2591.9,3020.4,823.3,492.8,3520.0,50.3,164.0,3529.0,181.5,728.9,1209.7,322.8,571.2,335.3,1544.8,856.4,318.2,16.3,1262.0,321.0,1178.1,31.2,48.6,18.8,27.2,20.3,55.5,37.9,18.7,17.7,50.1,18.7,47.3,75.7,10.6,95.4,71.6,83.1,24.4,17.2,95.1,9.7,10.3,95.3,10.7,60.21%,39.31%,45.24%,57.97%,47.74%,34.86%,38.70%,45.19%,50.24%,37.96%,44.87%,39.02%,71.79%,34.40%,33.43%,64.73%,40.09%,38.58%,28.96%,33.53%,37.12%,33.65%,33.36%,34.04%,203.5,1.02,M4
32,8-3,100000,36986,37444,74430,39890,34540,5918,35193,933,32386,38271,34650,100.00%,36.99%,37.44%,74.43%,39.89%,34.54%,5.92%,35.19%,0.93%,32.39%,38.27%,34.65%,100.00%,49.69%,50.31%,74.43%,53.59%,46.41%,7.95%,47.28%,1.25%,43.51%,51.42%,46.55%,984.4,190.8,1779.7,990.1,1159.1,795.0,1032.2,1762.6,51.7,170.1,1746.1,185.2,1075.8,1397.7,720.4,1057.0,486.9,1715.3,1142.2,621.4,-48.4,1546.5,711.6,1450.5,49.2,60.1,33.9,46.9,29.7,66.7,45.1,31.3,12.9,65.1,33.8,61.6,34.3,11.9,54.4,33.3,39.6,26.1,33.5,54.1,9.5,11.4,53.8,11.6,56.35%,54.43%,43.34%,55.29%,42.69%,41.98%,37.17%,43.46%,62.17%,48.36%,43.06%,50.81%,95.25%,35.91%,30.27%,95.68%,67.09%,56.56%,61.17%,31.25%,40.35%,34.68%,31.17%,34.47%,205.5,1.14,M5
33,8-4,100000,32287,47867,80154,37567,42587,13900,37386,421,28447,49425,29810,100.00%,32.29%,47.87%,80.15%,37.57%,42.59%,13.90%,37.39%,0.42%,28.45%,49.42%,29.81%,100.00%,40.28%,59.72%,80.15%,46.87%,53.13%,17.34%,46.64%,0.53%,35.49%,61.66%,37.19%,1022.4,204.6,1540.1,1002.2,1094.9,920.4,1218.2,1563.1,53.0,173.5,1505.6,187.3,1219.7,1595.1,876.5,1165.9,538.5,1719.4,1281.6,692.8,-34.1,1748.9,863.1,1647.3,53.0,67.8,39.8,51.0,32.3,67.6,50.9,34.8,13.9,73.0,39.6,69.1,36.7,13.3,51.2,36.0,41.1,31.4,41.4,52.3,10.0,12.2,50.5,12.4,50.66%,52.73%,40.66%,49.57%,38.10%,40.19%,31.83%,39.23%,64.33%,46.90%,40.58%,48.50%,80.33%,37.20%,28.90%,80.27%,43.73%,91.77%,31.05%,29.59%,39.37%,34.85%,29.86%,34.75%,207.5,1.12,M7
34,8-5,100000,35377,46205,81582,47214,34368,1993,45702,111,33776,46359,34864,100.00%,35.38%,46.20%,81.58%,47.21%,34.37%,1.99%,45.70%,0.11%,33.78%,46.36%,34.86%,100.00%,43.36%,56.64%,81.58%,57.87%,42.13%,2.44%,56.02%,0.14%,41.40%,56.83%,42.73%,1506.3,174.3,2293.6,1374.6,1677.4,958.5,805.0,2297.2,51.1,164.1,2278.7,175.0,1085.8,1405.3,628.2,965.2,509.5,1591.2,1078.4,608.6,13.3,1444.2,623.6,1400.4,45.2,60.2,30.9,43.6,29.8,62.5,47.9,30.3,18.3,61.4,30.8,59.8,47.9,12.1,72.9,46.5,57.3,31.7,30.3,73.0,10.9,11.8,72.5,12.0,52.05%,41.07%,40.50%,51.35%,39.39%,37.85%,37.04%,40.17%,53.76%,40.08%,40.37%,40.65%,102.71%,35.59%,35.18%,102.50%,48.87%,51.27%,54.13%,35.16%,35.79%,34.86%,35.36%,35.07%,209.5,1.09,pECJ3
35,9-1,100000,39909,38515,78424,57118,21306,3805,39377,608,34634,38751,39429,100.00%,39.91%,38.51%,78.42%,57.12%,21.31%,3.80%,39.38%,0.61%,34.63%,38.75%,39.43%,100.00%,50.89%,49.11%,78.42%,72.83%,27.17%,4.85%,50.21%,0.78%,44.16%,49.41%,50.28%,1312.5,194.4,2190.0,1174.5,1278.8,894.8,482.2,2138.3,77.7,174.0,2170.3,198.2,820.1,945.1,527.7,740.1,474.6,1452.0,670.7,502.6,31.7,1030.3,522.6,917.1,41.5,48.9,30.4,39.8,31.1,63.0,38.2,29.7,18.6,51.8,30.3,47.5,45.8,13.4,75.5,43.9,48.4,31.9,21.8,73.9,11.6,12.8,75.0,13.4,49.13%,44.06%,43.90%,48.31%,41.93%,35.65%,38.93%,43.87%,47.79%,41.64%,43.69%,43.42%,101.32%,34.86%,37.91%,101.28%,97.07%,46.86%,31.47%,39.14%,35.50%,33.72%,38.25%,34.43%,231.5,1.15,M1
36,9-2,100000,21674,55635,77309,44240,33069,2980,53795,112,20422,55614,21571,100.00%,21.67%,55.63%,77.31%,44.24%,33.07%,2.98%,53.79%,0.11%,20.42%,55.61%,21.57%,100.00%,28.04%,71.96%,77.31%,57.22%,42.78%,3.85%,69.58%,0.14%,26.42%,71.94%,27.90%,1952.3,185.2,2426.9,1798.4,1811.8,1780.5,1196.9,2452.2,70.7,173.5,2421.3,192.6,1005.8,1300.2,800.4,940.5,557.6,1452.8,1239.4,772.1,43.6,1345.6,797.4,1270.5,50.4,64.9,42.3,48.7,36.8,64.5,58.2,41.4,20.8,66.5,42.2,63.6,66.3,13.2,83.6,63.9,67.9,58.5,45.1,84.4,12.1,12.8,83.5,13.3,44.74%,40.46%,40.23%,43.67%,37.70%,34.41%,34.88%,39.81%,51.35%,39.10%,40.16%,40.12%,70.05%,35.55%,34.92%,66.96%,42.89%,109.48%,56.27%,34.66%,31.80%,34.82%,34.94%,35.26%,233.5,1.22,M4
37,9-3,100000,42195,34857,77052,32755,44297,21599,19225,1012,35216,37725,34008,100.00%,42.20%,34.86%,77.05%,32.75%,44.30%,21.60%,19.22%,1.01%,35.22%,37.72%,34.01%,100.00%,54.76%,45.24%,77.05%,42.51%,57.49%,28.03%,24.95%,1.31%,45.70%,48.96%,44.14%,733.7,203.0,1318.8,707.8,681.6,727.1,1117.4,1282.4,64.3,161.3,1249.3,180.6,1273.7,1316.4,1072.3,1206.0,533.6,1703.2,1319.4,616.9,-19.2,1493.3,1034.9,1336.8,63.7,67.2,54.4,61.4,37.7,79.0,62.1,39.6,14.2,74.3,53.7,66.7,30.6,14.2,48.3,29.6,30.7,28.8,41.7,48.4,10.7,12.5,46.9,12.8,52.06%,57.68%,43.12%,50.84%,43.71%,38.06%,36.31%,46.23%,58.07%,51.17%,43.12%,50.95%,85.07%,39.04%,29.35%,84.89%,78.19%,84.42%,32.56%,34.14%,39.45%,35.16%,30.92%,32.23%,235.5,1.32,M5
38,9-4,100000,36252,43920,80172,35184,44988,27079,23989,520,28584,49433,29850,100.00%,36.25%,43.92%,80.17%,35.18%,44.99%,27.08%,23.99%,0.52%,28.58%,49.43%,29.85%,100.00%,45.22%,54.78%,80.17%,43.89%,56.11%,33.78%,29.92%,0.65%,35.65%,61.66%,37.23%,827.4,235.8,1260.9,797.4,793.6,800.4,1073.1,1252.9,62.5,167.4,1174.5,183.5,1225.0,1334.2,1022.5,1163.4,559.6,1635.7,1262.7,621.8,-2.5,1545.2,978.6,1483.1,62.1,69.1,52.6,60.0,39.3,76.2,60.2,40.2,14.8,77.4,51.7,74.3,33.5,15.7,46.7,32.6,34.8,30.9,40.5,47.8,10.7,12.9,44.7,13.0,48.69%,55.19%,41.06%,47.79%,40.62%,37.39%,34.60%,42.79%,52.00%,48.88%,41.60%,49.35%,73.73%,41.98%,27.96%,73.59%,54.11%,82.73%,29.58%,31.17%,37.51%,34.74%,30.00%,34.83%,237.5,1.28,M7
39,9-5,100000,36557,46952,83509,46007,37502,6211,42964,243,34091,47592,34990,100.00%,36.56%,46.95%,83.51%,46.01%,37.50%,6.21%,42.96%,0.24%,34.09%,47.59%,34.99%,100.00%,43.78%,56.22%,83.51%,55.09%,44.91%,7.44%,51.45%,0.29%,40.82%,56.99%,41.90%,1216.1,172.3,1845.3,1112.9,1187.1,1021.9,1138.4,1875.0,66.6,155.3,1823.6,162.1,1067.7,1264.8,778.6,991.4,552.7,1529.6,1162.7,707.6,23.4,1324.8,768.6,1282.8,54.7,66.5,43.0,53.3,38.8,71.0,56.4,40.8,21.9,68.7,42.6,66.7,44.9,13.5,67.0,43.5,48.6,37.3,44.3,68.1,11.8,12.7,66.4,12.8,45.39%,42.40%,39.56%,44.72%,37.22%,35.97%,32.65%,39.31%,51.55%,40.93%,39.44%,41.20%,95.81%,36.11%,34.31%,95.47%,61.69%,74.25%,37.38%,34.79%,34.94%,34.83%,34.78%,34.71%,239.5,1.22,pECJ3
40,10-1,100000,42044,38851,80895,56926,23969,5143,39219,626,35907,37734,40851,100.00%,42.04%,38.85%,80.90%,56.93%,23.97%,5.14%,39.22%,0.63%,35.91%,37.73%,40.85%,100.00%,51.97%,48.03%,80.90%,70.37%,29.63%,6.36%,48.48%,0.77%,44.39%,46.65%,50.50%,1220.0,202.3,1965.8,1049.3,1109.8,905.6,580.9,1924.3,75.8,177.5,1985.8,199.0,927.6,946.3,588.8,774.6,496.2,1435.8,734.5,552.5,33.4,1035.8,596.2,942.7,43.6,49.7,33.4,41.8,32.9,63.2,40.0,32.3,19.7,52.9,33.9,49.1,41.8,13.7,68.5,40.0,43.3,32.2,24.7,67.3,11.9,12.9,69.4,13.4,45.92%,43.33%,41.99%,45.48%,39.70%,34.63%,38.60%,42.23%,49.24%,40.67%,40.83%,42.52%,97.00%,34.23%,36.51%,96.15%,92.37%,49.87%,37.54%,37.74%,33.96%,33.00%,35.72%,33.31%,265.5,1.38,M1
41,10-2,100000,23538,60277,83815,31071,52744,11633,49776,44,22362,59833,23201,100.00%,23.54%,60.28%,83.82%,31.07%,52.74%,11.63%,49.78%,0.04%,22.36%,59.83%,23.20%,100.00%,28.08%,71.92%,83.82%,37.07%,62.93%,13.88%,59.39%,0.05%,26.68%,71.39%,27.68%,1773.9,209.6,2173.6,1622.0,1521.8,1681.1,1553.9,2279.2,51.1,197.7,2172.5,209.1,1360.6,1548.2,1089.7,1218.5,621.1,1570.4,1512.7,982.1,-5.3,1594.0,1080.4,1532.3,58.5,70.6,51.1,56.6,39.5,66.7,64.9,47.7,19.1,72.2,50.7,69.6,61.8,14.5,78.2,60.3,62.4,59.1,58.2,81.6,13.2,14.1,78.2,14.3,40.83%,39.13%,37.64%,40.10%,34.06%,32.99%,29.67%,36.65%,53.10%,38.02%,37.40%,38.78%,63.65%,33.46%,32.34%,60.97%,38.76%,90.23%,29.56%,32.32%,34.47%,32.71%,32.23%,32.98%,267.5,1.46,M4
42,10-3,100000,48296,34169,82465,32350,50115,31061,13091,1064,37249,39791,44417,100.00%,48.30%,34.17%,82.46%,32.35%,50.12%,31.06%,13.09%,1.06%,37.25%,39.79%,44.42%,100.00%,58.57%,41.43%,82.46%,39.23%,60.77%,37.67%,15.87%,1.29%,45.17%,48.25%,53.86%,632.8,235.3,1160.2,618.5,546.1,665.2,988.1,1072.5,70.0,166.4,1061.7,231.7,1306.3,1273.9,1225.7,1253.9,547.1,1710.2,1329.6,540.6,-4.9,1477.5,1129.4,1355.0,70.5,70.7,63.9,67.9,41.6,84.9,68.1,39.9,15.9,79.1,61.4,72.8,30.2,17.2,47.1,29.6,29.4,29.7,41.5,46.6,12.3,14.2,45.1,15.8,49.06%,54.81%,40.15%,48.16%,41.97%,36.28%,36.02%,46.88%,54.98%,50.22%,39.99%,50.78%,75.57%,41.71%,26.08%,75.72%,70.60%,78.99%,28.69%,33.28%,38.45%,34.31%,27.30%,38.37%,269.5,1.62,M5
43,10-4,100000,41973,40730,82703,30543,52160,38845,13965,584,29309,46477,37889,100.00%,41.97%,40.73%,82.70%,30.54%,52.16%,38.84%,13.97%,0.58%,29.31%,46.48%,37.89%,100.00%,50.75%,49.25%,82.70%,36.93%,63.07%,46.97%,16.89%,0.71%,35.44%,56.20%,45.81%,705.4,278.0,1128.2,696.7,633.0,734.0,966.8,1068.9,70.0,173.9,1039.5,278.7,1358.0,1319.9,1221.7,1271.5,574.8,1679.5,1309.2,558.1,-2.2,1586.9,1111.9,1432.9,68.1,70.8,61.4,66.1,41.6,80.5,65.2,39.2,15.4,81.3,58.5,73.1,32.3,18.8,45.1,31.7,32.4,31.4,40.2,45.9,12.4,14.3,43.7,16.8,45.89%,51.85%,39.05%,45.11%,38.98%,35.32%,34.47%,43.39%,49.21%,47.96%,38.33%,47.24%,65.12%,47.86%,25.29%,64.76%,54.63%,69.96%,27.57%,30.51%,37.23%,34.24%,25.57%,42.43%,271.5,1.62,M7
44,10-5,100000,37109,47158,84267,29482,54785,16540,33128,71,34528,46018,36201,100.00%,37.11%,47.16%,84.27%,29.48%,54.79%,16.54%,33.13%,0.07%,34.53%,46.02%,36.20%,100.00%,44.04%,55.96%,84.27%,34.99%,65.01%,19.63%,39.31%,0.08%,40.97%,54.61%,42.96%,1194.5,222.2,1760.4,1083.0,1066.5,1091.9,1344.8,1871.1,45.2,203.6,1767.6,218.4,1443.8,1565.5,1082.1,1295.0,624.8,1655.6,1381.1,901.1,17.0,1634.2,1066.7,1573.9,58.6,67.9,48.2,56.8,37.3,67.4,57.6,42.7,18.0,70.2,47.7,67.6,41.9,14.6,62.1,41.2,44.4,39.4,49.0,65.8,11.4,13.8,62.6,14.1,42.66%,41.79%,38.33%,42.07%,33.90%,34.70%,32.30%,37.63%,56.47%,40.45%,37.80%,41.12%,89.47%,33.58%,33.30%,88.82%,53.08%,93.90%,32.09%,34.41%,37.17%,32.21%,32.61%,32.72%,273.5,1.44,pECJ3
45,11-1,100000,42494,39347,81841,38427,43414,8960,34638,188,38055,30303,37911,100.00%,42.49%,39.35%,81.84%,38.43%,43.41%,8.96%,34.64%,0.19%,38.05%,30.30%,37.91%,100.00%,51.92%,48.08%,81.84%,46.95%,53.05%,10.95%,42.32%,0.23%,46.50%,37.03%,46.32%,1168.3,232.3,1907.5,1037.7,1028.0,1046.3,1061.4,1944.5,72.1,211.5,1696.6,228.0,1226.5,1279.9,909.3,1101.7,590.0,1554.6,1155.4,814.8,14.8,1355.6,877.9,1279.9,47.5,53.1,39.1,46.4,32.2,59.0,47.3,36.1,14.7,55.6,37.8,52.5,40.4,14.6,65.9,39.3,41.4,37.4,39.8,67.1,12.1,14.0,58.8,14.1,42.89%,41.61%,40.03%,42.23%,34.79%,33.22%,37.87%,39.08%,39.97%,39.47%,35.69%,38.97%,92.10%,32.25%,35.39%,90.70%,82.78%,66.70%,63.05%,36.30%,39.49%,31.26%,27.88%,29.31%,295.5,1.5,M1
46,11-2,100000,23493,58597,82090,21177,60913,37430,24355,23,20282,46418,22971,100.00%,23.49%,58.60%,82.09%,21.18%,60.91%,37.43%,24.36%,0.02%,20.28%,46.42%,22.97%,100.00%,28.62%,71.38%,82.09%,25.80%,74.20%,45.60%,29.67%,0.03%,24.71%,56.55%,27.98%,1608.2,207.2,1955.3,1455.0,1251.4,1525.8,1667.2,2195.7,0.7,175.6,1745.2,204.2,1601.2,1677.1,1318.3,1421.0,642.1,1691.8,1554.6,922.5,-43.8,1774.8,1282.4,1687.1,62.7,71.6,56.4,60.7,38.5,68.5,64.1,43.6,14.3,75.3,55.0,71.6,57.2,14.9,71.8,55.5,54.9,55.8,61.6,81.0,10.2,13.8,64.6,14.5,39.81%,39.49%,37.14%,39.02%,32.46%,32.83%,31.32%,35.28%,39.51%,37.98%,33.00%,38.91%,63.93%,34.07%,32.35%,62.08%,40.61%,74.93%,32.39%,35.57%,36.95%,32.44%,25.84%,33.33%,297.5,1.6,M4
47,11-3,100000,50489,28488,78977,33045,45932,31185,10756,1325,35711,29077,33003,100.00%,50.49%,28.49%,78.98%,33.04%,45.93%,31.19%,10.76%,1.32%,35.71%,29.08%,33.00%,100.00%,63.93%,36.07%,78.98%,41.84%,58.16%,39.49%,13.62%,1.68%,45.22%,36.82%,41.79%,552.8,253.7,1080.8,552.0,453.9,622.6,911.0,856.3,69.8,164.8,928.8,186.7,1343.6,1204.5,1381.8,1268.4,509.6,1814.4,1401.5,409.4,-7.8,1458.3,1117.1,1302.2,68.9,66.7,67.5,67.0,40.0,86.4,69.6,34.3,16.1,76.4,58.9,69.1,28.3,18.0,43.9,27.3,25.6,28.6,38.8,39.0,12.0,14.3,40.4,14.4,52.17%,55.89%,43.03%,50.82%,43.09%,35.95%,37.81%,48.71%,52.78%,51.23%,37.66%,50.78%,69.70%,45.64%,26.36%,69.99%,64.79%,73.25%,30.56%,35.93%,37.61%,35.26%,23.41%,30.05%,299.5,1.78,M5
48,11-4,100000,44183,34531,78714,21261,57453,42309,6297,486,29622,41385,26730,100.00%,44.18%,34.53%,78.71%,21.26%,57.45%,42.31%,6.30%,0.49%,29.62%,41.39%,26.73%,100.00%,56.13%,43.87%,78.71%,27.01%,72.99%,53.75%,8.00%,0.62%,37.63%,52.58%,33.96%,648.4,300.2,1063.1,634.9,524.9,675.6,908.5,949.2,68.5,186.6,861.5,249.1,1550.4,1462.1,1556.4,1503.5,585.0,1843.4,1495.3,487.2,-10.6,1756.0,1386.5,1505.0,69.1,68.4,65.0,66.9,36.9,78.0,64.9,30.7,14.3,78.2,61.4,65.8,30.5,19.6,42.4,29.6,28.2,30.0,38.3,41.6,12.1,14.8,36.8,15.6,46.47%,50.04%,39.56%,45.03%,36.57%,35.70%,36.37%,41.43%,47.81%,48.97%,35.29%,38.34%,61.38%,50.95%,25.40%,61.30%,56.45%,62.88%,28.21%,33.12%,34.48%,35.66%,25.45%,34.03%,301.5,1.78,M7
49,11-5,100000,36424,43068,79492,26603,52889,22468,23831,189,33004,34975,26892,100.00%,36.42%,43.07%,79.49%,26.60%,52.89%,22.47%,23.83%,0.19%,33.00%,34.98%,26.89%,100.00%,45.82%,54.18%,79.49%,33.47%,66.53%,28.26%,29.98%,0.24%,41.52%,44.00%,33.83%,1104.5,221.3,1625.0,981.8,843.0,1051.6,1376.1,1706.9,71.5,195.0,1474.1,202.0,1536.8,1516.5,1215.2,1353.2,598.0,1733.1,1490.1,867.9,26.5,1618.1,1144.6,1590.1,61.3,67.7,53.2,59.8,38.7,70.4,61.5,43.0,18.2,71.0,50.7,68.9,39.4,15.0,57.7,38.1,37.0,38.7,49.8,60.9,12.1,13.9,52.9,13.5,42.52%,43.51%,39.22%,41.88%,34.73%,34.75%,33.33%,37.76%,48.42%,41.24%,34.83%,36.97%,86.35%,34.92%,33.55%,85.71%,68.68%,90.80%,34.08%,36.38%,39.93%,32.86%,27.45%,27.37%,303.5,1.58,pECJ3
50,12-1,100000,37613,29877,67490,24068,43422,15660,17217,223,34390,24701,30068,100.00%,37.61%,29.88%,67.49%,24.07%,43.42%,15.66%,17.22%,0.22%,34.39%,24.70%,30.07%,100.00%,55.73%,44.27%,67.49%,35.66%,64.34%,23.20%,25.51%,0.33%,50.96%,36.60%,44.55%,1054.4,197.8,1714.4,869.2,685.4,971.1,1325.2,1853.2,64.6,174.2,1602.0,188.6,1592.9,1313.5,1224.4,1274.1,614.4,1639.7,1431.9,929.5,26.2,1382.7,1183.2,1272.7,59.3,59.2,52.7,56.3,37.8,66.5,58.9,44.3,17.9,61.4,51.2,56.6,36.8,14.2,60.0,34.5,31.9,35.9,47.8,65.0,13.1,13.3,56.7,13.3,42.60%,41.62%,38.88%,40.53%,34.45%,33.11%,34.95%,40.24%,43.57%,40.11%,34.91%,36.88%,89.85%,35.24%,35.69%,86.65%,81.84%,87.05%,35.23%,39.45%,39.66%,33.59%,30.06%,29.42%,360.0,1.78,M1
51,12-2,100000,21362,46753,68115,14354,53761,32124,16546,86,19359,38694,15683,100.00%,21.36%,46.75%,68.12%,14.35%,53.76%,32.12%,16.55%,0.09%,19.36%,38.69%,15.68%,100.00%,31.36%,68.64%,68.12%,21.07%,78.93%,47.16%,24.29%,0.13%,28.42%,56.81%,23.02%,1364.8,199.8,1683.7,1218.3,936.3,1293.7,1462.8,1982.7,25.5,164.8,1563.4,163.7,1703.4,1603.8,1498.7,1531.7,659.8,1764.4,1688.9,1049.2,-39.7,1690.0,1501.4,1666.5,75.3,75.9,68.3,70.7,44.9,77.6,74.1,54.9,17.0,78.7,69.3,75.4,51.1,15.2,62.8,47.9,44.5,48.8,55.1,74.3,13.5,13.6,59.4,12.7,40.67%,40.19%,36.93%,38.08%,33.65%,33.31%,33.15%,38.80%,54.44%,38.91%,30.56%,35.57%,68.62%,38.05%,32.49%,65.34%,52.41%,69.82%,30.29%,36.38%,52.04%,34.92%,27.37%,28.74%,362.0,2.2,M4
52,12-3,100000,53580,22882,76462,19615,56847,33160,3539,1063,38700,32277,33315,100.00%,53.58%,22.88%,76.46%,19.62%,56.85%,33.16%,3.54%,1.06%,38.70%,32.28%,33.31%,100.00%,70.07%,29.93%,76.46%,25.65%,74.35%,43.37%,4.63%,1.39%,50.61%,42.21%,43.57%,504.5,265.3,1028.7,493.7,346.7,544.5,847.0,794.0,62.7,175.5,760.6,235.3,1640.4,1475.4,1866.3,1592.4,540.1,1955.4,1661.1,364.5,-21.6,1690.1,1637.9,1471.9,81.1,74.9,83.1,77.4,39.3,90.5,78.2,30.8,14.4,82.7,79.3,71.6,26.4,18.5,41.3,25.3,22.4,26.3,36.7,37.9,12.1,14.8,34.4,15.9,49.63%,51.84%,39.37%,48.04%,43.62%,37.01%,38.91%,57.42%,51.04%,50.46%,34.16%,42.26%,66.13%,49.55%,26.51%,66.13%,57.68%,67.00%,28.41%,48.01%,40.41%,37.65%,26.39%,34.32%,364.0,2.26,M5
53,12-4,100000,52016,27522,79538,16235,63303,41499,2957,582,34500,41390,28267,100.00%,52.02%,27.52%,79.54%,16.23%,63.30%,41.50%,2.96%,0.58%,34.50%,41.39%,28.27%,100.00%,65.40%,34.60%,79.54%,20.41%,79.59%,52.18%,3.72%,0.73%,43.38%,52.04%,35.54%,564.2,303.9,1001.6,545.3,393.9,584.2,829.1,827.6,59.3,187.9,760.5,241.3,1771.8,1579.4,1950.3,1707.8,576.3,1997.9,1715.7,398.6,-15.3,1839.4,1700.7,1806.3,83.3,78.5,83.9,80.3,41.3,90.4,78.7,32.3,15.0,87.6,79.8,84.5,27.7,20.0,39.7,26.8,24.5,27.4,35.7,39.3,11.9,15.3,34.0,15.9,45.23%,47.30%,38.25%,44.18%,40.03%,35.96%,37.54%,50.77%,54.38%,47.67%,33.58%,38.90%,59.51%,55.88%,25.16%,59.44%,58.17%,58.48%,27.05%,40.55%,38.88%,41.09%,25.75%,35.77%,366.0,2.22,M7
54,12-5,100000,37675,37843,75518,12300,63218,35768,6221,82,33447,32858,27974,100.00%,37.67%,37.84%,75.52%,12.30%,63.22%,35.77%,6.22%,0.08%,33.45%,32.86%,27.97%,100.00%,49.89%,50.11%,75.52%,16.29%,83.71%,47.36%,8.24%,0.11%,44.29%,43.51%,37.04%,1007.5,223.3,1480.3,853.2,584.9,905.4,1315.0,1815.8,49.9,182.4,1289.9,197.4,2008.2,1734.1,1751.3,1742.7,667.8,1951.9,1778.8,1006.6,-19.1,1845.3,1639.0,1793.5,75.5,74.4,69.9,72.1,41.5,78.1,71.1,48.6,15.1,77.7,66.6,75.5,35.6,15.3,52.1,33.7,29.8,34.5,47.2,64.9,13.1,13.5,46.7,13.7,40.72%,41.82%,37.35%,39.45%,32.28%,35.14%,35.62%,41.99%,56.35%,40.97%,33.49%,36.99%,82.76%,38.42%,32.56%,81.52%,70.09%,83.60%,32.87%,41.78%,41.05%,34.48%,27.10%,29.50%,368.0,1.86,pECJ3
55,13-1,100000,45600,30911,76511,15239,61272,29671,5260,161,41419,26493,35236,100.00%,45.60%,30.91%,76.51%,15.24%,61.27%,29.67%,5.26%,0.16%,41.42%,26.49%,35.24%,100.00%,59.60%,40.40%,76.51%,19.92%,80.08%,38.78%,6.87%,0.21%,54.13%,34.63%,46.05%,947.3,203.5,1533.1,740.7,436.7,816.3,1362.0,1734.3,64.4,172.0,1337.0,180.5,2206.0,1618.0,1884.0,1725.4,632.6,1997.2,1904.8,947.8,17.4,1702.4,1773.5,1623.9,74.5,69.9,71.6,70.6,41.9,77.7,72.9,46.4,18.7,72.2,69.7,68.5,32.9,14.9,53.3,30.4,24.9,31.8,48.3,63.2,12.5,13.5,48.1,13.4,39.72%,39.29%,37.13%,38.53%,32.26%,33.56%,35.42%,40.67%,53.39%,38.57%,33.07%,35.45%,83.81%,36.50%,33.15%,79.20%,65.38%,83.17%,34.16%,42.82%,33.43%,33.54%,27.54%,28.93%,420.0,2.08,M1
56,13-2,100000,25410,46230,71640,5818,65822,47135,3471,56,20978,33180,17109,100.00%,25.41%,46.23%,71.64%,5.82%,65.82%,47.14%,3.47%,0.06%,20.98%,33.18%,17.11%,100.00%,35.47%,64.53%,71.64%,8.12%,91.88%,65.79%,4.85%,0.08%,29.28%,46.31%,23.88%,1176.9,228.1,1460.3,1023.2,643.7,1056.8,1327.0,2175.2,32.4,152.8,1047.3,187.0,2262.3,1884.9,2130.9,2043.6,682.9,2163.9,2111.2,1170.1,-33.2,2041.9,1902.7,1953.8,93.8,86.2,89.1,88.1,47.7,91.6,89.0,61.2,17.2,90.7,80.5,88.0,43.7,16.5,53.7,40.5,34.1,41.1,49.7,81.5,12.4,13.2,39.8,14.1,39.40%,39.73%,35.68%,37.14%,33.92%,34.60%,34.84%,42.75%,67.84%,39.42%,31.26%,35.92%,64.92%,46.06%,31.53%,63.05%,66.12%,61.87%,31.99%,43.83%,44.93%,37.25%,23.21%,31.11%,422.0,2.3,M4
57,13-3,100000,57217,12395,69612,9252,60360,20033,1076,858,47645,27607,34492,100.00%,57.22%,12.39%,69.61%,9.25%,60.36%,20.03%,1.08%,0.86%,47.64%,27.61%,34.49%,100.00%,82.19%,17.81%,69.61%,13.29%,86.71%,28.78%,1.55%,1.23%,68.44%,39.66%,49.55%,393.3,272.9,957.1,394.7,213.7,422.4,791.5,561.2,56.5,230.2,633.2,244.8,2308.9,2086.8,3175.9,2280.8,495.9,2554.3,2413.9,179.9,-22.4,2313.7,2192.4,2138.6,108.5,97.9,123.7,102.5,35.7,112.8,102.4,21.1,13.8,106.0,99.5,95.6,24.3,19.2,38.9,22.7,17.8,23.4,35.3,29.7,12.0,17.4,31.7,16.5,50.22%,48.85%,39.37%,47.53%,48.90%,39.52%,41.54%,54.53%,53.71%,47.41%,35.59%,38.54%,60.38%,53.34%,26.77%,59.36%,47.06%,59.26%,27.38%,42.82%,38.72%,48.65%,24.08%,37.41%,424.0,2.6,M5
58,13-4,100000,58745,18942,77687,10024,67663,31336,1206,556,44589,37952,35616,100.00%,58.75%,18.94%,77.69%,10.02%,67.66%,31.34%,1.21%,0.56%,44.59%,37.95%,35.62%,100.00%,75.62%,24.38%,77.69%,12.90%,87.10%,40.34%,1.55%,0.72%,57.40%,48.85%,45.85%,478.7,318.7,959.8,475.1,284.6,503.3,789.0,744.1,60.6,252.3,667.8,292.8,2146.0,1907.8,2750.4,2113.3,549.7,2344.9,2187.1,254.7,-15.0,2138.2,2018.3,2022.6,108.0,99.4,119.7,104.3,44.1,113.3,104.6,27.8,14.8,107.4,100.0,97.6,25.8,20.6,37.6,24.7,20.8,25.3,34.3,36.9,12.3,17.8,31.8,17.3,44.94%,45.17%,37.10%,43.54%,48.47%,37.24%,38.91%,62.56%,56.91%,44.83%,34.05%,36.68%,53.89%,51.74%,25.38%,53.57%,50.88%,51.88%,25.59%,47.53%,39.36%,47.43%,23.67%,37.97%,426.0,2.5,M7
59,13-5,100000,42290,32246,74536,4654,69882,37792,745,67,35932,32672,29956,100.00%,42.29%,32.25%,74.54%,4.65%,69.88%,37.79%,0.74%,0.07%,35.93%,32.67%,29.96%,100.00%,56.74%,43.26%,74.54%,6.24%,93.76%,50.70%,1.00%,0.09%,48.21%,43.83%,40.19%,862.1,232.9,1319.1,702.8,357.0,725.9,1180.9,2084.8,30.4,172.6,947.6,212.2,2785.0,2164.9,2693.5,2393.6,683.4,2507.4,2492.8,1100.3,-22.5,2320.5,2229.1,2150.4,101.7,92.1,100.6,95.8,45.2,99.1,96.2,53.6,15.8,96.4,88.3,90.1,31.8,16.3,46.9,29.6,22.9,30.0,43.7,76.3,11.9,13.8,36.7,14.6,40.66%,39.97%,36.57%,38.79%,31.82%,36.40%,36.83%,49.38%,74.87%,40.32%,32.81%,35.81%,77.92%,44.46%,31.12%,76.56%,60.03%,76.86%,31.80%,53.93%,47.75%,37.02%,27.13%,31.79%,428.0,2.22,pECJ3
60,14-1,100000,44866,26338,71204,5963,65241,29326,950,75,40853,24655,34729,100.00%,44.87%,26.34%,71.20%,5.96%,65.24%,29.33%,0.95%,0.08%,40.85%,24.65%,34.73%,100.00%,63.01%,36.99%,71.20%,8.37%,91.63%,41.19%,1.33%,0.11%,57.37%,34.63%,48.77%,933.4,222.3,1446.1,675.0,347.7,704.9,1307.8,2074.2,45.9,189.4,978.2,216.8,3043.9,2077.4,2756.0,2328.4,663.8,2480.5,2603.6,1009.1,2.7,2165.8,2227.5,2056.3,99.7,87.0,100.3,91.9,45.6,96.1,97.2,51.8,17.8,89.1,87.5,85.3,31.1,15.3,49.7,28.0,22.1,28.6,46.2,75.9,12.6,13.9,37.0,14.5,41.70%,38.77%,37.87%,39.17%,32.93%,36.27%,38.14%,49.06%,60.11%,38.54%,33.30%,34.92%,79.14%,37.99%,33.20%,73.05%,51.15%,75.22%,34.38%,51.90%,47.71%,34.74%,28.75%,30.07%,480.0,2.4,M1
61,14-2,100000,31020,44245,75265,1356,73909,49061,510,56,25638,44167,18908,100.00%,31.02%,44.24%,75.27%,1.36%,73.91%,49.06%,0.51%,0.06%,25.64%,44.17%,18.91%,100.00%,41.21%,58.79%,75.27%,1.80%,98.20%,65.18%,0.68%,0.07%,34.06%,58.68%,25.12%,1034.4,265.6,1323.3,887.4,502.8,894.4,1224.3,3263.1,-0.3,197.3,1060.8,169.8,3349.1,2579.1,3254.5,2976.1,637.6,3019.1,3070.1,1410.3,-29.4,2834.0,2859.3,2757.7,135.0,119.4,133.3,127.6,49.1,129.0,128.7,71.0,16.1,126.9,121.6,122.4,39.8,18.7,50.4,37.3,30.4,37.5,47.9,118.9,11.8,15.5,42.8,13.8,37.53%,36.74%,33.96%,35.44%,37.95%,34.68%,34.40%,62.26%,56.34%,37.07%,31.46%,34.24%,60.49%,55.07%,29.44%,59.22%,73.59%,58.31%,29.80%,65.12%,37.85%,43.15%,25.88%,31.81%,482.0,2.68,M4
62,14-3,100000,65309,9538,74847,5899,68948,10443,796,928,62680,35140,35481,100.00%,65.31%,9.54%,74.85%,5.90%,68.95%,10.44%,0.80%,0.93%,62.68%,35.14%,35.48%,100.00%,87.26%,12.74%,74.85%,7.88%,92.12%,13.95%,1.06%,1.24%,83.74%,46.95%,47.40%,356.9,277.6,921.4,359.6,171.8,375.7,833.2,454.1,57.8,284.0,504.0,237.4,3134.8,2890.1,4430.0,3086.3,404.0,3315.8,3214.9,101.4,-27.7,3148.9,3131.0,3357.9,151.1,140.7,184.7,146.3,33.6,155.9,145.1,19.0,13.9,150.1,149.2,155.6,22.9,19.4,38.2,21.8,16.5,22.2,37.0,26.1,12.3,19.3,27.1,16.3,49.22%,48.01%,39.69%,47.70%,60.35%,42.29%,45.72%,57.75%,54.44%,46.02%,35.69%,36.84%,55.32%,50.80%,26.21%,54.82%,42.16%,54.64%,26.56%,40.34%,39.10%,50.71%,26.80%,36.01%,484.0,3.02,M5
63,14-4,100000,65221,10665,75886,3982,71904,8702,548,562,66074,44329,38770,100.00%,65.22%,10.67%,75.89%,3.98%,71.90%,8.70%,0.55%,0.56%,66.07%,44.33%,38.77%,100.00%,85.95%,14.05%,75.89%,5.25%,94.75%,11.47%,0.72%,0.74%,87.07%,58.42%,51.09%,403.4,311.4,924.5,397.6,192.9,408.9,859.3,710.1,60.8,337.1,490.3,287.9,3730.0,3402.1,5407.9,3684.0,425.6,3864.5,3696.5,170.5,-19.7,3743.0,3782.7,3819.3,168.4,156.5,198.9,162.4,35.2,169.5,150.0,21.2,13.9,166.5,167.6,165.0,23.5,20.1,36.1,22.3,16.7,22.6,35.9,34.1,12.2,20.5,25.4,17.2,45.29%,44.14%,36.75%,43.52%,61.48%,40.34%,45.00%,50.75%,48.99%,42.10%,34.06%,35.11%,50.69%,47.82%,25.88%,49.80%,43.34%,48.91%,26.42%,40.09%,36.96%,48.07%,28.07%,35.35%,486.0,2.84,M7
64,14-5,100000,47936,25387,73323,1171,72152,28708,153,38,44424,31304,27633,100.00%,47.94%,25.39%,73.32%,1.17%,72.15%,28.71%,0.15%,0.04%,44.42%,31.30%,27.63%,100.00%,65.38%,34.62%,73.32%,1.60%,98.40%,39.15%,0.21%,0.05%,60.59%,42.69%,37.69%,758.3,246.4,1207.6,579.2,240.6,584.7,1121.6,2468.0,48.8,222.6,847.2,139.7,4209.1,2924.1,4195.3,3364.2,648.1,3408.3,3805.2,1083.3,-14.4,3090.0,3496.4,3124.4,148.2,127.7,154.6,137.0,46.2,138.5,145.2,56.1,17.0,132.1,141.3,128.5,28.8,17.3,43.3,26.3,19.4,26.4,41.8,95.4,12.3,16.1,34.6,12.1,40.82%,37.27%,35.95%,37.95%,35.23%,37.18%,37.72%,75.04%,46.20%,37.69%,29.76%,35.23%,73.80%,51.88%,30.21%,71.77%,48.26%,71.79%,29.54%,64.65%,37.17%,47.36%,26.36%,29.87%,488.0,2.56,pECJ3
65,16-1,85562,38842,14176,53018,517,52501,11520,102,124,41272,18465,22732,100.00%,45.40%,16.57%,61.96%,0.60%,61.36%,13.46%,0.12%,0.14%,48.24%,21.58%,26.57%,100.00%,73.26%,26.74%,61.96%,0.98%,99.02%,21.73%,0.19%,0.23%,77.85%,34.83%,42.88%,738.3,218.1,1263.0,497.5,179.2,500.7,1326.2,3350.9,17.9,260.6,860.4,138.1,7076.8,4359.5,6795.1,5010.8,326.0,5056.9,6521.0,882.0,-64.0,4614.7,5191.2,4658.7,228.8,188.5,249.0,204.7,35.1,206.3,241.9,54.3,19.4,195.2,209.0,189.0,26.8,16.0,44.1,23.5,19.2,23.6,46.1,139.2,15.1,17.0,34.9,11.6,45.70%,37.13%,37.23%,38.80%,63.89%,38.34%,40.84%,71.00%,60.48%,37.18%,33.37%,33.31%,74.05%,45.79%,32.01%,66.63%,50.09%,66.85%,30.42%,81.21%,48.81%,49.25%,27.93%,28.89%,600.0,3.4,M1
66,16-2,100000,42023,33253,75276,218,75058,14147,78,56,60995,45646,16377,100.00%,42.02%,33.25%,75.28%,0.22%,75.06%,14.15%,0.08%,0.06%,61.00%,45.65%,16.38%,100.00%,55.83%,44.17%,75.28%,0.29%,99.71%,18.79%,0.10%,0.07%,81.03%,60.64%,21.76%,788.7,325.1,1114.3,673.7,302.0,674.8,1404.3,6251.6,8.9,497.8,766.7,127.5,8844.1,6585.1,8942.0,7626.2,254.5,7647.7,8995.7,2534.8,-33.3,7322.2,7365.1,7601.4,355.2,310.0,373.9,338.2,32.0,339.1,370.6,115.9,20.8,331.3,324.9,331.8,34.2,21.5,45.3,32.0,24.7,32.1,54.1,223.8,14.9,26.7,34.9,12.3,37.88%,33.71%,33.84%,34.83%,63.41%,34.73%,38.72%,83.14%,63.93%,33.79%,30.68%,33.11%,56.33%,59.75%,28.29%,53.92%,62.23%,53.74%,28.34%,98.29%,57.94%,54.03%,26.47%,30.31%,602.0,3.9,M4
67,16-3,100000,69933,6024,75957,3318,72639,679,628,878,73772,39310,33467,100.00%,69.93%,6.02%,75.96%,3.32%,72.64%,0.68%,0.63%,0.88%,73.77%,39.31%,33.47%,100.00%,92.07%,7.93%,75.96%,4.37%,95.63%,0.89%,0.83%,1.16%,97.12%,51.75%,44.06%,319.3,269.5,910.8,320.3,138.2,328.6,1062.9,456.4,45.4,315.6,417.5,186.2,9819.2,9487.4,14593.5,9892.3,231.7,10333.6,6934.4,46.0,-47.3,10121.7,10689.2,10846.6,452.4,437.5,580.2,448.8,26.8,468.1,287.2,19.4,15.3,459.1,493.4,473.4,21.7,19.3,37.7,20.7,15.7,21.0,45.0,28.3,12.6,20.5,24.4,14.4,46.47%,44.31%,38.98%,44.02%,59.89%,41.14%,122.12%,58.23%,53.71%,42.33%,31.10%,35.29%,49.99%,46.66%,26.24%,49.06%,44.37%,48.76%,52.49%,34.54%,41.15%,48.82%,28.07%,31.47%,604.0,4.4,M5
68,16-4,100000,56721,5421,62142,2013,60129,410,415,473,60844,35107,37745,100.00%,56.72%,5.42%,62.14%,2.01%,60.13%,0.41%,0.41%,0.47%,60.84%,35.11%,37.74%,100.00%,91.28%,8.72%,62.14%,3.24%,96.76%,0.66%,0.67%,0.76%,97.91%,56.49%,60.74%,328.8,293.9,907.8,347.5,147.3,354.2,1030.6,675.5,52.4,342.9,462.0,284.9,9932.7,10633.1,16289.4,11126.5,246.6,11490.8,5908.2,110.4,-62.9,11323.8,11599.8,11284.9,433.4,447.5,575.1,458.6,28.6,473.0,218.2,22.9,17.4,466.6,492.7,448.7,24.2,21.0,36.8,22.4,17.3,22.6,44.2,37.9,14.2,22.2,27.3,18.5,46.90%,40.87%,37.39%,40.84%,53.74%,38.97%,111.17%,49.43%,48.76%,39.70%,31.78%,33.33%,45.72%,42.38%,26.03%,43.69%,40.56%,43.33%,50.82%,34.49%,39.15%,43.45%,25.31%,32.11%,606.0,4.2,M7
69,16-5,100000,47706,13521,61227,173,61054,3128,49,54,57996,31972,26745,100.00%,47.71%,13.52%,61.23%,0.17%,61.05%,3.13%,0.05%,0.05%,58.00%,31.97%,26.75%,100.00%,77.92%,22.08%,61.23%,0.28%,99.72%,5.11%,0.08%,0.09%,94.72%,52.22%,43.68%,527.3,271.2,1051.8,443.6,314.2,443.9,1493.7,3567.5,-6.2,384.7,582.2,177.4,9718.7,7529.5,11469.1,8399.5,214.8,8422.7,11498.1,1422.6,-108.2,8246.2,8293.3,7989.6,453.6,359.9,469.5,384.1,32.9,385.1,468.0,98.3,18.9,380.1,384.6,358.8,29.2,19.7,41.0,24.4,26.4,24.4,53.6,167.2,14.4,22.7,29.2,14.4,45.31%,35.98%,36.49%,37.76%,69.08%,37.67%,43.16%,78.37%,63.25%,37.13%,32.13%,32.98%,61.70%,51.04%,29.02%,58.13%,53.14%,58.12%,27.93%,70.78%,48.00%,56.47%,29.26%,32.24%,608.0,3.7,pECJ3
