,Number,Time,OD600,Sample,Dilution_Factor,Time_h,Tube Name:,Sample ID:,All Events ,V1L Events,V1R Events,P1 Events,H1-UR Events,H1-UL Events,H1-LL Events,H1-LR Events,H2-UR Events,H2-UL Events,H2-LL Events,H2-LR Events,P1 AND NOT(H2-LL) Events,All Events  % Total,V1L % Total,V1R % Total,P1 % Total,H1-UR % Total,H1-UL % Total,H1-LL % Total,H1-LR % Total,H2-UR % Total,H2-UL % Total,H2-LL % Total,H2-LR % Total,P1 AND NOT(H2-LL) % Total,All Events  % Parent,V1L % Parent,V1R % Parent,P1 % Parent,H1-UR % Parent,H1-UL % Parent,H1-LL % Parent,H1-LR % Parent,H2-UR % Parent,H2-UL % Parent,H2-LL % Parent,H2-LR % Parent,P1 AND NOT(H2-LL) % Parent,All Events  Mean FITC-A,V1L Mean FITC-A,V1R Mean FITC-A,P1 Mean FITC-A,H1-UR Mean FITC-A,H1-UL Mean FITC-A,H1-LL Mean FITC-A,H1-LR Mean FITC-A,H2-UR Mean FITC-A,H2-UL Mean FITC-A,H2-LL Mean FITC-A,H2-LR Mean FITC-A,P1 AND NOT(H2-LL) Mean FITC-A,All Events  Mean ECD-A,V1L Mean ECD-A,V1R Mean ECD-A,P1 Mean ECD-A,H1-UR Mean ECD-A,H1-UL Mean ECD-A,H1-LL Mean ECD-A,H1-LR Mean ECD-A,H2-UR Mean ECD-A,H2-UL Mean ECD-A,H2-LL Mean ECD-A,H2-LR Mean ECD-A,P1 AND NOT(H2-LL) Mean ECD-A,All Events  Mean Red-H,V1L Mean Red-H,V1R Mean Red-H,P1 Mean Red-H,H1-UR Mean Red-H,H1-UL Mean Red-H,H1-LL Mean Red-H,H1-LR Mean Red-H,H2-UR Mean Red-H,H2-UL Mean Red-H,H2-LL Mean Red-H,H2-LR Mean Red-H,P1 AND NOT(H2-LL) Mean Red-H,All Events  Mean Green-H,V1L Mean Green-H,V1R Mean Green-H,P1 Mean Green-H,H1-UR Mean Green-H,H1-UL Mean Green-H,H1-LL Mean Green-H,H1-LR Mean Green-H,H2-UR Mean Green-H,H2-UL Mean Green-H,H2-LL Mean Green-H,H2-LR Mean Green-H,P1 AND NOT(H2-LL) Mean Green-H,FCS,Growth Rate
1,1,2020-09-29 10:41:10,0.009000000000000001,pECJ3,,0.0,,,,,,,,,,,,,,,,,,,,,,,,,,,,,,,,,,,,,,,,,,,,,,,,,,,,,,,,,,,,,,,,,,,,,,,,,,,,,,,,,,,,,,,,,,,,,,False,
2,2,2020-09-29 10:42:18,0.01,M5_L5,,0.01888888888888889,,,,,,,,,,,,,,,,,,,,,,,,,,,,,,,,,,,,,,,,,,,,,,,,,,,,,,,,,,,,,,,,,,,,,,,,,,,,,,,,,,,,,,,,,,,,,,False,
3,3,2020-09-29 10:43:10,0.01,M5_L6,,0.03333333333333333,,,,,,,,,,,,,,,,,,,,,,,,,,,,,,,,,,,,,,,,,,,,,,,,,,,,,,,,,,,,,,,,,,,,,,,,,,,,,,,,,,,,,,,,,,,,,,False,
4,4,2020-09-29 10:43:51,0.009000000000000001,M5,,0.04472222222222222,,,,,,,,,,,,,,,,,,,,,,,,,,,,,,,,,,,,,,,,,,,,,,,,,,,,,,,,,,,,,,,,,,,,,,,,,,,,,,,,,,,,,,,,,,,,,,False,
5,5,2020-09-29 11:37:48,0.019,pECJ3,,0.9438888888888889,,,,,,,,,,,,,,,,,,,,,,,,,,,,,,,,,,,,,,,,,,,,,,,,,,,,,,,,,,,,,,,,,,,,,,,,,,,,,,,,,,,,,,,,,,,,,,False,0.7916338571479683
6,6,2020-09-29 11:39:26,0.02,M5_L5,,0.9711111111111111,,,,,,,,,,,,,,,,,,,,,,,,,,,,,,,,,,,,,,,,,,,,,,,,,,,,,,,,,,,,,,,,,,,,,,,,,,,,,,,,,,,,,,,,,,,,,,False,0.727925860564703
7,7,2020-09-29 11:40:14,0.021,M5_L6,,0.9844444444444445,,,,,,,,,,,,,,,,,,,,,,,,,,,,,,,,,,,,,,,,,,,,,,,,,,,,,,,,,,,,,,,,,,,,,,,,,,,,,,,,,,,,,,,,,,,,,,False,0.7800743110472422
8,8,2020-09-29 11:41:11,0.017,M5,,1.0002777777777778,,,,,,,,,,,,,,,,,,,,,,,,,,,,,,,,,,,,,,,,,,,,,,,,,,,,,,,,,,,,,,,,,,,,,,,,,,,,,,,,,,,,,,,,,,,,,,False,0.6655696395906946
9,9,2020-09-29 13:00:56,0.139,pECJ3,,2.3294444444444444,9.0,5.0,98178.0,1280.0,91476.0,92756.0,1.0,91477.0,1277.0,1.0,1.0,91479.0,1276.0,0.0,91480.0,100.00%,1.30%,93.17%,94.48%,0.00%,93.17%,1.30%,0.00%,0.00%,93.18%,1.30%,0.00%,93.18%,100.00%,1.38%,98.62%,94.48%,0.00%,98.62%,1.38%,0.00%,0.00%,98.62%,1.38%,0.00%,93.18%,29370.7,193.9,28661.1,28268.3,44318.2,28660.4,190.6,952.4,44318.2,28659.7,191.3,,28659.9,1209.5,196.3,1185.1,1171.4,24541.1,1184.8,194.2,2367.8,24541.1,1184.8,196.5,,1185.0,23.2,9.6,22.1,22.0,449.3,22.1,9.6,17.8,449.3,22.1,9.6,,22.1,420.8,7.6,404.5,399.0,742.0,404.5,7.6,8.5,742.0,404.5,7.5,,404.5,True,1.4362722201826994
10,10,2020-09-29 13:01:42,0.15,M5_L5,,2.3422222222222224,10.0,,100000.0,506.0,95087.0,95593.0,4.0,95104.0,482.0,3.0,16.0,95087.0,488.0,2.0,95105.0,100.00%,0.51%,95.09%,95.59%,0.00%,95.10%,0.48%,0.00%,0.02%,95.09%,0.49%,0.00%,95.10%,100.00%,0.53%,99.47%,95.59%,0.00%,99.49%,0.50%,0.00%,0.02%,99.47%,0.51%,0.00%,95.10%,25010.8,226.0,24349.7,24222.0,55818.1,24343.2,184.3,438.9,55250.8,24340.6,195.3,407.8,24345.2,1138.7,274.1,1101.1,1096.8,18365.7,1100.3,202.4,10478.3,15092.7,1098.6,218.8,14999.4,1101.3,26.0,12.0,23.9,23.8,276.2,23.9,10.6,219.0,465.0,23.8,10.8,309.6,23.9,378.3,8.5,354.6,352.8,504.3,354.6,7.7,10.8,1219.9,354.4,7.7,11.3,354.6,True,1.469540290508945
11,11,2020-09-29 13:03:45,0.106,M5,,2.376388888888889,11.0,,46012.0,475.0,42497.0,42972.0,4.0,42521.0,442.0,5.0,13.0,42504.0,452.0,3.0,42520.0,100.00%,1.03%,92.36%,93.39%,0.01%,92.41%,0.96%,0.01%,0.03%,92.38%,0.98%,0.01%,92.41%,100.00%,1.11%,98.89%,93.39%,0.01%,98.95%,1.03%,0.01%,0.03%,98.91%,1.05%,0.01%,92.41%,37083.6,235.8,35712.6,35320.4,21724.4,35691.2,173.1,276.8,59087.0,35689.2,191.2,191.6,35693.8,1774.4,233.7,1713.8,1697.4,15583.3,1711.5,165.4,6330.0,18626.4,1707.8,183.7,8450.6,1713.5,37.7,10.8,34.9,34.7,454.9,34.9,9.8,101.6,498.1,34.8,9.8,149.9,34.9,594.1,8.7,554.5,548.5,554.1,554.2,7.7,5.3,1251.6,554.1,7.7,6.1,554.2,True,1.329998526483864
12,12,2020-09-29 13:12:48,0.226,M5_L6,,2.527222222222222,12.0,,100000.0,530.0,95135.0,95665.0,6.0,95173.0,484.0,2.0,13.0,95159.0,493.0,0.0,95172.0,100.00%,0.53%,95.13%,95.67%,0.01%,95.17%,0.48%,0.00%,0.01%,95.16%,0.49%,0.00%,95.17%,100.00%,0.55%,99.45%,95.67%,0.01%,99.49%,0.51%,0.00%,0.01%,99.47%,0.52%,0.00%,95.17%,16841.9,302.5,16397.2,16308.0,31994.4,16389.4,174.8,403.1,58383.7,16385.8,187.2,,16391.5,1024.6,222.4,992.2,988.0,24112.0,990.6,186.9,1614.0,19092.6,989.6,199.9,,992.1,24.4,10.8,22.3,22.3,427.7,22.3,9.9,26.3,556.7,22.2,10.0,,22.3,271.9,10.3,247.7,246.3,466.5,247.6,7.4,6.4,1535.7,247.4,7.5,,247.6,True,1.5400873643456798
13,13,2020-09-29 13:30:20,0.008,pECJ3,,2.8194444444444446,,,,,,,,,,,,,,,,,,,,,,,,,,,,,,,,,,,,,,,,,,,,,,,,,,,,,,,,,,,,,,,,,,,,,,,,,,,,,,,,,,,,,,,,,,,,,,False,-5.8265967172466455
14,14,2020-09-29 13:31:19,0.008,M5_L5,,2.8358333333333334,,,,,,,,,,,,,,,,,,,,,,,,,,,,,,,,,,,,,,,,,,,,,,,,,,,,,,,,,,,,,,,,,,,,,,,,,,,,,,,,,,,,,,,,,,,,,,False,-5.938265339729383
15,15,2020-09-29 13:32:09,0.008,M5_L6,,2.8497222222222223,,,,,,,,,,,,,,,,,,,,,,,,,,,,,,,,,,,,,,,,,,,,,,,,,,,,,,,,,,,,,,,,,,,,,,,,,,,,,,,,,,,,,,,,,,,,,,False,-10.359979713464963
16,16,2020-09-29 13:33:14,0.006999999999999999,M5,,2.867777777777778,,,,,,,,,,,,,,,,,,,,,,,,,,,,,,,,,,,,,,,,,,,,,,,,,,,,,,,,,,,,,,,,,,,,,,,,,,,,,,,,,,,,,,,,,,,,,,False,-5.530301979765017
17,17,2020-09-29 13:53:21,0.013000000000000001,pECJ3,,3.2030555555555558,,,,,,,,,,,,,,,,,,,,,,,,,,,,,,,,,,,,,,,,,,,,,,,,,,,,,,,,,,,,,,,,,,,,,,,,,,,,,,,,,,,,,,,,,,,,,,False,1.26562500855476
18,18,2020-09-29 13:54:36,0.013999999999999999,M5_L5,,3.223888888888889,,,,,,,,,,,,,,,,,,,,,,,,,,,,,,,,,,,,,,,,,,,,,,,,,,,,,,,,,,,,,,,,,,,,,,,,,,,,,,,,,,,,,,,,,,,,,,False,1.4421022452165508
19,19,2020-09-29 13:55:29,0.016,M5_L6,,3.238611111111111,,,,,,,,,,,,,,,,,,,,,,,,,,,,,,,,,,,,,,,,,,,,,,,,,,,,,,,,,,,,,,,,,,,,,,,,,,,,,,,,,,,,,,,,,,,,,,False,1.7823784642970024
20,20,2020-09-29 13:56:24,0.013000000000000001,M5,,3.253888888888889,,,,,,,,,,,,,,,,,,,,,,,,,,,,,,,,,,,,,,,,,,,,,,,,,,,,,,,,,,,,,,,,,,,,,,,,,,,,,,,,,,,,,,,,,,,,,,False,1.60326701457727
21,21,2020-09-29 14:08:09,0.019,pECJ3,,3.4497222222222224,,,,,,,,,,,,,,,,,,,,,,,,,,,,,,,,,,,,,,,,,,,,,,,,,,,,,,,,,,,,,,,,,,,,,,,,,,,,,,,,,,,,,,,,,,,,,,False,1.5384714393442052
22,22,2020-09-29 14:09:28,0.022000000000000002,M5_L5,,3.4716666666666667,,,,,,,,,,,,,,,,,,,,,,,,,,,,,,,,,,,,,,,,,,,,,,,,,,,,,,,,,,,,,,,,,,,,,,,,,,,,,,,,,,,,,,,,,,,,,,False,1.8241552079316228
23,23,2020-09-29 14:10:38,0.023,M5_L6,,3.491111111111111,,,,,,,,,,,,,,,,,,,,,,,,,,,,,,,,,,,,,,,,,,,,,,,,,,,,,,,,,,,,,,,,,,,,,,,,,,,,,,,,,,,,,,,,,,,,,,False,1.4372494799578952
24,24,2020-09-29 14:11:38,0.019,M5,,3.5077777777777777,,,,,,,,,,,,,,,,,,,,,,,,,,,,,,,,,,,,,,,,,,,,,,,,,,,,,,,,,,,,,,,,,,,,,,,,,,,,,,,,,,,,,,,,,,,,,,False,1.4947074815510442
25,25,2020-09-29 14:29:25,0.033,pECJ3,,3.8041666666666667,,,,,,,,,,,,,,,,,,,,,,,,,,,,,,,,,,,,,,,,,,,,,,,,,,,,,,,,,,,,,,,,,,,,,,,,,,,,,,,,,,,,,,,,,,,,,,False,1.5575602635424324
26,26,2020-09-29 14:30:24,0.037000000000000005,M5_L5,,3.8205555555555555,,,,,,,,,,,,,,,,,,,,,,,,,,,,,,,,,,,,,,,,,,,,,,,,,,,,,,,,,,,,,,,,,,,,,,,,,,,,,,,,,,,,,,,,,,,,,,False,1.4900888960424135
27,27,2020-09-29 14:31:25,0.040999999999999995,M5_L6,,3.8375,,,,,,,,,,,,,,,,,,,,,,,,,,,,,,,,,,,,,,,,,,,,,,,,,,,,,,,,,,,,,,,,,,,,,,,,,,,,,,,,,,,,,,,,,,,,,,False,1.6688694970253164
28,28,2020-09-29 14:32:31,0.034,M5,,3.8558333333333334,,,,,,,,,,,,,,,,,,,,,,,,,,,,,,,,,,,,,,,,,,,,,,,,,,,,,,,,,,,,,,,,,,,,,,,,,,,,,,,,,,,,,,,,,,,,,,False,1.6719214394405388
29,29,2020-09-29 14:54:08,0.069,pECJ3,,4.216111111111111,29.0,,100000.0,801.0,96569.0,97370.0,1.0,96600.0,769.0,0.0,1.0,96586.0,783.0,0.0,96587.0,100.00%,0.80%,96.57%,97.37%,0.00%,96.60%,0.77%,0.00%,0.00%,96.59%,0.78%,0.00%,96.59%,100.00%,0.82%,99.18%,97.37%,0.00%,99.21%,0.79%,0.00%,0.00%,99.19%,0.80%,0.00%,96.59%,10599.7,215.0,10156.4,10074.6,16949.2,10153.4,169.6,,16949.2,10154.7,187.9,,10154.8,236.5,182.7,224.1,223.8,16127.5,223.9,183.6,,16127.5,223.9,185.3,,224.1,8.6,7.7,8.2,8.2,304.9,8.2,7.7,,304.9,8.2,7.6,,8.2,147.7,6.8,142.7,141.6,250.9,142.6,6.0,,250.9,142.7,6.1,,142.7,True,1.7905301384159167
30,30,2020-09-29 14:56:00,0.078,M5_L5,,4.247222222222222,30.0,,100000.0,509.0,96967.0,97476.0,0.0,96993.0,483.0,0.0,0.0,96989.0,487.0,0.0,96989.0,100.00%,0.51%,96.97%,97.48%,0.00%,96.99%,0.48%,0.00%,0.00%,96.99%,0.49%,0.00%,96.99%,100.00%,0.52%,99.48%,97.48%,0.00%,99.50%,0.50%,0.00%,0.00%,99.50%,0.50%,0.00%,96.99%,10537.6,239.9,9996.6,9945.7,,9994.4,169.1,,,9994.7,176.6,,9994.7,249.8,183.1,236.0,235.8,,236.0,190.7,,,236.0,189.7,,236.0,8.5,7.6,8.2,8.2,,8.2,7.6,,,8.2,7.6,,8.2,142.5,7.0,136.9,136.2,,136.8,5.8,,,136.8,5.8,,136.8,True,1.7479474547938296
31,31,2020-09-29 14:57:53,0.08800000000000001,M5_L6,,4.278611111111111,31.0,,100000.0,275.0,97745.0,98020.0,1.0,97775.0,244.0,0.0,0.0,97770.0,250.0,0.0,97770.0,100.00%,0.27%,97.75%,98.02%,0.00%,97.78%,0.24%,0.00%,0.00%,97.77%,0.25%,0.00%,97.77%,100.00%,0.28%,99.72%,98.02%,0.00%,99.75%,0.25%,0.00%,0.00%,99.74%,0.26%,0.00%,97.77%,8510.7,325.6,8125.8,8103.9,1081.4,8123.8,151.5,,,8124.1,176.6,,8124.1,268.8,188.7,257.1,256.9,2933.4,257.1,180.8,,,257.1,194.2,,257.1,8.5,8.4,8.3,8.3,64.6,8.3,8.2,,,8.3,8.4,,8.3,113.8,9.6,110.4,110.1,22.2,110.4,6.1,,,110.4,6.4,,110.4,True,1.7314566070441033
32,32,2020-09-29 14:59:36,0.071,M5,,4.307222222222222,32.0,,100000.0,205.0,97367.0,97572.0,0.0,97378.0,194.0,0.0,0.0,97373.0,199.0,0.0,97373.0,100.00%,0.21%,97.37%,97.57%,0.00%,97.38%,0.19%,0.00%,0.00%,97.37%,0.20%,0.00%,97.37%,100.00%,0.21%,99.79%,97.57%,0.00%,99.80%,0.20%,0.00%,0.00%,99.80%,0.20%,0.00%,97.37%,12870.8,256.4,11846.1,11821.7,,11844.9,202.4,,,11845.4,222.8,,11845.4,351.8,178.4,327.8,327.5,,327.8,183.5,,,327.8,182.6,,327.8,9.7,8.9,9.4,9.3,,9.4,9.0,,,9.4,9.0,,9.4,168.7,8.0,161.5,161.2,,161.5,7.2,,,161.5,7.4,,161.5,True,1.6312305653726487
33,33,2020-09-29 15:12:54,0.113,pECJ3,,4.528888888888889,,,,,,,,,,,,,,,,,,,,,,,,,,,,,,,,,,,,,,,,,,,,,,,,,,,,,,,,,,,,,,,,,,,,,,,,,,,,,,,,,,,,,,,,,,,,,,False,1.577098339977169
34,34,2020-09-29 15:14:16,0.128,M5_L5,,4.551666666666667,,,,,,,,,,,,,,,,,,,,,,,,,,,,,,,,,,,,,,,,,,,,,,,,,,,,,,,,,,,,,,,,,,,,,,,,,,,,,,,,,,,,,,,,,,,,,,False,1.626968224478185
35,35,2020-09-29 15:15:30,0.14400000000000002,M5_L6,,4.572222222222222,,,,,,,,,,,,,,,,,,,,,,,,,,,,,,,,,,,,,,,,,,,,,,,,,,,,,,,,,,,,,,,,,,,,,,,,,,,,,,,,,,,,,,,,,,,,,,False,1.6773087477313706
36,36,2020-09-29 15:16:48,0.114,M5,,4.5938888888888885,,,,,,,,,,,,,,,,,,,,,,,,,,,,,,,,,,,,,,,,,,,,,,,,,,,,,,,,,,,,,,,,,,,,,,,,,,,,,,,,,,,,,,,,,,,,,,False,1.6518089698366751
37,37,2020-09-29 15:25:39,0.16399999999999998,pECJ3,,4.741388888888889,,,,,,,,,,,,,,,,,,,,,,,,,,,,,,,,,,,,,,,,,,,,,,,,,,,,,,,,,,,,,,,,,,,,,,,,,,,,,,,,,,,,,,,,,,,,,,False,1.7528405134675658
38,38,2020-09-29 15:28:39,0.191,M5_L5,,4.791388888888889,,,,,,,,,,,,,,,,,,,,,,,,,,,,,,,,,,,,,,,,,,,,,,,,,,,,,,,,,,,,,,,,,,,,,,,,,,,,,,,,,,,,,,,,,,,,,,False,1.6696122721404936
39,39,2020-09-29 15:31:23,0.22699999999999998,M5_L6,,4.836944444444445,,,,,,,,,,,,,,,,,,,,,,,,,,,,,,,,,,,,,,,,,,,,,,,,,,,,,,,,,,,,,,,,,,,,,,,,,,,,,,,,,,,,,,,,,,,,,,False,1.7192992491704577
40,40,2020-09-29 15:34:09,0.184,M5,,4.883055555555556,,,,,,,,,,,,,,,,,,,,,,,,,,,,,,,,,,,,,,,,,,,,,,,,,,,,,,,,,,,,,,,,,,,,,,,,,,,,,,,,,,,,,,,,,,,,,,False,1.6555757090991015
41,41,2020-09-29 16:10:06,0.040999999999999995,pECJ3,,5.482222222222222,41.0,,100000.0,265.0,98024.0,98289.0,0.0,98063.0,226.0,0.0,0.0,98060.0,229.0,0.0,98060.0,100.00%,0.26%,98.02%,98.29%,0.00%,98.06%,0.23%,0.00%,0.00%,98.06%,0.23%,0.00%,98.06%,100.00%,0.27%,99.73%,98.29%,0.00%,99.77%,0.23%,0.00%,0.00%,99.77%,0.23%,0.00%,98.06%,8778.9,366.2,8615.1,8592.9,,8612.4,140.8,,,8612.6,154.6,,8612.6,112.6,118.8,105.5,105.6,,105.5,115.0,,,105.5,132.0,,105.5,7.7,9.1,7.4,7.4,,7.4,8.8,,,7.4,9.1,,7.4,135.6,12.2,133.6,133.3,,133.5,7.2,,,133.6,7.3,,133.6,True,-1.8712634795769052
42,42,2020-09-29 16:11:32,0.04,M5_L5,,5.506111111111111,42.0,,100000.0,171.0,97358.0,97529.0,0.0,97420.0,108.0,1.0,0.0,97416.0,113.0,0.0,97416.0,100.00%,0.17%,97.36%,97.53%,0.00%,97.42%,0.11%,0.00%,0.00%,97.42%,0.11%,0.00%,97.42%,100.00%,0.18%,99.82%,97.53%,0.00%,99.89%,0.11%,0.00%,0.00%,99.88%,0.12%,0.00%,97.42%,8162.2,717.3,8026.5,8013.7,,8022.5,143.3,146.6,,8022.7,175.5,,8022.7,132.4,113.4,126.3,126.3,,126.2,139.8,2320.3,,126.2,154.5,,126.2,7.9,10.0,7.4,7.4,,7.4,10.6,55.7,,7.4,10.9,,7.4,124.2,19.8,119.1,119.0,,119.1,8.0,6.6,,119.1,8.3,,119.1,True,-2.187414810010764
43,43,2020-09-29 16:13:10,0.039,M5_L6,,5.533333333333333,43.0,,100000.0,200.0,97599.0,97799.0,1.0,97710.0,88.0,0.0,0.0,97708.0,91.0,0.0,97708.0,100.00%,0.20%,97.60%,97.80%,0.00%,97.71%,0.09%,0.00%,0.00%,97.71%,0.09%,0.00%,97.71%,100.00%,0.20%,99.80%,97.80%,0.00%,99.91%,0.09%,0.00%,0.00%,99.91%,0.09%,0.00%,97.71%,7143.4,1025.8,7093.9,7081.5,1331.1,7087.7,221.6,,,7087.8,275.3,,7087.8,161.9,118.3,158.2,158.1,2297.3,158.1,188.4,,,158.1,227.4,,158.1,8.1,8.7,7.6,7.7,30.8,7.6,10.4,,,7.6,10.8,,7.6,107.3,24.0,103.1,102.9,9.4,103.0,8.7,,,103.0,8.7,,103.0,True,-2.5293171666798253
44,44,2020-09-29 16:15:36,0.037000000000000005,M5,,5.573888888888889,44.0,,100000.0,170.0,97620.0,97790.0,0.0,97662.0,128.0,0.0,0.0,97648.0,142.0,0.0,97648.0,100.00%,0.17%,97.62%,97.79%,0.00%,97.66%,0.13%,0.00%,0.00%,97.65%,0.14%,0.00%,97.65%,100.00%,0.17%,99.83%,97.79%,0.00%,99.87%,0.13%,0.00%,0.00%,99.85%,0.15%,0.00%,97.65%,10033.8,462.4,9776.3,9760.1,,9772.7,139.6,,,9774.0,234.5,,9774.0,208.9,118.1,200.5,200.4,,200.5,124.8,,,200.5,126.6,,200.5,8.7,8.6,8.3,8.3,,8.3,9.2,,,8.3,8.9,,8.3,145.7,12.0,140.9,140.7,,140.9,7.6,,,140.9,8.2,,140.9,True,-2.321859365449594
45,45,2020-09-29 16:30:06,0.07400000000000001,pECJ3,,5.815555555555555,45.0,,100000.0,253.0,97597.0,97850.0,1.0,97641.0,208.0,0.0,0.0,97638.0,212.0,0.0,97638.0,100.00%,0.25%,97.60%,97.85%,0.00%,97.64%,0.21%,0.00%,0.00%,97.64%,0.21%,0.00%,97.64%,100.00%,0.26%,99.74%,97.85%,0.00%,99.79%,0.21%,0.00%,0.00%,99.78%,0.22%,0.00%,97.64%,7925.3,402.2,7815.9,7796.8,1451.4,7813.2,119.7,,,7813.4,142.4,,7813.4,134.7,133.4,118.9,119.0,2673.5,118.9,136.8,,,118.9,147.8,,118.9,7.8,10.1,7.4,7.4,24.1,7.4,10.1,,,7.4,10.1,,7.4,121.9,13.5,118.9,118.6,10.0,118.9,7.1,,,118.9,7.2,,118.9,True,1.7714790794995867
46,46,2020-09-29 16:31:30,0.07,M5_L5,,5.838888888888889,46.0,,100000.0,334.0,96817.0,97151.0,0.0,96921.0,230.0,0.0,0.0,96903.0,247.0,1.0,96904.0,100.00%,0.33%,96.82%,97.15%,0.00%,96.92%,0.23%,0.00%,0.00%,96.90%,0.25%,0.00%,96.90%,100.00%,0.34%,99.66%,97.15%,0.00%,99.76%,0.24%,0.00%,0.00%,99.74%,0.25%,0.00%,96.90%,8226.7,582.1,8149.1,8123.1,,8142.0,136.0,,,8143.3,208.3,546.9,8143.3,160.3,149.3,154.7,154.7,,154.6,174.4,,,154.6,169.4,1209.3,154.6,8.0,9.3,7.5,7.5,,7.5,10.1,,,7.5,9.6,72.2,7.5,122.5,14.4,116.9,116.5,,116.8,7.2,,,116.8,7.7,25.2,116.8,True,1.6816501139962616
47,47,2020-09-29 16:32:55,0.067,M5_L6,,5.8625,47.0,,100000.0,434.0,97221.0,97655.0,1.0,97338.0,314.0,2.0,0.0,97324.0,331.0,0.0,97324.0,100.00%,0.43%,97.22%,97.65%,0.00%,97.34%,0.31%,0.00%,0.00%,97.32%,0.33%,0.00%,97.32%,100.00%,0.44%,99.56%,97.65%,0.00%,99.68%,0.32%,0.00%,0.00%,99.66%,0.34%,0.00%,97.32%,7068.0,571.0,7030.7,7002.0,1154.1,7024.3,137.4,629.8,,7025.2,188.6,,7025.2,189.3,156.8,185.0,184.9,1828.7,184.9,156.9,1616.1,,184.9,180.7,,184.9,8.3,9.8,7.8,7.8,14.3,7.8,9.8,27.0,,7.8,9.9,,7.8,105.3,16.1,101.8,101.4,6.9,101.7,7.2,8.3,,101.7,7.6,,101.7,True,1.643942197249578
48,48,2020-09-29 16:34:16,0.061,M5,,5.885,48.0,,100000.0,153.0,98333.0,98486.0,0.0,98368.0,117.0,1.0,0.0,98358.0,128.0,0.0,98358.0,100.00%,0.15%,98.33%,98.49%,0.00%,98.37%,0.12%,0.00%,0.00%,98.36%,0.13%,0.00%,98.36%,100.00%,0.16%,99.84%,98.49%,0.00%,99.88%,0.12%,0.00%,0.00%,99.87%,0.13%,0.00%,98.36%,9780.4,467.5,9525.3,9511.2,,9522.4,167.9,265.7,,9523.3,261.0,,9523.3,246.4,145.2,238.5,238.4,,238.5,144.7,1525.7,,238.5,154.2,,238.5,8.8,9.5,8.6,8.6,,8.6,10.3,14.1,,8.6,9.8,,8.6,140.7,11.7,138.0,137.8,,138.0,8.3,6.1,,138.0,8.6,,138.0,True,1.607001272772064
49,49,2020-09-29 16:52:21,0.135,pECJ3,,6.186388888888889,49.0,,100000.0,462.0,98112.0,98574.0,1.0,98201.0,370.0,2.0,0.0,98193.0,381.0,0.0,98193.0,100.00%,0.46%,98.11%,98.57%,0.00%,98.20%,0.37%,0.00%,0.00%,98.19%,0.38%,0.00%,98.19%,100.00%,0.47%,99.53%,98.57%,0.00%,99.62%,0.38%,0.00%,0.00%,99.61%,0.39%,0.00%,98.19%,8214.2,450.3,8093.7,8057.9,1023.9,8087.8,183.2,700.8,,8088.3,214.2,,8088.3,116.6,122.0,111.7,111.7,1892.4,111.6,126.5,1687.1,,111.6,143.4,,111.6,7.4,8.1,7.2,7.2,23.9,7.2,8.3,21.1,,7.2,8.4,,7.2,124.5,11.9,123.5,123.0,10.0,123.4,7.2,8.2,,123.4,7.3,,123.4,True,1.6212396006317107
50,50,2020-09-29 16:53:55,0.13,M5_L5,,6.2125,50.0,,100000.0,556.0,97905.0,98461.0,1.0,98015.0,445.0,0.0,0.0,98000.0,461.0,0.0,98000.0,100.00%,0.56%,97.90%,98.46%,0.00%,98.01%,0.44%,0.00%,0.00%,98.00%,0.46%,0.00%,98.00%,100.00%,0.56%,99.44%,98.46%,0.00%,99.55%,0.45%,0.00%,0.00%,99.53%,0.47%,0.00%,98.00%,8473.5,465.8,8367.4,8322.8,889.7,8359.8,196.4,,,8360.9,226.0,,8360.9,167.0,120.1,148.1,147.9,1600.1,148.0,127.3,,,148.0,134.2,,148.0,7.5,7.4,7.3,7.3,12.7,7.3,7.5,,,7.3,7.5,,7.3,121.7,11.4,119.8,119.2,6.7,119.7,6.6,,,119.7,6.8,,119.7,True,1.6569079184107092
51,51,2020-09-29 16:55:23,0.125,M5_L6,,6.236944444444444,51.0,,100000.0,486.0,97956.0,98442.0,0.0,98062.0,377.0,3.0,0.0,98040.0,402.0,0.0,98040.0,100.00%,0.49%,97.96%,98.44%,0.00%,98.06%,0.38%,0.00%,0.00%,98.04%,0.40%,0.00%,98.04%,100.00%,0.49%,99.51%,98.44%,0.00%,99.61%,0.38%,0.00%,0.00%,99.59%,0.41%,0.00%,98.04%,7503.3,470.7,7434.4,7400.1,,7428.1,166.1,726.9,,7429.5,226.8,,7429.5,181.8,129.0,176.6,176.3,,176.5,125.3,1748.7,,176.5,144.2,,176.5,7.7,7.8,7.5,7.5,,7.5,7.9,19.1,,7.5,7.9,,7.5,107.1,11.8,105.0,104.6,,105.0,6.4,9.1,,105.0,6.8,,105.0,True,1.6654569914546047
52,52,2020-09-29 16:57:04,0.115,M5,,6.265,52.0,,100000.0,215.0,98209.0,98424.0,0.0,98259.0,165.0,0.0,0.0,98247.0,177.0,0.0,98247.0,100.00%,0.22%,98.21%,98.42%,0.00%,98.26%,0.16%,0.00%,0.00%,98.25%,0.18%,0.00%,98.25%,100.00%,0.22%,99.78%,98.42%,0.00%,99.83%,0.17%,0.00%,0.00%,99.82%,0.18%,0.00%,98.25%,10283.5,471.2,10111.6,10090.5,,10107.1,194.8,,,10108.2,257.2,,10108.2,221.2,104.5,215.9,215.7,,215.8,113.9,,,215.8,118.8,,215.8,8.6,8.3,8.4,8.4,,8.4,8.8,,,8.4,8.7,,8.4,156.0,12.1,153.0,152.7,,152.9,8.0,,,152.9,8.4,,152.9,True,1.6685743794472074
53,53,2020-09-29 16:58:52,0.153,pECJ3,,6.295,,,,,,,,,,,,,,,,,,,,,,,,,,,,,,,,,,,,,,,,,,,,,,,,,,,,,,,,,,,,,,,,,,,,,,,,,,,,,,,,,,,,,,,,,,,,,,False,1.1523972241289564
54,54,2020-09-29 16:59:42,0.159,M5_L5,,6.308888888888889,,,,,,,,,,,,,,,,,,,,,,,,,,,,,,,,,,,,,,,,,,,,,,,,,,,,,,,,,,,,,,,,,,,,,,,,,,,,,,,,,,,,,,,,,,,,,,False,2.0891386350222962
55,55,2020-09-29 17:01:17,0.149,M5_L6,,6.335277777777778,,,,,,,,,,,,,,,,,,,,,,,,,,,,,,,,,,,,,,,,,,,,,,,,,,,,,,,,,,,,,,,,,,,,,,,,,,,,,,,,,,,,,,,,,,,,,,False,1.7860939184049935
56,56,2020-09-29 17:03:09,0.135,M5,,6.366388888888889,,,,,,,,,,,,,,,,,,,,,,,,,,,,,,,,,,,,,,,,,,,,,,,,,,,,,,,,,,,,,,,,,,,,,,,,,,,,,,,,,,,,,,,,,,,,,,False,1.5814617541661535
57,57,2020-09-29 17:06:21,0.179,pECJ3,,6.419722222222222,57.0,,100000.0,381.0,98279.0,98660.0,0.0,98424.0,236.0,0.0,0.0,98397.0,263.0,0.0,98397.0,100.00%,0.38%,98.28%,98.66%,0.00%,98.42%,0.24%,0.00%,0.00%,98.40%,0.26%,0.00%,98.40%,100.00%,0.39%,99.61%,98.66%,0.00%,99.76%,0.24%,0.00%,0.00%,99.73%,0.27%,0.00%,98.40%,8054.7,738.0,7990.5,7962.5,,7981.0,248.4,,,7982.8,343.2,,7982.8,121.3,107.1,114.5,114.4,,114.4,129.1,,,114.4,140.9,,114.4,7.5,7.8,7.3,7.3,,7.3,8.2,,,7.3,8.1,,7.3,125.2,16.9,123.5,123.1,,123.3,8.2,,,123.4,8.7,,123.4,True,1.2583794744185968
58,58,2020-09-29 17:08:13,0.18899999999999997,M5_L5,,6.450833333333334,58.0,,100000.0,384.0,97802.0,98186.0,0.0,97896.0,290.0,0.0,0.0,97890.0,295.0,1.0,97891.0,100.00%,0.38%,97.80%,98.19%,0.00%,97.90%,0.29%,0.00%,0.00%,97.89%,0.30%,0.00%,97.89%,100.00%,0.39%,99.61%,98.19%,0.00%,99.70%,0.30%,0.00%,0.00%,99.70%,0.30%,0.00%,97.89%,7875.7,535.9,7793.2,7764.8,,7787.3,157.9,,,7787.7,175.1,227.6,7787.6,151.1,115.4,146.9,146.8,,146.9,131.5,,,146.9,128.0,989.3,146.9,7.6,7.9,7.4,7.4,,7.4,7.8,,,7.4,7.6,71.4,7.4,117.6,14.7,115.3,114.9,,115.2,6.4,,,115.2,6.6,20.3,115.2,True,1.2176793076749084
59,59,2020-09-29 17:10:08,0.187,M5_L6,,6.482777777777778,59.0,,100000.0,257.0,98405.0,98662.0,0.0,98512.0,150.0,0.0,0.0,98511.0,151.0,0.0,98511.0,100.00%,0.26%,98.40%,98.66%,0.00%,98.51%,0.15%,0.00%,0.00%,98.51%,0.15%,0.00%,98.51%,100.00%,0.26%,99.74%,98.66%,0.00%,99.85%,0.15%,0.00%,0.00%,99.85%,0.15%,0.00%,98.51%,6958.1,857.4,6877.7,6862.0,,6872.2,137.2,,,6872.3,148.7,,6872.3,177.3,119.7,168.5,168.3,,168.4,140.5,,,168.4,141.7,,168.4,7.9,9.2,7.6,7.7,,7.7,9.0,,,7.7,9.0,,7.7,104.1,23.7,101.8,101.6,,101.8,6.9,,,101.8,6.9,,101.8,True,1.540083463790696
60,60,2020-09-29 17:12:27,0.17300000000000001,M5,,6.521388888888889,60.0,,100000.0,414.0,98100.0,98514.0,0.0,98157.0,356.0,1.0,0.0,98147.0,367.0,0.0,98147.0,100.00%,0.41%,98.10%,98.51%,0.00%,98.16%,0.36%,0.00%,0.00%,98.15%,0.37%,0.00%,98.15%,100.00%,0.42%,99.58%,98.51%,0.00%,99.64%,0.36%,0.00%,0.00%,99.63%,0.37%,0.00%,98.15%,10467.2,338.0,10306.8,10264.9,,10301.6,162.3,-52.4,,10302.5,191.2,,10302.5,198.4,79.1,194.9,194.4,,194.8,78.2,1684.7,,194.8,90.1,,194.8,8.5,7.5,8.3,8.3,,8.3,7.5,39.7,,8.3,7.7,,8.3,158.1,9.8,155.7,155.0,,155.6,7.2,3.2,,155.6,7.3,,155.6,True,1.6001084907054817
61,61,2020-09-29 17:17:10,0.013999999999999999,pECJ3,16.0,6.6,,,,,,,,,,,,,,,,,,,,,,,,,,,,,,,,,,,,,,,,,,,,,,,,,,,,,,,,,,,,,,,,,,,,,,,,,,,,,,,,,,,,,,,,,,,,,,False,1.2439705479991146
62,62,2020-09-29 17:18:34,0.013000000000000001,M5_L5,16.0,6.623333333333333,,,,,,,,,,,,,,,,,,,,,,,,,,,,,,,,,,,,,,,,,,,,,,,,,,,,,,,,,,,,,,,,,,,,,,,,,,,,,,,,,,,,,,,,,,,,,,False,0.5553105196618897
63,63,2020-09-29 17:20:00,0.013000000000000001,M5_L6,16.0,6.647222222222222,,,,,,,,,,,,,,,,,,,,,,,,,,,,,,,,,,,,,,,,,,,,,,,,,,,,,,,,,,,,,,,,,,,,,,,,,,,,,,,,,,,,,,,,,,,,,,False,0.6472061929868806
64,64,2020-09-29 17:21:04,0.012,M5,16.0,6.665,,,,,,,,,,,,,,,,,,,,,,,,,,,,,,,,,,,,,,,,,,,,,,,,,,,,,,,,,,,,,,,,,,,,,,,,,,,,,,,,,,,,,,,,,,,,,,False,0.7255969034971156
65,65,2020-09-29 17:35:38,0.022000000000000002,pECJ3,,6.907777777777778,65.0,,61972.0,223.0,60317.0,60540.0,0.0,60343.0,197.0,0.0,0.0,60342.0,198.0,0.0,60342.0,100.00%,0.36%,97.33%,97.69%,0.00%,97.37%,0.32%,0.00%,0.00%,97.37%,0.32%,0.00%,97.37%,100.00%,0.37%,99.63%,97.69%,0.00%,99.67%,0.33%,0.00%,0.00%,99.67%,0.33%,0.00%,97.37%,9565.5,311.2,9586.1,9552.0,,9582.7,140.2,,,9582.8,155.2,,9582.8,147.3,162.5,143.3,143.4,,143.3,156.3,,,143.2,178.1,,143.2,8.5,11.3,8.1,8.1,,8.1,11.7,,,8.1,11.7,,8.1,157.0,11.5,157.3,156.7,,157.2,8.8,,,157.2,8.5,,157.2,True,-7.5398672875344825
66,66,2020-09-29 17:38:00,0.025,M5_L5,,6.947222222222222,66.0,,62217.0,405.0,59933.0,60338.0,2.0,59966.0,370.0,0.0,0.0,59961.0,377.0,0.0,59961.0,100.00%,0.65%,96.33%,96.98%,0.00%,96.38%,0.59%,0.00%,0.00%,96.37%,0.61%,0.00%,96.37%,100.00%,0.67%,99.33%,96.98%,0.00%,99.38%,0.61%,0.00%,0.00%,99.38%,0.62%,0.00%,96.37%,8959.8,258.1,9099.3,9040.0,1380.3,9095.2,131.3,,,9095.9,150.0,,9095.9,180.8,183.2,158.7,158.9,2265.9,158.7,170.1,,,158.7,189.7,,158.7,8.5,10.3,8.0,8.1,20.6,8.0,10.4,,,8.0,10.4,,8.0,143.8,9.9,144.4,143.5,12.2,144.3,7.5,,,144.3,7.6,,144.3,True,-6.541324285934153
67,67,2020-09-29 17:40:01,0.025,M5_L6,,6.980833333333333,67.0,,65262.0,229.0,63302.0,63531.0,1.0,63362.0,163.0,5.0,0.0,63353.0,178.0,0.0,63353.0,100.00%,0.35%,97.00%,97.35%,0.00%,97.09%,0.25%,0.01%,0.00%,97.07%,0.27%,0.00%,97.07%,100.00%,0.36%,99.64%,97.35%,0.00%,99.73%,0.26%,0.01%,0.00%,99.72%,0.28%,0.00%,97.07%,7249.5,569.1,7306.4,7282.1,978.7,7301.0,175.7,395.6,,7301.9,245.6,,7301.9,184.5,211.1,178.7,178.8,1926.9,178.6,182.2,2144.3,,178.6,250.0,,178.6,8.8,10.9,8.4,8.4,28.9,8.4,11.2,34.8,,8.4,11.7,,8.4,120.3,15.9,117.5,117.1,9.3,117.4,8.5,6.5,,117.4,8.6,,117.4,True,-6.350694519066796
68,68,2020-09-29 17:42:21,0.023,M5,,7.019722222222223,68.0,,63867.0,215.0,61545.0,61760.0,2.0,61562.0,161.0,35.0,1.0,61555.0,177.0,27.0,61583.0,100.00%,0.34%,96.36%,96.70%,0.00%,96.39%,0.25%,0.05%,0.00%,96.38%,0.28%,0.04%,96.42%,100.00%,0.35%,99.65%,96.70%,0.00%,99.68%,0.26%,0.06%,0.00%,99.67%,0.29%,0.04%,96.42%,9618.0,269.3,9698.1,9665.2,1348.8,9695.8,162.4,99.9,1851.7,9696.8,209.3,45.2,9692.4,266.6,945.5,245.1,247.5,2680.1,245.0,207.5,4612.1,3833.9,245.0,296.6,5390.8,247.4,10.6,27.2,9.2,9.2,78.0,9.2,12.1,102.4,121.2,9.2,12.8,123.8,9.2,155.8,9.5,154.3,153.8,34.7,154.3,7.6,7.2,49.3,154.3,7.8,7.5,154.2,True,-5.982148913042345
69,69,2020-09-29 17:56:05,0.039,pECJ3,,7.248611111111111,69.0,,83818.0,171.0,82125.0,82296.0,0.0,82148.0,147.0,1.0,0.0,82147.0,149.0,0.0,82147.0,100.00%,0.20%,97.98%,98.18%,0.00%,98.01%,0.18%,0.00%,0.00%,98.01%,0.18%,0.00%,98.01%,100.00%,0.21%,99.79%,98.18%,0.00%,99.82%,0.18%,0.00%,0.00%,99.82%,0.18%,0.00%,98.01%,9516.9,325.5,9438.5,9419.5,,9436.3,103.6,161.9,,9436.4,108.9,,9436.4,182.4,159.8,168.3,168.3,,168.3,146.0,2122.4,,168.3,161.0,,168.3,8.7,11.1,8.3,8.3,,8.3,11.2,17.5,,8.3,11.2,,8.3,151.1,12.4,148.3,148.0,,148.3,7.5,3.3,,148.3,7.5,,148.3,True,1.6797629127765203
70,70,2020-09-29 17:57:35,0.04,M5_L5,,7.273611111111111,70.0,,100000.0,248.0,97865.0,98113.0,2.0,97927.0,179.0,5.0,0.0,97924.0,187.0,2.0,97926.0,100.00%,0.25%,97.86%,98.11%,0.00%,97.93%,0.18%,0.00%,0.00%,97.92%,0.19%,0.00%,97.93%,100.00%,0.25%,99.75%,98.11%,0.00%,99.81%,0.18%,0.01%,0.00%,99.81%,0.19%,0.00%,97.93%,8870.0,541.4,8858.4,8837.4,1380.8,8853.8,187.9,301.6,,8854.1,217.8,207.2,8853.9,188.2,277.7,183.9,184.1,3099.1,183.8,192.4,4541.3,,183.9,247.2,8569.8,184.0,8.7,12.6,8.3,8.4,31.0,8.3,11.2,101.7,,8.3,11.7,203.1,8.3,140.7,15.1,137.9,137.6,14.4,137.8,8.4,7.6,,137.8,8.5,9.0,137.8,True,1.4400111193911902
71,71,2020-09-29 17:59:28,0.042,M5_L6,,7.305,71.0,,100000.0,466.0,97581.0,98047.0,1.0,97693.0,351.0,2.0,0.0,97686.0,361.0,0.0,97686.0,100.00%,0.47%,97.58%,98.05%,0.00%,97.69%,0.35%,0.00%,0.00%,97.69%,0.36%,0.00%,97.69%,100.00%,0.48%,99.52%,98.05%,0.00%,99.64%,0.36%,0.00%,0.00%,99.63%,0.37%,0.00%,97.69%,7146.5,515.5,7181.1,7149.5,2287.9,7174.9,132.0,637.5,,7175.3,159.4,,7175.3,200.2,139.5,195.6,195.3,3537.6,195.4,145.6,1652.6,,195.4,169.7,,195.4,9.0,9.6,8.7,8.7,60.6,8.7,9.6,21.4,,8.7,9.8,,8.7,116.6,16.0,115.7,115.2,33.9,115.6,7.4,7.7,,115.6,7.6,,115.6,True,1.600392164776866
72,72,2020-09-29 18:00:57,0.038,M5,,7.329722222222222,72.0,,95317.0,461.0,92949.0,93410.0,0.0,92966.0,441.0,3.0,0.0,92964.0,445.0,1.0,92965.0,100.00%,0.48%,97.52%,98.00%,0.00%,97.53%,0.46%,0.00%,0.00%,97.53%,0.47%,0.00%,97.53%,100.00%,0.49%,99.51%,98.00%,0.00%,99.52%,0.47%,0.00%,0.00%,99.52%,0.48%,0.00%,97.53%,9917.6,191.9,9929.2,9881.2,,9927.7,136.7,474.2,,9927.9,147.2,76.6,9927.8,285.3,218.4,280.3,280.0,,280.2,201.5,3406.1,,280.2,209.9,6111.9,280.3,9.9,10.3,9.6,9.6,,9.6,10.2,42.8,,9.6,10.2,65.8,9.6,158.2,8.3,157.8,157.1,,157.8,7.4,9.4,,157.8,7.4,4.1,157.8,True,1.6196514316039885
73,73,2020-09-29 18:12:35,0.06,pECJ3,,7.523611111111111,73.0,,100000.0,219.0,98484.0,98703.0,1.0,98533.0,166.0,3.0,0.0,98523.0,180.0,0.0,98523.0,100.00%,0.22%,98.48%,98.70%,0.00%,98.53%,0.17%,0.00%,0.00%,98.52%,0.18%,0.00%,98.52%,100.00%,0.22%,99.78%,98.70%,0.00%,99.83%,0.17%,0.00%,0.00%,99.82%,0.18%,0.00%,98.52%,9353.3,484.1,9245.1,9225.7,1043.1,9241.3,180.1,112.9,,9242.1,234.5,,9242.1,216.8,157.1,213.3,213.2,1865.3,213.2,134.9,2109.2,,213.3,175.6,,213.3,8.9,8.6,8.7,8.7,29.8,8.7,8.6,31.1,,8.7,9.0,,8.7,147.2,12.7,145.6,145.3,17.3,145.5,7.6,5.4,,145.6,8.0,,145.6,True,1.5664833312452875
74,74,2020-09-29 18:14:21,0.062,M5_L5,,7.553055555555556,74.0,,100000.0,395.0,97844.0,98239.0,0.0,97923.0,314.0,2.0,0.0,97920.0,318.0,1.0,97921.0,100.00%,0.39%,97.84%,98.24%,0.00%,97.92%,0.31%,0.00%,0.00%,97.92%,0.32%,0.00%,97.92%,100.00%,0.40%,99.60%,98.24%,0.00%,99.68%,0.32%,0.00%,0.00%,99.68%,0.32%,0.00%,97.92%,8653.8,455.4,8649.2,8616.2,,8643.5,171.3,175.6,,8643.7,181.4,-182.2,8643.6,212.4,144.7,205.0,204.7,,204.9,154.8,1866.1,,204.9,158.9,1886.9,204.9,9.0,9.2,8.7,8.7,,8.7,9.2,48.4,,8.7,9.3,64.0,8.7,140.1,13.4,139.4,138.9,,139.3,7.7,6.4,,139.3,7.8,2.4,139.3,True,1.5683079039285863
75,75,2020-09-29 18:16:13,0.065,M5_L6,,7.5841666666666665,75.0,,100000.0,427.0,98003.0,98430.0,1.0,98133.0,294.0,2.0,0.0,98132.0,297.0,1.0,98133.0,100.00%,0.43%,98.00%,98.43%,0.00%,98.13%,0.29%,0.00%,0.00%,98.13%,0.30%,0.00%,98.13%,100.00%,0.43%,99.57%,98.43%,0.00%,99.70%,0.30%,0.00%,0.00%,99.70%,0.30%,0.00%,98.13%,7202.5,630.1,7200.9,7172.4,1225.8,7193.6,157.2,264.3,,7193.6,177.9,-180.4,7193.5,216.4,137.5,205.4,205.1,3198.3,205.3,134.0,1957.3,,205.2,165.7,1976.0,205.3,9.1,8.9,8.8,8.8,25.9,8.8,8.6,53.9,,8.8,8.8,71.5,8.8,119.2,18.2,117.8,117.4,10.2,117.7,7.2,8.3,,117.7,7.2,3.5,117.7,True,1.564361737118575
76,76,2020-09-29 18:18:31,0.061,M5,,7.6225,76.0,,100000.0,136.0,98145.0,98281.0,0.0,98168.0,113.0,0.0,0.0,98164.0,117.0,0.0,98164.0,100.00%,0.14%,98.15%,98.28%,0.00%,98.17%,0.11%,0.00%,0.00%,98.16%,0.12%,0.00%,98.16%,100.00%,0.14%,99.86%,98.28%,0.00%,99.89%,0.11%,0.00%,0.00%,99.88%,0.12%,0.00%,98.16%,9758.9,409.0,9736.2,9723.3,,9734.3,169.2,,,9734.6,203.0,,9734.6,269.7,177.9,268.8,268.6,,268.7,190.8,,,268.7,190.6,,268.7,9.7,10.4,9.4,9.4,,9.4,11.3,,,9.4,11.1,,9.4,157.8,11.5,153.9,153.7,,153.8,8.4,,,153.8,8.6,,153.8,True,1.6165424440312437
77,77,2020-09-29 18:27:48,0.087,pECJ3,,7.777222222222222,77.0,,100000.0,372.0,97979.0,98351.0,1.0,98015.0,333.0,2.0,0.0,98010.0,341.0,0.0,98010.0,100.00%,0.37%,97.98%,98.35%,0.00%,98.01%,0.33%,0.00%,0.00%,98.01%,0.34%,0.00%,98.01%,100.00%,0.38%,99.62%,98.35%,0.00%,99.66%,0.34%,0.00%,0.00%,99.65%,0.35%,0.00%,98.01%,9419.7,273.5,9412.4,9377.8,902.0,9409.5,143.0,602.0,,9409.9,164.8,,9409.9,190.2,163.5,184.8,184.7,1845.3,184.7,158.2,1552.8,,184.7,171.9,,184.7,9.0,10.5,8.8,8.9,20.3,8.8,10.6,35.7,,8.8,10.7,,8.8,155.7,10.5,156.0,155.5,11.7,156.0,8.2,14.7,,156.0,8.3,,156.0,True,1.4650917887808743
78,78,2020-09-29 18:29:51,0.09300000000000001,M5_L5,,7.811388888888889,78.0,,100000.0,420.0,97974.0,98394.0,1.0,98037.0,354.0,2.0,0.0,98039.0,354.0,1.0,98040.0,100.00%,0.42%,97.97%,98.39%,0.00%,98.04%,0.35%,0.00%,0.00%,98.04%,0.35%,0.00%,98.04%,100.00%,0.43%,99.57%,98.39%,0.00%,99.64%,0.36%,0.00%,0.00%,99.64%,0.36%,0.00%,98.04%,8825.9,355.3,8804.4,8768.3,1293.6,8799.7,135.6,865.1,,8799.5,139.9,1293.6,8799.5,226.3,193.8,186.3,186.3,2270.0,186.2,192.0,2704.4,,186.2,215.3,2270.0,186.2,9.2,10.6,9.0,9.0,83.6,9.0,10.7,26.0,,9.0,10.9,83.6,9.0,152.0,12.2,151.6,151.0,36.1,151.5,7.7,12.2,,151.5,7.5,36.1,151.5,True,1.5695423539670887
79,79,2020-09-29 18:31:35,0.096,M5_L6,,7.840277777777778,79.0,,100000.0,476.0,97678.0,98154.0,2.0,97778.0,371.0,3.0,0.0,97775.0,379.0,0.0,97775.0,100.00%,0.48%,97.68%,98.15%,0.00%,97.78%,0.37%,0.00%,0.00%,97.78%,0.38%,0.00%,97.78%,100.00%,0.48%,99.52%,98.15%,0.00%,99.62%,0.38%,0.00%,0.00%,99.61%,0.39%,0.00%,97.78%,7295.2,470.2,7348.5,7315.1,1260.0,7342.7,141.6,642.6,,7342.9,159.9,,7342.9,187.6,193.7,179.7,179.8,2855.5,179.6,190.3,1925.8,,179.6,221.9,,179.6,9.5,10.6,9.2,9.2,25.9,9.2,10.6,21.4,,9.2,10.8,,9.2,130.2,14.9,130.1,129.6,11.2,130.1,7.5,9.6,,130.1,7.6,,130.1,True,1.5226239887851598
80,80,2020-09-29 18:32:40,0.085,M5,,7.858333333333333,80.0,,100000.0,396.0,97963.0,98359.0,0.0,97992.0,364.0,3.0,0.0,97994.0,364.0,1.0,97995.0,100.00%,0.40%,97.96%,98.36%,0.00%,97.99%,0.36%,0.00%,0.00%,97.99%,0.36%,0.00%,98.00%,100.00%,0.40%,99.60%,98.36%,0.00%,99.63%,0.37%,0.00%,0.00%,99.63%,0.37%,0.00%,98.00%,9734.4,216.7,9722.6,9684.3,,9720.1,108.7,375.7,,9719.9,109.8,303.1,9719.8,244.8,146.2,239.8,239.4,,239.7,133.7,2373.7,,239.7,145.1,3176.3,239.7,10.0,10.4,9.8,9.8,,9.8,10.4,40.0,,9.8,10.5,76.2,9.8,167.1,9.7,166.6,166.0,,166.6,7.9,8.5,,166.6,7.8,12.0,166.6,True,1.4068299320862416
81,81,2020-09-29 18:44:49,0.125,pECJ3,,8.060833333333333,81.0,,129012.0,899.0,124950.0,125849.0,0.0,125003.0,843.0,3.0,0.0,125016.0,832.0,1.0,125017.0,100.00%,0.70%,96.85%,97.55%,0.00%,96.89%,0.65%,0.00%,0.00%,96.90%,0.64%,0.00%,96.90%,100.00%,0.71%,99.29%,97.55%,0.00%,99.33%,0.67%,0.00%,0.00%,99.34%,0.66%,0.00%,96.90%,9266.8,185.4,9271.0,9206.1,,9267.8,94.1,388.9,,9266.8,98.0,281.1,9266.8,154.4,134.0,139.1,139.1,,139.1,126.4,2559.1,,139.1,138.1,3000.2,139.1,10.4,13.9,10.0,10.1,,10.0,13.9,47.9,,10.0,14.0,75.1,10.0,194.9,13.4,197.4,196.1,,197.4,10.6,7.1,,197.3,10.2,8.6,197.3,True,1.277825883576674
82,82,2020-09-29 18:46:32,0.129,M5_L5,,8.089444444444444,82.0,,100000.0,254.0,98359.0,98613.0,0.0,98395.0,218.0,0.0,0.0,98402.0,211.0,0.0,98402.0,100.00%,0.25%,98.36%,98.61%,0.00%,98.40%,0.22%,0.00%,0.00%,98.40%,0.21%,0.00%,98.40%,100.00%,0.26%,99.74%,98.61%,0.00%,99.78%,0.22%,0.00%,0.00%,99.79%,0.21%,0.00%,98.40%,9187.7,328.7,9076.2,9053.7,,9073.5,115.0,,,9072.9,101.8,,9072.9,117.1,92.4,108.9,108.9,,108.9,103.1,,,108.9,108.1,,108.9,10.3,12.3,10.2,10.2,,10.2,12.7,,,10.2,12.7,,10.2,204.8,15.7,204.8,204.3,,204.7,9.8,,,204.7,9.2,,204.7,True,1.1767896906596385
83,83,2020-09-29 18:48:07,0.133,M5_L6,,8.115833333333333,83.0,,100000.0,309.0,98518.0,98827.0,0.0,98569.0,257.0,1.0,0.0,98580.0,247.0,0.0,98580.0,100.00%,0.31%,98.52%,98.83%,0.00%,98.57%,0.26%,0.00%,0.00%,98.58%,0.25%,0.00%,98.58%,100.00%,0.31%,99.69%,98.83%,0.00%,99.74%,0.26%,0.00%,0.00%,99.75%,0.25%,0.00%,98.58%,8011.0,352.4,7943.6,7919.8,,7940.3,99.9,275.8,,7939.5,90.5,,7939.5,120.1,102.9,116.2,116.1,,116.2,95.6,1531.1,,116.1,112.1,,116.1,10.7,13.4,10.6,10.6,,10.6,13.3,36.1,,10.6,13.6,,10.6,186.4,19.5,186.7,186.2,,186.7,10.2,8.2,,186.7,9.6,,186.7,True,1.1830679156392172
84,84,2020-09-29 18:50:15,0.125,M5,,8.151388888888889,84.0,,100000.0,635.0,97329.0,97964.0,0.0,97342.0,619.0,3.0,0.0,97356.0,603.0,5.0,97361.0,100.00%,0.63%,97.33%,97.96%,0.00%,97.34%,0.62%,0.00%,0.00%,97.36%,0.60%,0.00%,97.36%,100.00%,0.65%,99.35%,97.96%,0.00%,99.37%,0.63%,0.00%,0.00%,99.38%,0.62%,0.01%,97.36%,10195.1,123.3,10161.9,10096.8,,10160.7,97.3,273.7,,10159.3,92.0,281.6,10158.8,195.6,176.6,158.1,158.2,,158.1,157.1,4918.4,,158.1,157.1,3112.1,158.2,11.3,14.9,10.8,10.8,,10.8,14.4,130.8,,10.8,13.9,117.6,10.8,217.5,10.3,220.3,218.9,,220.2,9.7,14.2,,220.2,9.2,18.8,220.2,True,1.3160046738608013
85,85,2020-09-29 18:59:44,0.156,pECJ3,,8.309444444444445,85.0,,100000.0,177.0,99238.0,99415.0,0.0,99244.0,171.0,0.0,0.0,99261.0,154.0,0.0,99261.0,100.00%,0.18%,99.24%,99.41%,0.00%,99.24%,0.17%,0.00%,0.00%,99.26%,0.15%,0.00%,99.26%,100.00%,0.18%,99.82%,99.41%,0.00%,99.83%,0.17%,0.00%,0.00%,99.85%,0.15%,0.00%,99.26%,11347.5,163.6,11323.6,11303.7,,11323.0,108.8,,,11321.1,90.6,,11321.1,125.4,93.7,123.0,122.9,,123.0,84.9,,,122.9,115.9,,122.9,11.7,14.2,11.6,11.6,,11.6,14.2,,,11.6,15.0,,11.6,290.4,14.3,290.9,290.4,,290.9,12.5,,,290.8,11.2,,290.8,True,0.8911197450391608
86,86,2020-09-29 19:02:32,0.165,M5_L5,,8.356111111111112,86.0,,100000.0,207.0,99423.0,99630.0,0.0,99450.0,180.0,0.0,0.0,99466.0,164.0,0.0,99466.0,100.00%,0.21%,99.42%,99.63%,0.00%,99.45%,0.18%,0.00%,0.00%,99.47%,0.16%,0.00%,99.47%,100.00%,0.21%,99.79%,99.63%,0.00%,99.82%,0.18%,0.00%,0.00%,99.84%,0.16%,0.00%,99.47%,10895.7,314.7,10884.6,10862.6,,10882.1,124.0,,,10880.4,120.7,,10880.4,138.5,129.7,137.0,137.0,,137.0,125.5,,,137.0,155.8,,137.0,12.4,14.8,12.3,12.3,,12.3,14.9,,,12.3,15.4,,12.3,292.1,20.0,292.7,292.1,,292.6,12.8,,,292.6,11.4,,292.6,True,0.9229990107709072
87,87,2020-09-29 19:05:05,0.171,M5_L6,,8.39861111111111,87.0,,100000.0,207.0,99379.0,99586.0,0.0,99415.0,167.0,4.0,0.0,99412.0,173.0,1.0,99413.0,100.00%,0.21%,99.38%,99.59%,0.00%,99.41%,0.17%,0.00%,0.00%,99.41%,0.17%,0.00%,99.41%,100.00%,0.21%,99.79%,99.59%,0.00%,99.83%,0.17%,0.00%,0.00%,99.83%,0.17%,0.00%,99.41%,9389.1,368.0,9389.5,9370.8,,9386.7,100.1,214.6,,9387.0,122.6,198.0,9386.9,149.6,210.6,146.9,147.0,,146.9,194.0,1863.3,,146.9,222.3,2139.1,146.9,12.9,18.7,12.8,12.8,,12.8,18.5,46.3,,12.8,18.7,82.4,12.8,257.6,23.7,258.0,257.5,,258.0,12.0,7.0,,258.0,12.2,10.3,258.0,True,0.8887347169069363
88,88,2020-09-29 19:07:18,0.161,M5,,8.435555555555556,88.0,,100000.0,159.0,98485.0,98644.0,0.0,98499.0,144.0,1.0,0.0,98503.0,140.0,1.0,98504.0,100.00%,0.16%,98.48%,98.64%,0.00%,98.50%,0.14%,0.00%,0.00%,98.50%,0.14%,0.00%,98.50%,100.00%,0.16%,99.84%,98.64%,0.00%,99.85%,0.15%,0.00%,0.00%,99.86%,0.14%,0.00%,98.50%,12716.6,216.2,12763.1,12742.9,,12761.5,105.4,81.8,,12761.0,117.1,81.8,12760.8,180.4,167.6,180.0,179.9,,180.0,134.2,3203.0,,179.9,159.4,3203.0,180.0,13.7,17.1,13.4,13.4,,13.4,16.6,119.4,,13.4,16.4,119.4,13.4,341.7,17.2,335.6,335.1,,335.6,12.6,10.7,,335.6,11.8,10.7,335.6,True,0.890641505039865
89,89,2020-09-29 19:19:47,0.192,pECJ3,,8.643611111111111,89.0,,100000.0,542.0,97999.0,98541.0,0.0,98016.0,525.0,0.0,0.0,98023.0,518.0,0.0,98023.0,100.00%,0.54%,98.00%,98.54%,0.00%,98.02%,0.52%,0.00%,0.00%,98.02%,0.52%,0.00%,98.02%,100.00%,0.55%,99.45%,98.54%,0.00%,99.47%,0.53%,0.00%,0.00%,99.47%,0.53%,0.00%,98.02%,10794.7,106.4,10921.1,10861.6,,10919.5,58.0,,,10918.8,54.1,,10918.8,113.7,56.8,113.2,112.9,,113.2,57.8,,,113.2,59.4,,113.2,15.0,17.9,14.7,14.7,,14.7,18.0,,,14.7,18.0,,14.7,357.5,17.2,357.4,355.5,,357.3,14.9,,,357.3,14.4,,357.3,True,0.6213646826281628
90,90,2020-09-29 19:21:48,0.19699999999999998,M5_L5,,8.677222222222222,90.0,,100000.0,341.0,96112.0,96453.0,0.0,96146.0,306.0,1.0,0.0,96143.0,309.0,1.0,96144.0,100.00%,0.34%,96.11%,96.45%,0.00%,96.15%,0.31%,0.00%,0.00%,96.14%,0.31%,0.00%,96.14%,100.00%,0.35%,99.65%,96.45%,0.00%,99.68%,0.32%,0.00%,0.00%,99.68%,0.32%,0.00%,96.14%,10568.1,211.5,10673.9,10636.9,,10670.7,67.2,148.7,,10670.9,79.1,148.7,10670.8,139.9,84.0,124.8,124.7,,124.8,61.8,8673.1,,124.8,63.1,8673.1,124.9,15.9,17.2,15.4,15.4,,15.4,16.9,223.7,,15.4,16.9,223.7,15.4,365.9,21.6,365.5,364.3,,365.4,14.4,7.9,,365.4,14.6,7.9,365.4,True,0.5520153264832768
91,91,2020-09-29 19:23:30,0.2,M5_L6,,8.705555555555556,91.0,,100000.0,220.0,98180.0,98400.0,0.0,98222.0,177.0,1.0,0.0,98224.0,175.0,1.0,98225.0,100.00%,0.22%,98.18%,98.40%,0.00%,98.22%,0.18%,0.00%,0.00%,98.22%,0.18%,0.00%,98.22%,100.00%,0.22%,99.78%,98.40%,0.00%,99.82%,0.18%,0.00%,0.00%,99.82%,0.18%,0.00%,98.22%,9838.0,410.1,9762.0,9741.1,,9758.6,90.5,-7.0,,9758.4,89.7,-7.0,9758.3,261.7,121.1,170.9,170.8,,170.8,119.3,3934.5,,170.8,122.2,3934.5,170.9,16.7,17.6,16.5,16.5,,16.5,16.9,160.0,,16.5,17.0,160.0,16.5,329.3,31.5,325.6,324.9,,325.5,14.1,5.4,,325.5,13.2,5.4,325.5,True,0.5103653539939882
92,92,2020-09-29 19:25:13,0.191,M5,,8.734166666666667,92.0,,100000.0,188.0,97386.0,97574.0,0.0,97407.0,167.0,0.0,0.0,97404.0,170.0,0.0,97404.0,100.00%,0.19%,97.39%,97.57%,0.00%,97.41%,0.17%,0.00%,0.00%,97.40%,0.17%,0.00%,97.40%,100.00%,0.19%,99.81%,97.57%,0.00%,99.83%,0.17%,0.00%,0.00%,99.83%,0.17%,0.00%,97.40%,12418.2,239.2,12527.3,12503.6,,12524.9,76.5,,,12525.2,100.4,,12525.2,165.4,84.2,166.1,166.0,,166.1,86.1,,,166.1,87.9,,166.1,16.8,17.9,16.3,16.4,,16.4,17.8,,,16.4,17.8,,16.4,419.2,26.4,407.4,406.7,,407.3,14.5,,,407.3,15.0,,407.3,True,0.5722126763012104
93,93,2020-09-29 19:34:14,0.012,pECJ3,16.0,8.884444444444444,93.0,,76786.0,1190.0,72814.0,74004.0,0.0,72832.0,1170.0,2.0,0.0,72838.0,1164.0,2.0,72840.0,100.00%,1.55%,94.83%,96.38%,0.00%,94.85%,1.52%,0.00%,0.00%,94.86%,1.52%,0.00%,94.86%,100.00%,1.61%,98.39%,96.38%,0.00%,98.42%,1.58%,0.00%,0.00%,98.42%,1.57%,0.00%,94.86%,11201.7,88.4,11586.7,11401.8,,11584.3,62.4,374.8,,11583.3,64.3,-20.4,11583.0,169.5,89.9,157.1,156.0,,157.1,87.4,1831.1,,157.1,92.0,303.0,157.1,17.7,21.7,17.0,17.1,,17.0,21.7,52.3,,17.0,21.7,94.1,17.0,403.0,17.9,408.0,401.7,,407.9,15.9,17.5,,407.9,15.8,17.2,407.9,True,0.0
94,94,2020-09-29 19:37:41,0.013000000000000001,M5_L5,16.0,8.941944444444445,94.0,,76095.0,1326.0,72545.0,73871.0,0.0,72568.0,1300.0,3.0,0.0,72566.0,1305.0,0.0,72566.0,100.00%,1.74%,95.33%,97.08%,0.00%,95.37%,1.71%,0.00%,0.00%,95.36%,1.71%,0.00%,95.36%,100.00%,1.80%,98.20%,97.08%,0.00%,98.24%,1.76%,0.00%,0.00%,98.23%,1.77%,0.00%,95.36%,10922.8,95.1,11334.4,11132.7,,11331.3,68.7,513.5,,11331.6,72.8,,11331.6,180.0,126.0,178.4,177.5,,178.4,123.2,1837.2,,178.4,127.6,,178.4,18.8,21.7,18.2,18.3,,18.2,21.7,55.8,,18.2,21.8,,18.2,401.6,17.4,409.8,402.7,,409.7,15.7,19.0,,409.7,15.8,,409.7,True,0.20525043385937733
95,95,2020-09-29 19:39:12,0.012,M5_L6,16.0,8.967222222222222,95.0,,82267.0,766.0,78131.0,78897.0,0.0,78167.0,729.0,1.0,0.0,78162.0,735.0,0.0,78162.0,100.00%,0.93%,94.97%,95.90%,0.00%,95.02%,0.89%,0.00%,0.00%,95.01%,0.89%,0.00%,95.01%,100.00%,0.97%,99.03%,95.90%,0.00%,99.07%,0.92%,0.00%,0.00%,99.07%,0.93%,0.00%,95.01%,9563.3,127.7,9805.5,9711.5,,9801.7,54.7,241.7,,9802.2,64.5,,9802.2,218.8,86.0,206.0,204.8,,205.9,83.8,1935.5,,205.9,87.6,,205.9,19.8,20.7,19.5,19.5,,19.5,20.7,156.9,,19.5,20.8,,19.5,357.4,19.3,362.0,358.6,,361.8,15.0,37.2,,361.9,15.2,,361.9,True,-0.15600762237040225
96,96,2020-09-29 19:40:37,0.012,M5,16.0,8.990833333333333,96.0,,72886.0,831.0,68897.0,69728.0,0.0,68904.0,824.0,0.0,0.0,68902.0,826.0,0.0,68902.0,100.00%,1.14%,94.53%,95.67%,0.00%,94.54%,1.13%,0.00%,0.00%,94.53%,1.13%,0.00%,94.53%,100.00%,1.19%,98.81%,95.67%,0.00%,98.82%,1.18%,0.00%,0.00%,98.82%,1.18%,0.00%,94.53%,12882.7,86.0,13288.2,13130.9,,13287.0,74.8,,,13287.3,78.2,,13287.3,249.7,97.4,245.1,243.4,,245.1,95.5,,,245.1,97.5,,245.1,20.8,19.5,20.4,20.4,,20.4,19.5,,,20.4,19.6,,20.4,467.7,14.9,476.0,470.5,,476.0,14.5,,,476.0,14.5,,476.0,True,0.020345236290201085
97,97,2020-09-29 19:55:46,0.013999999999999999,pECJ3,,9.243333333333334,97.0,,90745.0,1110.0,85601.0,86711.0,0.0,85610.0,1101.0,0.0,0.0,85608.0,1103.0,0.0,85608.0,100.00%,1.22%,94.33%,95.55%,0.00%,94.34%,1.21%,0.00%,0.00%,94.34%,1.22%,0.00%,94.34%,100.00%,1.28%,98.72%,95.55%,0.00%,98.73%,1.27%,0.00%,0.00%,98.73%,1.27%,0.00%,94.34%,12230.8,63.7,12619.2,12458.4,,12618.0,49.7,,,12618.3,51.5,,12618.3,255.8,66.9,257.5,255.1,,257.5,66.3,,,257.5,66.5,,257.5,21.5,17.4,21.2,21.1,,21.2,17.3,,,21.2,17.3,,21.2,447.6,13.9,453.3,447.7,,453.3,13.1,,,453.3,13.1,,453.3,True,-7.295957393719107
98,98,2020-09-29 19:58:37,0.013999999999999999,M5_L5,,9.290833333333333,98.0,,90308.0,709.0,87285.0,87994.0,0.0,87311.0,682.0,1.0,0.0,87310.0,683.0,1.0,87311.0,100.00%,0.79%,96.65%,97.44%,0.00%,96.68%,0.76%,0.00%,0.00%,96.68%,0.76%,0.00%,96.68%,100.00%,0.81%,99.19%,97.44%,0.00%,99.22%,0.78%,0.00%,0.00%,99.22%,0.78%,0.00%,96.68%,12207.9,114.2,12459.7,12360.2,,12456.4,59.4,243.2,,12456.6,62.7,243.2,12456.4,285.0,74.4,283.1,281.4,,283.0,66.7,4739.2,,283.0,67.3,4739.2,283.1,22.6,18.6,22.2,22.1,,22.2,18.1,288.9,,22.2,18.1,288.9,22.2,453.2,17.5,451.4,447.9,,451.3,14.1,26.7,,451.3,14.2,26.7,451.3,True,-7.734498965214821
99,99,2020-09-29 20:00:34,0.013999999999999999,M5_L6,,9.323333333333334,99.0,,80475.0,832.0,76907.0,77739.0,1.0,76946.0,792.0,0.0,0.0,76952.0,787.0,0.0,76952.0,100.00%,1.03%,95.57%,96.60%,0.00%,95.61%,0.98%,0.00%,0.00%,95.62%,0.98%,0.00%,95.62%,100.00%,1.07%,98.93%,96.60%,0.00%,98.98%,1.02%,0.00%,0.00%,98.99%,1.01%,0.00%,95.62%,10368.4,130.1,10737.7,10624.2,1042.3,10733.1,55.3,,,10732.2,58.6,,10732.2,313.1,83.2,310.2,307.8,2171.6,310.1,79.2,,,310.1,83.7,,310.1,23.9,20.1,23.5,23.5,103.2,23.5,20.0,,,23.5,20.1,,23.5,390.9,19.5,397.8,393.7,37.5,397.6,15.5,,,397.6,15.1,,397.6,True,-7.352868137819879
100,100,2020-09-29 20:02:27,0.013999999999999999,M5,,9.354722222222222,100.0,,88438.0,742.0,83418.0,84160.0,0.0,83433.0,726.0,1.0,0.0,83424.0,736.0,0.0,83424.0,100.00%,0.84%,94.32%,95.16%,0.00%,94.34%,0.82%,0.00%,0.00%,94.33%,0.83%,0.00%,94.33%,100.00%,0.88%,99.12%,95.16%,0.00%,99.14%,0.86%,0.00%,0.00%,99.13%,0.87%,0.00%,94.33%,14494.7,83.2,14859.5,14729.2,,14857.0,56.0,453.8,,14858.5,76.2,,14858.5,422.5,81.0,413.2,410.3,,413.1,77.3,3514.9,,413.1,82.9,,413.1,26.9,18.1,26.5,26.5,,26.5,18.0,116.8,,26.5,18.2,,26.5,524.3,14.5,526.5,522.0,,526.5,13.5,19.9,,526.5,14.1,,526.5,True,-7.19570759746953
101,101,2020-09-29 20:32:10,0.018000000000000002,pECJ3,,9.85,101.0,,100000.0,1361.0,95688.0,97049.0,0.0,95715.0,1334.0,0.0,0.0,95729.0,1309.0,11.0,95740.0,100.00%,1.36%,95.69%,97.05%,0.00%,95.71%,1.33%,0.00%,0.00%,95.73%,1.31%,0.01%,95.74%,100.00%,1.40%,98.60%,97.05%,0.00%,98.63%,1.37%,0.00%,0.00%,98.64%,1.35%,0.01%,95.74%,11664.3,74.0,11948.3,11781.8,,11945.4,42.4,,,11943.7,41.7,17.1,11942.3,366.3,34.3,373.0,368.2,,372.9,32.4,,,372.8,33.7,330.5,372.8,29.1,19.7,28.9,28.8,,28.9,19.6,,,28.9,19.2,84.1,28.9,493.1,18.6,496.6,489.9,,496.5,16.3,,,496.5,15.9,29.8,496.4,True,0.4142545521113844
102,102,2020-09-29 20:34:03,0.018000000000000002,M5_L5,,9.881388888888889,102.0,,100000.0,640.0,92484.0,93124.0,0.0,92531.0,593.0,0.0,0.0,92591.0,531.0,2.0,92593.0,100.00%,0.64%,92.48%,93.12%,0.00%,92.53%,0.59%,0.00%,0.00%,92.59%,0.53%,0.00%,92.59%,100.00%,0.69%,99.31%,93.12%,0.00%,99.36%,0.64%,0.00%,0.00%,99.43%,0.57%,0.00%,92.59%,11302.0,162.0,11688.7,11609.5,,11683.6,47.7,,,11676.2,32.6,33.7,11675.9,366.0,46.4,375.0,372.7,,374.8,42.4,,,374.5,50.5,267.8,374.5,29.9,17.9,29.2,29.2,,29.2,17.6,,,29.2,17.4,86.8,29.2,493.4,20.7,491.5,488.2,,491.3,13.9,,,491.0,11.8,28.1,491.0,True,0.4255559462893997
103,103,2020-09-29 20:35:52,0.018000000000000002,M5_L6,,9.911666666666667,103.0,,100000.0,478.0,93451.0,93929.0,0.0,93515.0,414.0,0.0,0.0,93516.0,413.0,0.0,93516.0,100.00%,0.48%,93.45%,93.93%,0.00%,93.52%,0.41%,0.00%,0.00%,93.52%,0.41%,0.00%,93.52%,100.00%,0.51%,99.49%,93.93%,0.00%,99.56%,0.44%,0.00%,0.00%,99.56%,0.44%,0.00%,93.52%,9609.7,273.8,9867.3,9818.4,,9861.7,53.0,,,9861.6,56.8,,9861.6,381.2,43.0,388.7,387.0,,388.5,32.6,,,388.5,35.5,,388.5,32.1,19.1,31.4,31.4,,31.4,18.2,,,31.4,18.3,,31.4,441.2,29.7,437.7,435.6,,437.5,15.2,,,437.5,15.1,,437.5,True,0.4271633341885097
104,104,2020-09-29 20:37:20,0.017,M5,,9.936111111111112,104.0,,100000.0,546.0,96694.0,97240.0,0.0,96714.0,526.0,0.0,1.0,96775.0,461.0,3.0,96779.0,100.00%,0.55%,96.69%,97.24%,0.00%,96.71%,0.53%,0.00%,0.00%,96.78%,0.46%,0.00%,96.78%,100.00%,0.56%,99.44%,97.24%,0.00%,99.46%,0.54%,0.00%,0.00%,99.52%,0.47%,0.00%,96.78%,14129.2,112.8,14327.0,14247.2,,14324.4,56.0,,308.0,14315.4,43.8,7.6,14314.8,577.8,47.9,584.8,581.8,,584.7,46.5,,139.4,584.3,56.3,366.6,584.3,38.6,18.9,38.1,38.0,,38.1,18.8,,85.4,38.1,18.3,87.8,38.1,590.0,17.8,583.9,580.7,,583.8,15.0,,44.6,583.5,12.6,28.2,583.4,True,0.33395205541684164
105,105,2020-09-29 21:04:02,0.0212,pECJ3,,10.38111111111111,105.0,,78440.0,1386.0,70364.0,71750.0,0.0,70388.0,1362.0,0.0,0.0,70392.0,1358.0,0.0,70392.0,100.00%,1.77%,89.70%,91.47%,0.00%,89.73%,1.74%,0.00%,0.00%,89.74%,1.73%,0.00%,89.74%,100.00%,1.93%,98.07%,91.47%,0.00%,98.10%,1.90%,0.00%,0.00%,98.11%,1.89%,0.00%,89.74%,12494.4,52.0,13125.3,12872.7,,13121.3,27.2,,,13120.5,28.1,,13120.5,511.0,19.5,531.6,521.7,,531.4,19.5,,,531.4,20.7,,531.4,37.2,16.1,36.5,36.1,,36.4,16.0,,,36.4,16.1,,36.4,588.7,14.3,582.2,571.2,,582.0,12.9,,,582.0,12.8,,582.0,True,0.30808887322933415
106,106,2020-09-29 21:06:38,0.0218,M5_L5,,10.424444444444445,106.0,,85942.0,1628.0,76441.0,78069.0,0.0,76491.0,1576.0,2.0,2.0,76788.0,1267.0,12.0,76802.0,100.00%,1.89%,88.94%,90.84%,0.00%,89.00%,1.83%,0.00%,0.00%,89.35%,1.47%,0.01%,89.36%,100.00%,2.09%,97.91%,90.84%,0.00%,97.98%,2.02%,0.00%,0.00%,98.36%,1.62%,0.02%,89.36%,11631.7,92.9,12603.6,12342.7,,12596.5,42.7,260.9,234.2,12548.2,27.1,17.7,12545.9,450.1,53.7,483.4,474.5,,483.2,45.1,4995.6,490.9,481.2,62.1,1035.3,481.3,38.8,23.7,37.4,37.1,,37.4,23.3,248.5,90.6,37.4,22.2,113.6,37.4,580.4,23.1,578.1,566.6,,577.9,18.8,16.8,43.2,575.8,14.7,21.1,575.7,True,0.3527046357217199
107,107,2020-09-29 21:08:40,0.0216,M5_L6,,10.458333333333334,107.0,,89071.0,753.0,83028.0,83781.0,0.0,83075.0,704.0,2.0,0.0,83088.0,688.0,5.0,83093.0,100.00%,0.85%,93.22%,94.06%,0.00%,93.27%,0.79%,0.00%,0.00%,93.28%,0.77%,0.01%,93.29%,100.00%,0.90%,99.10%,94.06%,0.00%,99.16%,0.84%,0.00%,0.00%,99.17%,0.82%,0.01%,93.29%,10893.2,144.8,11191.0,11091.7,,11185.6,43.7,410.0,,11183.8,43.5,51.7,11183.2,499.7,128.7,507.6,504.2,,507.4,52.5,26744.8,,507.3,55.1,10839.2,507.9,39.0,22.4,38.3,38.1,,38.3,18.9,1142.9,,38.3,18.6,506.5,38.3,519.6,21.6,514.9,510.4,,514.6,14.6,23.6,,514.6,14.1,16.1,514.5,True,0.3335150429157704
108,108,2020-09-29 21:11:02,0.0211,M5,,10.497777777777777,108.0,,85169.0,678.0,78179.0,78857.0,0.0,78190.0,666.0,1.0,0.0,78257.0,596.0,4.0,78261.0,100.00%,0.80%,91.79%,92.59%,0.00%,91.81%,0.78%,0.00%,0.00%,91.88%,0.70%,0.00%,91.89%,100.00%,0.86%,99.14%,92.59%,0.00%,99.15%,0.84%,0.00%,0.00%,99.24%,0.76%,0.01%,91.89%,15010.0,66.6,15600.6,15467.1,,15598.6,43.9,66.5,,15585.4,32.4,34.8,15584.6,764.1,45.7,782.0,775.7,,781.9,40.1,3871.7,,781.2,45.8,1281.0,781.3,52.2,19.2,51.4,51.1,,51.4,18.9,214.6,,51.4,18.1,122.0,51.4,708.6,17.5,697.3,691.5,,697.2,14.7,10.3,,696.7,12.6,19.3,696.6,True,0.38467601737531976
109,109,2020-09-29 21:31:25,0.0245,pECJ3,,10.8375,109.0,,92863.0,2044.0,82557.0,84601.0,0.0,82576.0,2024.0,1.0,0.0,82587.0,2014.0,0.0,82587.0,100.00%,2.20%,88.90%,91.10%,0.00%,88.92%,2.18%,0.00%,0.00%,88.93%,2.17%,0.00%,88.93%,100.00%,2.42%,97.58%,91.10%,0.00%,97.61%,2.39%,0.00%,0.00%,97.62%,2.38%,0.00%,88.93%,13968.4,48.6,15062.0,14699.3,,15058.9,35.1,460.2,,15056.9,35.1,,15056.9,539.4,36.8,564.6,551.9,,564.5,35.1,1519.7,,564.5,37.0,,564.5,42.4,19.6,41.8,41.3,,41.8,19.5,55.0,,41.8,19.6,,41.8,673.3,16.5,682.4,666.3,,682.3,15.4,12.8,,682.2,15.3,,682.2,True,0.3169926775056438
110,110,2020-09-29 21:35:32,0.0248,M5_L5,,10.90611111111111,110.0,,100000.0,905.0,90267.0,91172.0,0.0,90293.0,877.0,2.0,2.0,90400.0,765.0,5.0,90407.0,100.00%,0.91%,90.27%,91.17%,0.00%,90.29%,0.88%,0.00%,0.00%,90.40%,0.77%,0.00%,90.41%,100.00%,0.99%,99.01%,91.17%,0.00%,99.04%,0.96%,0.00%,0.00%,99.15%,0.84%,0.01%,90.41%,14236.3,80.7,14955.3,14807.7,,14951.5,38.8,547.5,21470.1,14933.5,24.8,47.5,14932.8,567.2,44.0,590.6,585.2,,590.5,30.0,5584.5,5214.5,589.6,40.6,2178.7,589.8,44.3,20.8,43.0,42.8,,43.0,20.1,239.6,358.2,43.0,19.5,150.2,43.0,698.9,19.2,685.0,678.4,,684.8,15.9,19.1,1031.3,684.0,13.3,20.1,684.0,True,0.2676823876316121
111,111,2020-09-29 21:37:41,0.0247,M5_L6,,10.941944444444445,111.0,,83370.0,1089.0,73678.0,74767.0,0.0,73712.0,1055.0,0.0,0.0,73713.0,1054.0,0.0,73713.0,100.00%,1.31%,88.37%,89.68%,0.00%,88.42%,1.27%,0.00%,0.00%,88.42%,1.26%,0.00%,88.42%,100.00%,1.46%,98.54%,89.68%,0.00%,98.59%,1.41%,0.00%,0.00%,98.59%,1.41%,0.00%,88.42%,12590.6,93.4,13469.1,13274.2,,13463.6,45.3,,,13463.4,46.4,,13463.4,604.7,63.5,630.6,622.3,,630.4,60.7,,,630.4,61.6,,630.4,45.3,20.3,44.5,44.1,,44.5,20.1,,,44.5,20.1,,44.5,619.0,19.6,614.9,606.3,,614.7,15.1,,,614.7,15.1,,614.7,True,0.2773094452600366
112,112,2020-09-29 21:39:45,0.0241,M5,,10.97638888888889,112.0,,72482.0,721.0,65200.0,65921.0,0.0,65209.0,711.0,1.0,0.0,65207.0,712.0,2.0,65209.0,100.00%,0.99%,89.95%,90.95%,0.00%,89.97%,0.98%,0.00%,0.00%,89.96%,0.98%,0.00%,89.97%,100.00%,1.09%,98.91%,90.95%,0.00%,98.92%,1.08%,0.00%,0.00%,98.92%,1.08%,0.00%,89.97%,17931.3,63.8,19016.7,18809.4,,19014.3,44.1,175.7,,19014.9,47.3,30.7,19014.3,962.7,54.7,1013.2,1002.8,,1013.1,51.8,1517.0,,1013.1,52.4,806.5,1013.1,63.3,19.1,62.2,61.7,,62.2,18.9,99.7,,62.2,18.8,103.9,62.2,851.3,16.2,834.8,825.9,,834.7,14.7,14.6,,834.8,14.8,23.3,834.7,True,0.2777595357240379
113,113,2020-09-29 22:15:01,0.031,pECJ3,,11.564166666666667,113.0,,100000.0,1520.0,91228.0,92748.0,0.0,91242.0,1506.0,0.0,2.0,91424.0,1315.0,7.0,91433.0,100.00%,1.52%,91.23%,92.75%,0.00%,91.24%,1.51%,0.00%,0.00%,91.42%,1.32%,0.01%,91.43%,100.00%,1.64%,98.36%,92.75%,0.00%,98.38%,1.62%,0.00%,0.00%,98.57%,1.42%,0.01%,91.43%,18688.2,45.5,19674.0,19352.3,,19671.2,33.8,,317.3,19632.3,21.3,-9.0,19630.3,787.6,19.2,830.1,816.8,,830.0,19.3,,702.6,828.2,27.6,356.4,828.1,52.5,19.1,52.1,51.6,,52.1,19.1,,91.2,52.0,18.5,83.6,52.1,891.4,16.4,879.8,865.6,,879.7,15.6,,45.3,878.0,13.1,21.7,877.9,True,0.32382672513917166
114,114,2020-09-29 22:16:47,0.0313,M5_L5,,11.59361111111111,114.0,,93098.0,993.0,83415.0,84408.0,0.0,83438.0,970.0,0.0,1.0,83586.0,816.0,5.0,83592.0,100.00%,1.07%,89.60%,90.67%,0.00%,89.62%,1.04%,0.00%,0.00%,89.78%,0.88%,0.01%,89.79%,100.00%,1.18%,98.82%,90.67%,0.00%,98.85%,1.15%,0.00%,0.00%,99.03%,0.97%,0.01%,89.79%,17934.9,84.8,18951.8,18729.8,,18947.0,49.4,,-35.0,18913.7,32.1,68.0,18912.3,770.8,46.4,812.2,803.2,,812.0,46.6,,206.5,810.5,61.3,602.8,810.4,53.6,21.3,52.5,52.1,,52.5,21.2,,98.6,52.4,21.1,89.3,52.4,874.9,19.7,856.9,847.1,,856.7,16.5,,46.6,855.2,13.7,24.6,855.2,True,0.33858101000024926
115,115,2020-09-29 22:18:20,0.0313,M5_L6,,11.619444444444444,115.0,,96049.0,762.0,88043.0,88805.0,0.0,88079.0,726.0,0.0,0.0,88104.0,698.0,3.0,88107.0,100.00%,0.79%,91.66%,92.46%,0.00%,91.70%,0.76%,0.00%,0.00%,91.73%,0.73%,0.00%,91.73%,100.00%,0.86%,99.14%,92.46%,0.00%,99.18%,0.82%,0.00%,0.00%,99.21%,0.79%,0.00%,91.73%,15786.6,111.0,16438.3,16298.2,,16432.2,43.2,,,16427.6,36.6,-29.9,16427.0,883.3,47.7,922.4,914.9,,922.1,46.5,,,921.8,50.4,301.0,921.7,55.0,22.2,54.9,54.6,,54.9,22.1,,,54.8,21.8,93.9,54.8,769.7,24.1,754.4,748.2,,754.2,17.0,,,754.0,16.0,30.2,754.0,True,0.3495422197965703
116,116,2020-09-29 22:19:51,0.0298,M5,,11.644722222222223,116.0,,100000.0,470.0,90761.0,91231.0,1.0,90772.0,458.0,0.0,1.0,90774.0,456.0,0.0,90775.0,100.00%,0.47%,90.76%,91.23%,0.00%,90.77%,0.46%,0.00%,0.00%,90.77%,0.46%,0.00%,90.78%,100.00%,0.52%,99.48%,91.23%,0.00%,99.50%,0.50%,0.00%,0.00%,99.50%,0.50%,0.00%,90.78%,23921.6,75.4,25026.7,24898.2,5126.8,25023.8,40.5,,5126.8,25023.3,44.6,,25023.0,1312.1,45.5,1371.7,1364.9,22269.6,1371.4,42.7,,22269.6,1371.3,47.9,,1371.5,79.0,18.6,77.3,77.0,1750.2,77.2,18.4,,1750.2,77.2,18.6,,77.3,1101.4,16.4,1061.4,1056.1,360.4,1061.3,14.1,,360.4,1061.3,14.0,,1061.3,True,0.3176507027652117
117,117,2020-09-29 22:43:25,0.036000000000000004,pECJ3,,12.0375,117.0,,100000.0,1317.0,91499.0,92816.0,0.0,91515.0,1300.0,1.0,0.0,91706.0,1104.0,6.0,91712.0,100.00%,1.32%,91.50%,92.82%,0.00%,91.51%,1.30%,0.00%,0.00%,91.71%,1.10%,0.01%,91.71%,100.00%,1.42%,98.58%,92.82%,0.00%,98.60%,1.40%,0.00%,0.00%,98.80%,1.19%,0.01%,91.71%,21930.0,55.0,22969.4,22644.3,,22965.6,38.7,384.7,,22918.1,23.8,70.4,22916.6,879.5,34.8,921.4,908.8,,921.2,31.2,3805.9,,919.2,42.7,907.4,919.2,58.2,21.5,57.4,56.9,,57.4,21.1,498.3,,57.3,20.7,150.0,57.3,1012.7,17.8,993.1,979.2,,992.9,16.8,48.0,,990.9,13.9,25.1,990.8,True,0.31591211402316355
118,118,2020-09-29 22:48:34,0.0371,M5_L5,,12.123333333333333,118.0,,100000.0,618.0,90588.0,91206.0,0.0,90599.0,607.0,0.0,0.0,90722.0,480.0,4.0,90726.0,100.00%,0.62%,90.59%,91.21%,0.00%,90.60%,0.61%,0.00%,0.00%,90.72%,0.48%,0.00%,90.73%,100.00%,0.68%,99.32%,91.21%,0.00%,99.33%,0.67%,0.00%,0.00%,99.47%,0.53%,0.00%,90.73%,21964.1,91.1,23037.9,22882.4,,23035.3,68.8,,,23004.3,40.7,30.4,23003.3,1055.0,36.6,959.0,952.8,,958.9,36.6,,,957.6,54.7,466.9,957.5,59.8,20.1,58.3,58.0,,58.3,20.2,,,58.2,19.4,81.6,58.2,1025.1,20.2,994.7,988.1,,994.6,18.1,,,993.3,13.9,20.7,993.2,True,0.32092078628327936
119,119,2020-09-29 22:50:52,0.0379,M5_L6,,12.161666666666667,119.0,,100000.0,720.0,89558.0,90278.0,0.0,89584.0,693.0,1.0,0.0,89583.0,694.0,1.0,89584.0,100.00%,0.72%,89.56%,90.28%,0.00%,89.58%,0.69%,0.00%,0.00%,89.58%,0.69%,0.00%,89.58%,100.00%,0.80%,99.20%,90.28%,0.00%,99.23%,0.77%,0.00%,0.00%,99.23%,0.77%,0.00%,89.58%,18922.9,90.2,19981.9,19823.3,,19976.5,44.7,-186.9,,19976.7,48.4,-186.9,19976.5,957.4,96.0,997.5,990.3,,997.3,45.3,35890.9,,997.3,47.6,35890.9,997.6,60.9,23.7,59.7,59.5,,59.7,20.5,2286.4,,59.7,20.6,2286.4,59.8,888.7,19.1,861.3,854.6,,861.1,16.1,1.3,,861.1,16.1,1.3,861.1,True,0.3528682645246836
120,120,2020-09-29 22:52:48,0.036000000000000004,M5,,12.193888888888889,120.0,,95182.0,1088.0,84898.0,85986.0,0.0,84909.0,1076.0,1.0,2.0,85055.0,921.0,8.0,85065.0,100.00%,1.14%,89.20%,90.34%,0.00%,89.21%,1.13%,0.00%,0.00%,89.36%,0.97%,0.01%,89.37%,100.00%,1.27%,98.73%,90.34%,0.00%,98.75%,1.25%,0.00%,0.00%,98.92%,1.07%,0.01%,89.37%,29662.9,60.9,31411.1,31014.4,,31407.2,48.6,353.6,5499.8,31353.3,36.6,58.1,31349.8,1576.6,206.3,1660.5,1642.1,,1660.3,69.5,147485.5,1599.0,1657.3,84.6,18665.5,1658.9,88.5,25.2,88.3,87.5,,88.3,21.4,4060.2,250.9,88.2,20.9,581.1,88.3,1312.9,17.5,1278.9,1263.0,,1278.8,16.5,18.8,528.7,1276.6,13.8,26.8,1276.5,True,0.34417701659135275
121,121,2020-09-29 23:40:13,0.0504,pECJ3,,12.984166666666667,121.0,,100000.0,550.0,93569.0,94119.0,1.0,93586.0,532.0,0.0,1.0,93581.0,536.0,1.0,93583.0,100.00%,0.55%,93.57%,94.12%,0.00%,93.59%,0.53%,0.00%,0.00%,93.58%,0.54%,0.00%,93.58%,100.00%,0.58%,99.42%,94.12%,0.00%,99.43%,0.57%,0.00%,0.00%,99.43%,0.57%,0.00%,93.58%,32926.1,113.3,34496.1,34295.2,1002.6,34490.1,68.3,,30623.2,34491.6,80.9,-255.3,34491.2,1179.2,63.0,1238.9,1232.0,2167.7,1238.7,58.2,,11621.1,1238.6,63.5,-21.9,1238.7,66.8,22.5,64.7,64.5,36.9,64.7,22.5,,257.7,64.7,22.4,100.3,64.7,1372.5,22.3,1285.2,1277.8,13.0,1285.0,18.3,,549.9,1285.0,18.5,34.3,1285.0,True,0.35542841896607
122,122,2020-09-29 23:42:03,0.0507,M5_L5,,13.014722222222222,122.0,,100000.0,405.0,93538.0,93943.0,0.0,93554.0,389.0,0.0,0.0,93634.0,308.0,1.0,93635.0,100.00%,0.41%,93.54%,93.94%,0.00%,93.55%,0.39%,0.00%,0.00%,93.63%,0.31%,0.00%,93.63%,100.00%,0.43%,99.57%,93.94%,0.00%,99.59%,0.41%,0.00%,0.00%,99.67%,0.33%,0.00%,93.63%,30318.0,127.7,31650.6,31514.7,,31645.4,86.3,,,31618.6,47.1,125.4,31618.3,1138.2,54.3,1188.9,1184.0,,1188.7,55.4,,,1187.6,69.9,166.5,1187.6,66.7,21.5,64.6,64.4,,64.6,21.7,,,64.6,21.6,91.0,64.6,1284.9,20.9,1216.0,1210.9,,1215.8,18.9,,,1214.8,14.7,34.8,1214.8,True,0.35036216501760453
123,123,2020-09-29 23:43:48,0.0517,M5_L6,,13.043888888888889,123.0,,100000.0,321.0,94586.0,94907.0,0.0,94598.0,308.0,1.0,0.0,94658.0,243.0,6.0,94664.0,100.00%,0.32%,94.59%,94.91%,0.00%,94.60%,0.31%,0.00%,0.00%,94.66%,0.24%,0.01%,94.66%,100.00%,0.34%,99.66%,94.91%,0.00%,99.67%,0.32%,0.00%,0.00%,99.74%,0.26%,0.01%,94.66%,25942.9,151.6,26836.0,26745.8,,26832.8,106.5,330.0,,26816.0,66.1,100.3,26814.3,1192.6,92.1,1235.5,1231.7,,1235.4,68.9,7920.2,,1234.6,82.7,1766.1,1234.6,69.9,24.5,67.9,67.8,,67.9,23.0,616.4,,67.9,22.6,167.9,67.9,1101.5,21.3,1048.5,1045.0,,1048.3,19.3,40.0,,1047.7,15.8,24.7,1047.6,True,0.35195970086070844
124,124,2020-09-29 23:45:25,0.0481,M5,,13.070833333333333,124.0,,100000.0,644.0,91860.0,92504.0,0.0,91875.0,629.0,0.0,7.0,92000.0,491.0,6.0,92013.0,100.00%,0.64%,91.86%,92.50%,0.00%,91.87%,0.63%,0.00%,0.01%,92.00%,0.49%,0.01%,92.01%,100.00%,0.70%,99.30%,92.50%,0.00%,99.32%,0.68%,0.00%,0.01%,99.46%,0.53%,0.01%,92.01%,41965.8,95.5,44280.4,43972.8,,44273.4,64.7,,10621.1,44212.7,34.3,-68.2,44207.3,1902.7,52.2,2015.1,2001.4,,2014.8,52.2,,4027.3,2011.7,71.6,240.0,2011.7,100.6,23.7,96.7,96.2,,96.7,23.7,,341.5,96.6,23.1,78.0,96.6,1682.9,20.6,1555.8,1545.1,,1555.6,19.1,,737.4,1553.4,14.8,15.3,1553.3,True,0.3304237121191571
125,125,2020-09-30 00:30:50,0.0666,pECJ3,,13.827777777777778,125.0,,100000.0,1999.0,89559.0,91558.0,0.0,89572.0,1985.0,1.0,0.0,89568.0,1990.0,0.0,89568.0,100.00%,2.00%,89.56%,91.56%,0.00%,89.57%,1.99%,0.00%,0.00%,89.57%,1.99%,0.00%,89.57%,100.00%,2.18%,97.82%,91.56%,0.00%,97.83%,2.17%,0.00%,0.00%,97.83%,2.17%,0.00%,89.57%,43869.6,47.7,47807.4,46764.6,,47800.6,39.8,390.3,,47802.6,44.1,,47802.6,1335.1,5.1,1456.3,1424.6,,1456.1,3.5,1701.6,,1456.1,5.7,,1456.1,72.0,22.6,67.9,66.9,,67.9,22.6,58.7,,67.9,22.6,,67.9,1674.4,19.7,1536.2,1503.1,,1536.0,19.3,13.5,,1536.1,19.3,,1536.1,True,0.33038137928497663
126,126,2020-09-30 00:33:00,0.0686,M5_L5,,13.863888888888889,126.0,,100000.0,369.0,87754.0,88123.0,0.0,87765.0,358.0,0.0,0.0,87824.0,297.0,2.0,87826.0,100.00%,0.37%,87.75%,88.12%,0.00%,87.77%,0.36%,0.00%,0.00%,87.82%,0.30%,0.00%,87.83%,100.00%,0.42%,99.58%,88.12%,0.00%,99.59%,0.41%,0.00%,0.00%,99.66%,0.34%,0.00%,87.83%,42200.2,103.6,44591.1,44404.8,,44585.7,72.9,,,44555.8,46.3,0.6,44554.8,1372.4,27.1,1447.3,1441.4,,1447.2,27.3,,,1446.1,44.9,248.4,1446.1,72.1,19.7,68.0,67.8,,68.0,19.8,,,67.9,19.9,77.6,67.9,1642.0,18.8,1489.0,1482.8,,1488.8,17.2,,,1487.8,14.4,22.8,1487.8,True,0.35607453283772594
127,127,2020-09-30 00:35:08,0.07,M5_L6,,13.899444444444445,127.0,,100000.0,333.0,88325.0,88658.0,0.0,88335.0,323.0,0.0,0.0,88376.0,281.0,1.0,88377.0,100.00%,0.33%,88.32%,88.66%,0.00%,88.34%,0.32%,0.00%,0.00%,88.38%,0.28%,0.00%,88.38%,100.00%,0.38%,99.62%,88.66%,0.00%,99.64%,0.36%,0.00%,0.00%,99.68%,0.32%,0.00%,88.38%,34028.9,120.1,36492.2,36355.6,,36488.2,86.1,,,36471.4,55.4,294.7,36471.0,1438.0,52.1,1543.8,1538.2,,1543.6,51.6,,,1542.9,58.5,858.8,1542.9,73.7,18.5,69.5,69.3,,69.5,18.5,,,69.5,18.6,76.2,69.5,1335.3,18.5,1199.3,1194.8,,1199.1,15.6,,,1198.6,13.4,22.4,1198.6,True,0.3541996291967249
128,128,2020-09-30 00:38:16,0.0647,M5,,13.951666666666666,128.0,,100000.0,305.0,88245.0,88550.0,0.0,88252.0,294.0,4.0,0.0,88256.0,291.0,3.0,88259.0,100.00%,0.30%,88.24%,88.55%,0.00%,88.25%,0.29%,0.00%,0.00%,88.26%,0.29%,0.00%,88.26%,100.00%,0.34%,99.66%,88.55%,0.00%,99.66%,0.33%,0.00%,0.00%,99.67%,0.33%,0.00%,88.26%,59217.7,106.6,64268.4,64047.4,,64263.4,86.4,-8.6,,64260.5,83.4,8.2,64258.3,2311.8,237.4,2515.6,2507.8,,2515.4,110.7,9912.3,,2515.3,121.3,12645.9,2515.6,108.7,26.8,102.4,102.1,,102.4,20.1,526.6,,102.4,20.5,677.6,102.4,2209.9,17.0,1955.3,1948.6,,1955.1,15.9,13.3,,1955.1,15.4,14.8,1955.0,True,0.3365892424542737
129,129,2020-09-30 01:12:16,0.0848,pECJ3,,14.518333333333333,129.0,,100000.0,660.0,87267.0,87927.0,0.0,87272.0,655.0,0.0,0.0,87271.0,655.0,1.0,87272.0,100.00%,0.66%,87.27%,87.93%,0.00%,87.27%,0.66%,0.00%,0.00%,87.27%,0.66%,0.00%,87.27%,100.00%,0.75%,99.25%,87.93%,0.00%,99.26%,0.74%,0.00%,0.00%,99.25%,0.74%,0.00%,87.27%,57220.8,62.0,62757.4,62286.8,,62753.9,50.5,,,62754.6,52.6,116.7,62753.9,1466.8,6.7,1594.3,1582.4,,1594.2,6.1,,,1594.3,6.0,442.2,1594.2,78.6,15.6,69.2,68.8,,69.2,15.6,,,69.2,15.5,111.9,69.2,2034.8,14.0,1787.5,1774.1,,1787.4,13.5,,,1787.4,13.5,24.0,1787.4,True,0.34985015080669735
130,130,2020-09-30 01:16:18,0.0883,M5_L5,,14.585555555555555,130.0,,100000.0,387.0,87284.0,87671.0,0.0,87297.0,374.0,0.0,0.0,87296.0,375.0,0.0,87296.0,100.00%,0.39%,87.28%,87.67%,0.00%,87.30%,0.37%,0.00%,0.00%,87.30%,0.37%,0.00%,87.30%,100.00%,0.44%,99.56%,87.67%,0.00%,99.57%,0.43%,0.00%,0.00%,99.57%,0.43%,0.00%,87.30%,53969.9,120.7,58340.1,58083.1,,58331.6,79.2,,,58332.2,83.4,,58332.2,1565.2,41.1,1699.2,1691.9,,1698.9,39.8,,,1698.9,39.8,,1698.9,76.1,18.8,70.1,69.9,,70.1,18.7,,,70.1,18.7,,70.1,1974.4,18.1,1726.7,1719.2,,1726.5,15.9,,,1726.5,15.7,,1726.5,True,0.3498118792767781
131,131,2020-09-30 01:19:00,0.0914,M5_L6,,14.630555555555556,131.0,,100000.0,259.0,85858.0,86117.0,0.0,85866.0,251.0,0.0,0.0,85900.0,217.0,0.0,85900.0,100.00%,0.26%,85.86%,86.12%,0.00%,85.87%,0.25%,0.00%,0.00%,85.90%,0.22%,0.00%,85.90%,100.00%,0.30%,99.70%,86.12%,0.00%,99.71%,0.29%,0.00%,0.00%,99.75%,0.25%,0.00%,85.90%,42436.1,161.6,46947.1,46806.4,,46942.8,126.4,,,46924.4,88.1,,46924.4,1442.7,73.9,1580.0,1575.5,,1579.9,72.6,,,1579.3,91.2,,1579.3,81.0,18.1,71.6,71.4,,71.6,18.0,,,71.6,18.3,,71.6,1584.2,17.7,1394.6,1390.4,,1394.4,15.4,,,1393.9,13.0,,1393.9,True,0.36485594645846614
132,132,2020-09-30 01:23:08,0.08199999999999999,M5,,14.699444444444444,132.0,,100000.0,76.0,59215.0,59291.0,1.0,59215.0,74.0,1.0,16.0,59200.0,75.0,0.0,59216.0,100.00%,0.08%,59.21%,59.29%,0.00%,59.21%,0.07%,0.00%,0.02%,59.20%,0.08%,0.00%,59.22%,100.00%,0.13%,99.87%,59.29%,0.00%,99.87%,0.12%,0.00%,0.03%,99.85%,0.13%,0.00%,59.22%,76937.2,142.5,107328.8,107191.4,14974.1,107328.6,131.0,333.1,20107.2,107350.6,134.7,,107327.0,2372.8,244.8,3074.3,3070.7,10413.0,3074.1,227.6,1788.2,8382.9,3072.8,247.4,,3074.3,119.6,12.5,103.8,103.7,355.3,103.8,12.3,22.9,353.5,103.7,12.5,,103.8,2702.8,8.7,2590.5,2587.2,484.8,2590.5,8.5,4.6,675.3,2591.0,8.3,,2590.4,True,0.3168829735240096
133,133,2020-09-30 02:02:28,0.102,pECJ3,,15.355,133.0,,100000.0,271.0,60914.0,61185.0,0.0,60917.0,267.0,1.0,0.0,60919.0,265.0,1.0,60920.0,100.00%,0.27%,60.91%,61.19%,0.00%,60.92%,0.27%,0.00%,0.00%,60.92%,0.26%,0.00%,60.92%,100.00%,0.44%,99.56%,61.19%,0.00%,99.56%,0.44%,0.00%,0.00%,99.57%,0.43%,0.00%,60.92%,73685.6,83.7,101908.6,101457.6,,101903.6,71.5,224.9,,101900.3,69.2,224.9,101898.6,1981.1,104.7,2652.8,2641.6,,2652.7,97.6,1770.3,,2652.6,98.6,1770.3,2652.6,82.7,11.5,78.0,77.7,,78.0,11.2,67.7,,78.0,11.3,67.7,78.0,2506.5,8.7,2373.0,2362.5,,2372.9,8.3,11.8,,2372.8,8.2,11.8,2372.8,True,0.22072980536224718
134,134,2020-09-30 02:05:58,0.107,M5_L5,,15.413333333333334,134.0,,100000.0,89.0,60159.0,60248.0,0.0,60161.0,87.0,0.0,0.0,60163.0,85.0,0.0,60163.0,100.00%,0.09%,60.16%,60.25%,0.00%,60.16%,0.09%,0.00%,0.00%,60.16%,0.09%,0.00%,60.16%,100.00%,0.15%,99.85%,60.25%,0.00%,99.86%,0.14%,0.00%,0.00%,99.86%,0.14%,0.00%,60.16%,69697.9,107.6,95579.8,95438.8,,95576.7,87.2,,,95573.5,76.9,,95573.5,1932.5,101.1,2570.1,2566.4,,2570.0,103.2,,,2569.9,104.1,,2569.9,82.0,11.8,76.7,76.6,,76.7,11.8,,,76.7,11.8,,76.7,2391.6,10.1,2251.5,2248.2,,2251.4,9.4,,,2251.4,9.0,,2251.4,True,0.23205349552589583
135,135,2020-09-30 02:08:43,0.114,M5_L6,,15.459166666666667,135.0,,100000.0,69.0,56012.0,56081.0,0.0,56013.0,68.0,0.0,1.0,56014.0,66.0,0.0,56015.0,100.00%,0.07%,56.01%,56.08%,0.00%,56.01%,0.07%,0.00%,0.00%,56.01%,0.07%,0.00%,56.02%,100.00%,0.12%,99.88%,56.08%,0.00%,99.88%,0.12%,0.00%,0.00%,99.88%,0.12%,0.00%,56.02%,54580.1,97.5,78389.0,78292.7,,78387.6,87.1,,26298.4,78385.8,76.7,,78384.8,1951.1,93.3,2688.3,2685.1,,2688.3,96.1,,7586.5,2688.1,98.2,,2688.2,83.9,11.6,81.0,80.9,,81.0,11.7,,355.8,81.0,11.6,,81.0,1887.9,9.3,1865.3,1863.0,,1865.3,9.2,,867.4,1865.2,8.4,,1865.2,True,0.26665460669252694
136,136,2020-09-30 02:11:33,0.099,M5,,15.506388888888889,136.0,,100000.0,155.0,63296.0,63451.0,15.0,63285.0,151.0,0.0,234.0,63065.0,151.0,1.0,63300.0,100.00%,0.16%,63.30%,63.45%,0.02%,63.28%,0.15%,0.00%,0.23%,63.06%,0.15%,0.00%,63.30%,100.00%,0.24%,99.76%,63.45%,0.02%,99.74%,0.24%,0.00%,0.37%,99.39%,0.24%,0.00%,63.30%,99102.9,149.4,135615.3,135284.3,24632.3,135633.1,113.5,,31557.6,135995.0,118.5,194.3,135606.8,2989.7,140.7,3938.2,3929.0,14321.0,3935.5,144.9,,9478.6,3917.5,139.9,801.3,3938.0,117.4,11.8,107.6,107.4,376.7,107.6,11.9,,298.0,106.9,11.6,67.5,107.6,3334.1,9.3,3000.1,2992.8,553.5,3000.5,8.5,,790.3,3008.1,8.5,23.8,2999.9,True,0.23347406896151904
137,137,2020-09-30 02:55:05,0.132,pECJ3,,16.231944444444444,137.0,,100000.0,513.0,67176.0,67689.0,0.0,67178.0,502.0,9.0,0.0,67185.0,501.0,3.0,67188.0,100.00%,0.51%,67.18%,67.69%,0.00%,67.18%,0.50%,0.01%,0.00%,67.19%,0.50%,0.00%,67.19%,100.00%,0.76%,99.24%,67.69%,0.00%,99.25%,0.74%,0.01%,0.00%,99.26%,0.74%,0.00%,67.19%,94417.7,44.1,126220.1,125263.8,,126216.4,38.1,114.0,,126203.3,35.5,105.9,126197.6,2586.5,90.3,3380.5,3355.6,,3380.4,45.2,2625.7,,3380.0,76.2,3037.1,3380.0,77.9,11.6,79.9,79.3,,79.9,11.0,49.7,,79.8,11.3,88.6,79.8,2888.2,8.9,2638.8,2618.8,,2638.7,8.8,6.6,,2638.4,8.5,8.9,2638.3,True,0.29400848700904647
138,138,2020-09-30 02:59:06,0.138,M5_L5,,16.29888888888889,138.0,,100000.0,133.0,68135.0,68268.0,0.0,68136.0,131.0,1.0,0.0,68141.0,127.0,0.0,68141.0,100.00%,0.13%,68.13%,68.27%,0.00%,68.14%,0.13%,0.00%,0.00%,68.14%,0.13%,0.00%,68.14%,100.00%,0.19%,99.81%,68.27%,0.00%,99.81%,0.19%,0.00%,0.00%,99.81%,0.19%,0.00%,68.14%,94699.5,98.7,123626.0,123385.4,,123624.2,84.2,288.6,,123615.2,73.4,,123615.2,2611.3,54.4,3404.8,3398.3,,3404.7,42.4,1494.2,,3404.5,60.3,,3404.5,75.3,10.3,78.6,78.5,,78.6,10.3,13.4,,78.6,10.3,,78.6,2942.0,9.8,2602.6,2597.5,,2602.6,9.8,2.9,,2602.4,9.2,,2602.4,True,0.28730535210259595
139,139,2020-09-30 03:02:27,0.152,M5_L6,,16.35472222222222,139.0,,100000.0,170.0,61549.0,61719.0,1.0,61550.0,166.0,2.0,1.0,61552.0,166.0,0.0,61553.0,100.00%,0.17%,61.55%,61.72%,0.00%,61.55%,0.17%,0.00%,0.00%,61.55%,0.17%,0.00%,61.55%,100.00%,0.28%,99.72%,61.72%,0.00%,99.73%,0.27%,0.00%,0.00%,99.73%,0.27%,0.00%,61.55%,70114.8,73.0,97794.2,97525.0,15220.5,97792.4,56.0,608.8,56480.7,97788.5,56.2,,97787.9,2505.2,101.5,3449.7,3440.5,9938.5,3449.5,78.0,1645.1,15133.1,3449.3,97.9,,3449.5,76.4,11.9,82.2,82.0,145.0,82.2,11.9,14.4,477.2,82.1,12.0,,82.2,2247.2,9.0,2106.9,2101.2,211.4,2106.9,8.8,7.8,1691.5,2106.8,8.6,,2106.8,True,0.32123308338288203
140,140,2020-09-30 03:05:41,0.121,M5,,16.40861111111111,140.0,,100000.0,111.0,72822.0,72933.0,53.0,72770.0,109.0,1.0,145.0,72678.0,110.0,0.0,72823.0,100.00%,0.11%,72.82%,72.93%,0.05%,72.77%,0.11%,0.00%,0.14%,72.68%,0.11%,0.00%,72.82%,100.00%,0.15%,99.85%,72.93%,0.07%,99.78%,0.15%,0.00%,0.20%,99.65%,0.15%,0.00%,72.82%,123748.9,114.4,155984.9,155747.7,19427.0,156082.3,101.5,642.4,21443.3,156251.2,110.4,,155982.8,3642.5,172.4,4535.6,4528.9,12171.4,4530.0,139.5,1723.6,10470.3,4523.7,175.2,,4535.5,121.0,12.3,111.7,111.5,335.8,111.5,12.0,36.5,345.5,111.2,12.4,,111.7,3855.3,8.8,3259.6,3254.6,477.6,3261.6,8.7,12.7,620.9,3264.8,8.7,,3259.5,True,0.22241825851716254
141,141,2020-09-30 04:14:08,0.011000000000000001,pECJ3,16.0,17.549444444444443,141.0,,35342.0,226.0,24468.0,24694.0,0.0,24471.0,220.0,3.0,1.0,24470.0,222.0,1.0,24472.0,100.00%,0.64%,69.23%,69.87%,0.00%,69.24%,0.62%,0.01%,0.00%,69.24%,0.63%,0.00%,69.24%,100.00%,0.92%,99.08%,69.87%,0.00%,99.10%,0.89%,0.01%,0.00%,99.09%,0.90%,0.00%,69.24%,142781.5,109.2,192143.5,190386.0,,192120.1,89.5,207.5,246424.9,192117.8,93.9,-49.3,192112.2,3027.9,139.2,4078.3,4042.3,,4077.8,115.0,1938.5,38106.3,4076.4,132.9,2128.8,4077.7,89.9,12.0,84.5,83.8,,84.5,11.5,52.2,775.5,84.4,11.6,120.3,84.5,4134.1,9.0,3410.9,3379.7,,3410.5,8.7,5.7,4389.1,3410.4,8.7,9.9,3410.3,True,0.2183545141949002
142,142,2020-09-30 04:16:18,0.011000000000000001,M5_L5,16.0,17.585555555555555,142.0,,42037.0,470.0,28956.0,29426.0,2.0,28957.0,465.0,2.0,0.0,28963.0,463.0,0.0,28963.0,100.00%,1.12%,68.88%,70.00%,0.00%,68.88%,1.11%,0.00%,0.00%,68.90%,1.10%,0.00%,68.90%,100.00%,1.60%,98.40%,70.00%,0.01%,98.41%,1.58%,0.01%,0.00%,98.43%,1.57%,0.00%,68.90%,138065.5,109.6,188109.6,185106.8,951.5,188103.2,100.3,690.9,,188064.3,104.3,,188064.3,2928.2,157.2,4001.5,3940.1,1938.9,4001.3,143.8,1477.6,,4000.5,160.8,,4000.5,84.6,11.9,83.0,81.9,21.9,83.0,11.8,19.5,,83.0,12.0,,83.0,3989.4,9.0,3387.7,3333.7,13.0,3387.5,8.9,9.1,,3386.8,8.7,,3386.8,True,0.18903910094374116
143,143,2020-09-30 04:18:22,0.0128,M5_L6,16.0,17.62,143.0,,53034.0,491.0,35520.0,36011.0,2.0,35520.0,484.0,5.0,4.0,35518.0,489.0,0.0,35522.0,100.00%,0.93%,66.98%,67.90%,0.00%,66.98%,0.91%,0.01%,0.01%,66.97%,0.92%,0.00%,66.98%,100.00%,1.36%,98.64%,67.90%,0.01%,98.64%,1.34%,0.01%,0.01%,98.63%,1.36%,0.00%,66.98%,101543.0,60.4,139626.2,137723.3,7621.6,139625.8,54.3,307.0,44891.4,139629.0,60.6,,139618.3,3064.6,94.1,4222.6,4166.3,6472.5,4222.3,61.3,2619.2,14433.1,4221.2,95.4,,4222.3,76.6,11.3,84.8,83.8,170.8,84.8,11.0,38.1,447.5,84.8,11.3,,84.8,2977.2,8.5,2560.4,2525.6,186.8,2560.3,8.5,8.4,1303.3,2560.4,8.5,,2560.2,True,0.23564262137182765
144,144,2020-09-30 04:20:39,0.0095,M5,16.0,17.658055555555556,144.0,,43032.0,2013.0,25040.0,27053.0,43.0,25000.0,2008.0,2.0,81.0,24973.0,1999.0,0.0,25054.0,100.00%,4.68%,58.19%,62.87%,0.10%,58.10%,4.67%,0.00%,0.19%,58.03%,4.65%,0.00%,58.22%,100.00%,7.44%,92.56%,62.87%,0.16%,92.41%,7.42%,0.01%,0.30%,92.31%,7.39%,0.00%,58.22%,132458.3,32.7,216257.3,200168.2,41631.2,216531.9,30.9,191.9,38874.4,216711.6,30.6,,216136.7,3367.9,44.8,5471.4,5067.6,21154.8,5443.9,42.7,1458.5,16655.8,5432.0,45.8,,5468.3,102.9,11.4,115.3,107.6,432.4,114.7,11.4,31.2,406.4,114.3,11.5,,115.2,3775.4,8.6,3937.0,3644.7,633.7,3942.2,8.5,5.3,784.9,3945.0,8.5,,3934.8,True,0.18255311491736934
145,145,2020-09-30 05:28:11,0.013000000000000001,pECJ3,,18.78361111111111,145.0,,48722.0,4279.0,33526.0,37805.0,1.0,33535.0,4266.0,3.0,6.0,33546.0,4252.0,1.0,33553.0,100.00%,8.78%,68.81%,77.59%,0.00%,68.83%,8.76%,0.01%,0.01%,68.85%,8.73%,0.00%,68.87%,100.00%,11.32%,88.68%,77.59%,0.00%,88.71%,11.28%,0.01%,0.02%,88.73%,11.25%,0.00%,68.87%,194249.0,30.9,272655.8,241798.5,938.4,272583.0,27.6,559.3,26155.7,272488.9,28.1,13.9,272436.8,3841.4,32.9,5496.8,4878.4,1701.9,5495.4,30.2,2644.8,9769.7,5491.7,33.0,3548.6,5492.4,85.3,14.6,95.8,86.6,22.2,95.8,14.5,79.6,281.4,95.7,14.6,191.0,95.7,4980.7,11.3,4389.9,3894.3,11.4,4388.7,11.2,9.3,748.9,4387.2,11.1,9.4,4386.4,True,-2.1111691864226456
146,146,2020-09-30 05:30:19,0.0138,M5_L5,,18.819166666666668,146.0,,46632.0,327.0,33765.0,34092.0,0.0,33771.0,317.0,4.0,0.0,33773.0,317.0,2.0,33775.0,100.00%,0.70%,72.41%,73.11%,0.00%,72.42%,0.68%,0.01%,0.00%,72.42%,0.68%,0.00%,72.43%,100.00%,0.96%,99.04%,73.11%,0.00%,99.06%,0.93%,0.01%,0.00%,99.06%,0.93%,0.01%,72.43%,215025.3,97.1,283149.1,280434.2,,283099.0,70.2,605.1,,283082.3,72.1,688.6,283065.5,4067.1,165.6,5457.6,5406.9,,5456.7,109.6,4619.8,,5456.3,125.8,7395.6,5456.4,87.5,12.7,92.8,92.0,,92.8,12.2,53.9,,92.8,12.3,83.7,92.8,5788.0,9.7,4530.6,4487.2,,4529.8,9.0,10.4,,4529.5,8.9,12.9,4529.3,True,-2.063709851463628
147,147,2020-09-30 05:32:10,0.017,M5_L6,,18.85,147.0,,57549.0,273.0,42006.0,42279.0,0.0,42011.0,268.0,0.0,4.0,42007.0,268.0,0.0,42011.0,100.00%,0.47%,72.99%,73.47%,0.00%,73.00%,0.47%,0.00%,0.01%,72.99%,0.47%,0.00%,73.00%,100.00%,0.65%,99.35%,73.47%,0.00%,99.37%,0.63%,0.00%,0.01%,99.36%,0.63%,0.00%,73.00%,157156.2,105.7,204152.5,202835.0,,204128.4,87.7,,18630.0,204146.0,91.1,,204128.4,3674.1,99.5,4782.4,4752.2,,4781.9,98.7,,8596.6,4781.5,104.5,,4781.8,103.0,12.4,92.6,92.1,,92.6,12.4,,331.0,92.5,12.5,,92.6,4225.6,9.8,3352.8,3331.2,,3352.4,9.4,,589.9,3352.7,9.4,,3352.4,True,-2.023431340739135
148,148,2020-09-30 05:33:38,0.011000000000000001,M5,,18.874444444444446,148.0,,36810.0,206.0,27656.0,27862.0,70.0,27592.0,199.0,1.0,105.0,27560.0,197.0,0.0,27665.0,100.00%,0.56%,75.13%,75.69%,0.19%,74.96%,0.54%,0.00%,0.29%,74.87%,0.54%,0.00%,75.16%,100.00%,0.74%,99.26%,75.69%,0.25%,99.03%,0.71%,0.00%,0.38%,98.92%,0.71%,0.00%,75.16%,237171.2,110.6,302376.3,300141.4,21989.8,303022.1,78.3,768.0,24425.7,303336.7,84.0,,302278.1,5199.2,107.8,6671.4,6622.9,15289.5,6648.2,83.5,1481.3,13683.1,6642.5,115.0,,6669.2,131.7,11.8,121.0,120.2,390.0,120.3,11.7,14.0,383.6,120.0,12.0,,121.0,6279.6,9.7,4866.2,4830.3,506.9,4876.2,9.2,8.0,616.5,4880.8,8.9,,4864.7,True,-2.15883692463404
149,149,2020-09-30 08:25:26,0.017,pECJ3,,21.73777777777778,149.0,,56327.0,1978.0,31912.0,33890.0,0.0,31923.0,1965.0,2.0,0.0,31939.0,1951.0,0.0,31939.0,100.00%,3.51%,56.65%,60.17%,0.00%,56.67%,3.49%,0.00%,0.00%,56.70%,3.46%,0.00%,56.70%,100.00%,5.84%,94.16%,60.17%,0.00%,94.20%,5.80%,0.01%,0.00%,94.24%,5.76%,0.00%,56.70%,300193.3,45.1,502253.8,472942.3,,502081.2,38.0,124.8,,501829.8,36.9,,501829.8,4944.7,33.0,8258.3,7778.2,,8255.5,30.4,2101.7,,8251.2,34.3,,8251.2,127.0,11.0,130.2,123.3,,130.2,11.0,31.9,,130.1,11.1,,130.1,7167.7,8.9,6899.4,6497.3,,6897.1,8.6,5.6,,6893.6,8.6,,6893.6,True,0.09080868375560391
150,150,2020-09-30 08:28:01,0.018000000000000002,M5_L5,,21.780833333333334,150.0,,79124.0,757.0,54585.0,55342.0,1.0,54605.0,728.0,8.0,0.0,54612.0,728.0,2.0,54614.0,100.00%,0.96%,68.99%,69.94%,0.00%,69.01%,0.92%,0.01%,0.00%,69.02%,0.92%,0.00%,69.02%,100.00%,1.37%,98.63%,69.94%,0.00%,98.67%,1.32%,0.01%,0.00%,98.68%,1.32%,0.00%,69.02%,379903.6,113.2,519982.7,512871.6,2417.2,519792.7,79.5,468.1,,519726.0,87.7,184.0,519707.0,6081.3,450.6,8518.3,8407.9,5381.9,8515.1,68.0,36102.3,,8513.9,94.9,138743.5,8518.7,109.3,19.4,120.2,118.9,57.8,120.2,11.5,761.1,,120.2,11.7,2965.8,120.3,9522.3,10.0,7125.7,7028.3,26.9,7123.1,9.2,8.4,,7122.2,9.1,9.5,7121.9,True,0.08971406833978797
151,151,2020-09-30 08:30:13,0.0258,M5_L6,,21.8175,151.0,,100000.0,603.0,73708.0,74311.0,5.0,73724.0,578.0,4.0,56.0,73653.0,599.0,3.0,73712.0,100.00%,0.60%,73.71%,74.31%,0.00%,73.72%,0.58%,0.00%,0.06%,73.65%,0.60%,0.00%,73.71%,100.00%,0.81%,99.19%,74.31%,0.01%,99.21%,0.78%,0.01%,0.08%,99.11%,0.81%,0.00%,73.71%,317061.2,172.5,400965.1,397712.8,9824.7,400877.8,123.0,858.0,27436.3,401243.6,170.5,1008.4,400943.4,5885.3,2225.6,7417.5,7375.3,8270.8,7415.4,90.4,320812.5,8844.4,7416.3,101.6,427219.5,7434.4,139.0,33.2,115.1,114.5,186.6,115.1,12.0,3189.0,246.6,115.0,12.1,4233.9,115.3,7191.3,11.5,5390.5,5346.9,230.4,5389.4,10.4,14.5,644.7,5394.1,11.3,16.2,5390.2,True,0.1405766294427482
152,152,2020-09-30 08:32:20,0.013999999999999999,M5,,21.852777777777778,152.0,,61894.0,392.0,45808.0,46200.0,169.0,45657.0,373.0,1.0,176.0,45654.0,369.0,1.0,45831.0,100.00%,0.63%,74.01%,74.64%,0.27%,73.77%,0.60%,0.00%,0.28%,73.76%,0.60%,0.00%,74.05%,100.00%,0.85%,99.15%,74.64%,0.37%,98.82%,0.81%,0.00%,0.38%,98.82%,0.80%,0.00%,74.05%,426215.6,150.6,545162.7,540538.3,24782.8,546874.4,95.6,789.4,31429.6,546880.9,101.4,1600.1,544889.6,7292.7,109.9,9335.8,9257.5,21307.6,9287.9,95.8,1739.7,21339.4,9285.0,106.2,3149.3,9331.2,182.3,11.7,150.4,149.2,457.2,149.2,11.5,18.9,476.5,149.0,11.5,94.3,150.3,10215.8,10.3,7566.8,7502.7,447.8,7590.2,9.4,7.1,609.0,7590.0,9.1,36.7,7563.0,True,0.08097215114165214
153,153,2020-09-30 09:57:13,0.0175,pECJ3,,23.2675,153.0,,74298.0,586.0,51818.0,52404.0,1.0,51843.0,557.0,3.0,4.0,51841.0,559.0,0.0,51845.0,100.00%,0.79%,69.74%,70.53%,0.00%,69.78%,0.75%,0.00%,0.01%,69.77%,0.75%,0.00%,69.78%,100.00%,1.12%,98.88%,70.53%,0.00%,98.93%,1.06%,0.01%,0.01%,98.93%,1.07%,0.00%,69.78%,427973.8,153.8,574232.1,567812.5,31575.8,573955.2,98.3,558.1,16919.7,573976.6,106.9,,573933.6,7340.1,124.2,9952.0,9842.1,16125.1,9947.0,112.7,1988.0,8951.3,9947.0,128.0,,9946.9,161.1,11.5,147.4,145.9,206.7,147.3,11.4,24.1,344.5,147.3,11.6,,147.3,10013.1,10.1,7685.3,7599.4,407.5,7681.6,9.1,8.2,612.2,7681.8,9.0,,7681.3,True,0.01894954289880309
154,154,2020-09-30 09:59:45,0.0188,M5_L5,,23.309722222222224,154.0,,66846.0,419.0,57606.0,58025.0,3.0,57622.0,397.0,3.0,4.0,57635.0,385.0,1.0,57640.0,100.00%,0.63%,86.18%,86.80%,0.00%,86.20%,0.59%,0.00%,0.01%,86.22%,0.58%,0.00%,86.23%,100.00%,0.72%,99.28%,86.80%,0.01%,99.31%,0.68%,0.01%,0.01%,99.33%,0.66%,0.00%,86.23%,525589.4,185.7,584898.8,580676.5,25481.5,584735.4,136.7,437.1,104283.2,584597.8,123.5,242.1,584554.3,7882.2,490.1,8764.7,8704.9,15437.1,8761.5,128.7,50425.6,25925.1,8758.5,147.4,148056.2,8762.1,137.5,20.7,133.5,132.7,405.3,133.5,12.6,1150.4,683.4,133.4,12.8,3413.6,133.5,8861.3,11.3,8020.4,7962.6,639.4,8018.2,10.2,7.7,2688.2,8016.2,9.6,9.9,8015.7,True,0.02844229705360823
155,155,2020-09-30 10:02:52,0.03,M5_L6,,23.361666666666668,155.0,,97440.0,706.0,81890.0,82596.0,14.0,81918.0,656.0,8.0,21.0,81921.0,649.0,5.0,81947.0,100.00%,0.72%,84.04%,84.77%,0.01%,84.07%,0.67%,0.01%,0.02%,84.07%,0.67%,0.01%,84.10%,100.00%,0.85%,99.15%,84.77%,0.02%,99.18%,0.79%,0.01%,0.03%,99.18%,0.79%,0.01%,84.10%,448215.0,223.1,490821.8,486628.3,40375.5,490647.8,155.7,438.9,34560.7,490627.8,160.8,421.2,490481.0,8253.9,618.0,8986.6,8915.0,18202.7,8980.5,99.3,45217.6,15463.7,8979.2,118.1,71374.3,8984.7,128.1,22.2,127.3,126.4,276.5,127.2,11.4,958.6,305.4,127.2,11.5,1522.2,127.3,6846.0,11.4,6340.1,6286.0,554.6,6337.9,10.0,11.2,590.6,6337.6,9.6,13.9,6335.7,True,0.09767267548920684
156,156,2020-09-30 10:04:53,0.015,M5,,23.39527777777778,156.0,,55662.0,330.0,47757.0,48087.0,156.0,47617.0,306.0,8.0,164.0,47617.0,298.0,8.0,47789.0,100.00%,0.59%,85.80%,86.39%,0.28%,85.55%,0.55%,0.01%,0.29%,85.55%,0.54%,0.01%,85.86%,100.00%,0.69%,99.31%,86.39%,0.32%,99.02%,0.64%,0.02%,0.34%,99.02%,0.62%,0.02%,85.86%,548834.4,202.3,610365.3,606178.0,24188.8,612080.9,129.7,1211.2,33436.1,612045.1,123.4,1211.2,609957.2,9785.0,3272.5,10822.1,10770.3,29764.9,10752.8,122.7,151964.0,29510.8,10748.6,134.4,151964.0,10836.6,166.6,48.5,165.7,164.9,563.9,164.2,10.9,2008.1,582.0,164.1,11.0,2008.1,165.8,9092.2,10.9,8395.9,8338.4,412.5,8419.3,9.3,27.0,602.0,8418.6,8.7,27.0,8390.3,True,0.044727955583112905
157,157,2020-09-30 11:05:38,0.0186,pECJ3,,24.407777777777778,157.0,,64115.0,604.0,52991.0,53595.0,3.0,53028.0,559.0,5.0,7.0,53031.0,555.0,2.0,53040.0,100.00%,0.94%,82.65%,83.59%,0.00%,82.71%,0.87%,0.01%,0.01%,82.71%,0.87%,0.00%,82.73%,100.00%,1.13%,98.87%,83.59%,0.01%,98.94%,1.04%,0.01%,0.01%,98.95%,1.04%,0.00%,82.73%,539723.1,204.5,615428.5,608495.1,6429.9,614999.6,133.7,304.7,153569.6,614944.9,139.4,920.8,614860.9,9776.6,207.9,11216.4,11092.3,6359.8,11208.5,88.0,11703.8,24139.5,11204.8,114.4,28855.5,11207.2,155.0,13.9,159.5,157.9,121.9,159.4,10.9,348.7,531.6,159.3,11.1,865.0,159.4,8778.2,10.8,8141.7,8050.0,158.2,8136.0,9.5,5.4,2880.2,8135.2,9.0,15.4,8134.2,True,0.05346127143553529
158,158,2020-09-30 11:12:05,0.019,M5_L5,,24.51527777777778,158.0,,64178.0,490.0,54963.0,55453.0,0.0,54986.0,463.0,4.0,1.0,54995.0,455.0,2.0,54998.0,100.00%,0.76%,85.64%,86.40%,0.00%,85.68%,0.72%,0.01%,0.00%,85.69%,0.71%,0.00%,85.70%,100.00%,0.88%,99.12%,86.40%,0.00%,99.16%,0.83%,0.01%,0.00%,99.17%,0.82%,0.00%,85.70%,569594.0,172.8,632979.7,627388.0,,632715.5,115.1,163.9,186474.1,632608.6,108.2,176.9,632577.5,8769.7,795.1,9742.4,9663.3,,9738.4,96.8,85800.1,37375.5,9736.1,109.5,169406.3,9742.4,141.9,22.1,142.9,141.8,,142.8,11.0,1372.6,654.0,142.8,11.0,2727.6,142.9,9224.2,10.6,8560.2,8484.7,,8556.7,9.2,5.5,2979.0,8555.2,8.8,8.4,8554.8,True,0.008777786541459212
159,159,2020-09-30 11:14:07,0.032,M5_L6,,24.549166666666668,159.0,,100000.0,824.0,79773.0,80597.0,15.0,79817.0,757.0,8.0,22.0,79830.0,740.0,5.0,79857.0,100.00%,0.82%,79.77%,80.60%,0.02%,79.82%,0.76%,0.01%,0.02%,79.83%,0.74%,0.00%,79.86%,100.00%,1.02%,98.98%,80.60%,0.02%,99.03%,0.94%,0.01%,0.03%,99.05%,0.92%,0.01%,79.86%,504941.5,221.1,562331.5,556584.7,53672.1,562012.4,130.2,135.1,39109.3,561920.3,125.1,157.1,561741.1,9179.4,961.5,10233.0,10138.2,21586.5,10223.3,66.2,92266.1,16174.7,10221.2,80.9,146405.3,10231.4,135.1,34.9,136.9,135.8,376.5,136.7,10.5,2522.0,380.0,136.7,10.7,4016.3,137.0,7733.6,12.1,7017.9,6946.3,761.2,7013.9,9.6,8.0,827.9,7012.7,9.1,9.5,7010.5,True,0.05434822832637602
160,160,2020-09-30 11:15:55,0.015,M5,,24.579166666666666,160.0,,51942.0,384.0,43855.0,44239.0,149.0,43725.0,336.0,29.0,174.0,43717.0,329.0,19.0,43910.0,100.00%,0.74%,84.43%,85.17%,0.29%,84.18%,0.65%,0.06%,0.33%,84.17%,0.63%,0.04%,84.54%,100.00%,0.87%,99.13%,85.17%,0.34%,98.84%,0.76%,0.07%,0.39%,98.82%,0.74%,0.04%,84.54%,589092.8,257.7,656797.8,651098.9,21103.8,658678.9,123.5,1505.7,27251.5,658763.3,132.6,1102.1,655976.3,11020.8,4793.9,12206.3,12142.0,35711.5,12113.8,136.7,72627.5,34538.1,12109.8,155.0,88643.8,12231.8,177.9,132.3,179.8,179.4,610.4,178.0,11.3,1920.1,647.3,177.9,11.4,2226.2,180.6,9694.9,12.7,8894.5,8817.4,326.0,8919.8,9.6,45.9,481.2,8920.7,9.1,32.6,8883.4,True,0.0
161,161,2020-09-30 12:42:44,0.019,pECJ3,,26.02611111111111,161.0,,65173.0,823.0,52415.0,53238.0,5.0,52504.0,724.0,5.0,3.0,52530.0,702.0,3.0,52536.0,100.00%,1.26%,80.42%,81.69%,0.01%,80.56%,1.11%,0.01%,0.00%,80.60%,1.08%,0.00%,80.61%,100.00%,1.55%,98.45%,81.69%,0.01%,98.62%,1.36%,0.01%,0.01%,98.67%,1.32%,0.01%,80.61%,571482.9,235.1,656831.6,646681.3,34430.9,655717.1,104.4,396.6,22862.5,655394.7,96.8,404.0,655321.1,9773.9,185.0,11262.9,11091.7,15421.5,11242.5,73.1,18836.0,12302.1,11237.6,84.7,30253.8,11238.8,180.6,14.9,173.1,170.6,220.9,172.8,11.4,620.2,310.7,172.7,11.5,1018.5,172.8,9092.1,12.8,8577.3,8444.9,399.1,8562.8,9.8,14.3,517.2,8558.6,9.3,18.7,8557.6,True,0.013147723036427353
162,162,2020-09-30 12:44:15,0.019,M5_L5,,26.051388888888887,162.0,,53007.0,559.0,44157.0,44716.0,1.0,44217.0,491.0,7.0,2.0,44235.0,474.0,5.0,44242.0,100.00%,1.05%,83.30%,84.36%,0.00%,83.42%,0.93%,0.01%,0.00%,83.45%,0.89%,0.01%,83.46%,100.00%,1.25%,98.75%,84.36%,0.00%,98.88%,1.10%,0.02%,0.00%,98.92%,1.06%,0.01%,83.46%,604467.6,256.9,678690.8,670209.6,88389.4,677769.7,121.9,230.8,313482.6,677481.9,107.3,215.1,677388.9,8842.2,868.1,9920.2,9807.0,39551.3,9905.9,90.1,62503.5,46009.7,9900.7,103.4,86756.8,9911.0,155.4,27.4,152.0,150.4,806.9,151.8,10.8,1346.3,1004.9,151.7,10.9,1878.4,151.9,9493.6,12.5,9019.8,8907.2,1740.0,9007.5,9.4,8.0,5900.9,9003.7,8.6,9.7,9002.5,True,0.0
163,163,2020-09-30 12:45:53,0.037000000000000005,M5_L6,,26.078611111111112,163.0,,100000.0,920.0,80489.0,81409.0,12.0,80607.0,775.0,15.0,64.0,80454.0,878.0,13.0,80531.0,100.00%,0.92%,80.49%,81.41%,0.01%,80.61%,0.77%,0.02%,0.06%,80.45%,0.88%,0.01%,80.53%,100.00%,1.13%,98.87%,81.41%,0.01%,99.01%,0.95%,0.02%,0.08%,98.83%,1.08%,0.02%,80.53%,599717.8,340.3,628338.6,621241.7,44017.9,627414.4,182.1,331.6,73216.3,628554.2,301.6,891.7,628011.6,10237.2,2535.5,10664.6,10572.8,23312.3,10645.7,75.0,150744.3,18196.2,10654.5,88.0,175591.3,10687.1,150.3,53.5,147.1,146.0,302.5,146.9,11.7,2585.8,312.0,146.9,11.6,2998.3,147.5,8065.5,14.7,7681.8,7595.1,497.6,7670.5,11.4,9.5,1012.3,7684.3,13.4,15.7,7677.8,True,0.09492467043955542
164,164,2020-09-30 12:47:27,0.016,M5,,26.10472222222222,164.0,,52324.0,481.0,42969.0,43450.0,109.0,42888.0,339.0,114.0,128.0,42882.0,331.0,109.0,43119.0,100.00%,0.92%,82.12%,83.04%,0.21%,81.97%,0.65%,0.22%,0.24%,81.95%,0.63%,0.21%,82.41%,100.00%,1.11%,98.89%,83.04%,0.25%,98.71%,0.78%,0.26%,0.29%,98.69%,0.76%,0.25%,82.41%,611509.1,414.0,686041.3,678451.3,29066.9,687263.4,114.8,1278.0,34201.4,687331.4,104.0,1358.3,683658.5,11132.9,18671.4,12253.7,12324.8,67858.6,12011.2,64.0,113670.8,56866.7,12007.4,77.4,122077.1,12418.8,207.3,477.1,192.4,195.5,1008.8,189.0,11.0,2445.7,987.4,188.8,11.2,2465.2,197.0,9995.6,16.5,9214.0,9112.2,404.6,9230.4,9.9,33.1,535.1,9231.2,9.5,31.3,9182.1,True,0.042304930097461016
165,165,2020-09-30 14:04:07,0.02,pECJ3,,27.3825,165.0,,62764.0,785.0,49991.0,50776.0,1.0,50265.0,505.0,5.0,1.0,50304.0,468.0,3.0,50308.0,100.00%,1.25%,79.65%,80.90%,0.00%,80.09%,0.80%,0.01%,0.00%,80.15%,0.75%,0.00%,80.15%,100.00%,1.55%,98.45%,80.90%,0.00%,98.99%,0.99%,0.01%,0.00%,99.07%,0.92%,0.01%,80.15%,577909.8,607.4,657087.1,646937.9,40353.0,653511.9,193.8,457.7,40353.0,653005.7,168.3,455.4,652954.6,10723.5,846.8,12371.5,12193.4,18366.5,12304.1,109.2,117937.8,18366.5,12294.6,131.2,194297.3,12305.6,185.1,19.4,179.2,176.7,587.4,178.3,11.5,1332.1,587.4,178.1,11.7,2188.9,178.3,9503.4,20.7,8516.6,8385.3,1166.1,8470.4,11.8,8.5,1166.1,8463.9,10.3,9.4,8463.2,True,0.03781606794904406
166,166,2020-09-30 14:06:16,0.02,M5_L5,,27.418333333333333,166.0,,66051.0,820.0,55296.0,56116.0,0.0,55565.0,538.0,13.0,7.0,55603.0,494.0,12.0,55622.0,100.00%,1.24%,83.72%,84.96%,0.00%,84.12%,0.81%,0.02%,0.01%,84.18%,0.75%,0.02%,84.21%,100.00%,1.46%,98.54%,84.96%,0.00%,99.02%,0.96%,0.02%,0.01%,99.09%,0.88%,0.02%,84.21%,624282.6,568.7,688522.1,678469.3,,685195.4,179.3,212.2,100418.9,684714.9,148.2,210.4,684493.7,9526.1,1379.6,10556.8,10422.7,,10506.1,116.8,80396.2,25223.8,10495.7,138.1,86965.1,10514.1,157.1,44.1,157.0,155.4,,156.3,11.9,2069.6,588.5,156.1,12.2,2240.4,156.6,9494.1,21.0,9123.9,8990.9,,9080.0,11.4,11.6,2079.8,9073.5,9.9,12.2,9070.7,True,0.037524051980325566
167,167,2020-09-30 14:08:01,0.038,M5_L6,,27.4475,167.0,,95526.0,1231.0,73074.0,74305.0,17.0,73362.0,914.0,12.0,36.0,73063.0,1194.0,12.0,73111.0,100.00%,1.29%,76.50%,77.79%,0.02%,76.80%,0.96%,0.01%,0.04%,76.48%,1.25%,0.01%,76.54%,100.00%,1.66%,98.34%,77.79%,0.02%,98.73%,1.23%,0.02%,0.05%,98.33%,1.61%,0.02%,76.54%,640849.9,471.7,672954.8,661813.8,36152.0,670310.1,177.1,601.5,132192.1,672991.1,468.4,731.4,672614.5,10897.1,1071.5,11488.4,11315.8,17519.0,11438.3,82.2,109508.0,27091.6,11475.2,97.8,109637.6,11499.0,152.0,30.8,154.2,152.1,258.9,153.6,11.6,2034.2,406.6,154.0,11.7,2040.8,154.4,8271.8,18.3,8098.7,7964.8,448.7,8067.0,11.3,14.8,1737.7,8099.1,17.0,18.9,8094.6,True,0.019481674004825634
168,168,2020-09-30 14:10:05,0.0163,M5,,27.481944444444444,168.0,,63624.0,1354.0,49549.0,50903.0,67.0,49570.0,930.0,336.0,103.0,49586.0,902.0,312.0,50001.0,100.00%,2.13%,77.88%,80.01%,0.11%,77.91%,1.46%,0.53%,0.16%,77.94%,1.42%,0.49%,78.59%,100.00%,2.66%,97.34%,80.01%,0.13%,97.38%,1.83%,0.66%,0.20%,97.41%,1.77%,0.61%,78.59%,598472.5,394.9,711524.1,692608.3,37158.2,711173.1,108.0,1196.3,71282.7,710846.9,101.8,1128.5,705100.9,11979.5,16944.3,13533.2,13623.9,130034.4,13141.4,103.2,99017.8,104166.9,13123.4,123.8,102311.7,13867.4,218.5,486.2,211.9,219.2,1667.1,206.6,12.2,2362.8,1627.5,206.3,12.4,2411.2,223.0,9592.2,16.6,9812.8,9552.2,479.5,9808.0,9.8,32.8,1084.3,9803.3,9.2,30.7,9724.4,True,0.013488299326859344
169,169,2020-09-30 15:25:22,0.02,pECJ3,,28.736666666666668,169.0,,68027.0,1669.0,51199.0,52868.0,5.0,51861.0,996.0,6.0,8.0,51921.0,933.0,6.0,51935.0,100.00%,2.45%,75.26%,77.72%,0.01%,76.24%,1.46%,0.01%,0.01%,76.32%,1.37%,0.01%,76.34%,100.00%,3.16%,96.84%,77.72%,0.01%,98.10%,1.88%,0.01%,0.02%,98.21%,1.76%,0.01%,76.34%,550429.0,642.2,655499.4,634826.1,69955.5,647143.0,148.5,123.2,140892.3,646380.8,130.2,123.2,646228.2,9511.2,248.6,11373.3,11022.1,27474.9,11226.5,61.2,50226.6,33390.1,11210.8,73.7,50226.6,11218.8,186.7,17.8,184.7,179.4,667.0,182.4,11.4,1876.5,752.1,182.2,11.7,1876.5,182.4,8374.1,22.0,8518.4,8250.2,925.9,8410.1,11.2,10.4,1990.3,8400.2,10.0,10.4,8398.2,True,0.0
170,170,2020-09-30 15:27:06,0.02,M5_L5,,28.765555555555554,170.0,,69622.0,1269.0,54256.0,55525.0,0.0,54833.0,659.0,33.0,3.0,54904.0,588.0,30.0,54937.0,100.00%,1.82%,77.93%,79.75%,0.00%,78.76%,0.95%,0.05%,0.00%,78.86%,0.84%,0.04%,78.91%,100.00%,2.29%,97.71%,79.75%,0.00%,98.75%,1.19%,0.06%,0.01%,98.88%,1.06%,0.05%,78.91%,583718.4,760.9,681034.2,665486.8,,673882.6,213.4,207.6,136905.4,673004.5,165.7,208.9,672607.9,8604.4,2298.5,10019.6,9843.2,,9914.9,89.4,85464.9,27549.9,9900.6,108.5,93830.7,9947.4,166.9,58.7,158.6,156.3,,157.0,11.7,1842.2,643.8,156.8,11.9,2023.1,157.8,9502.8,25.0,9036.2,8830.3,,8941.6,12.7,10.1,2430.9,8929.9,10.7,10.4,8924.7,True,0.0
171,171,2020-09-30 15:28:27,0.0403,M5_L6,,28.788055555555555,171.0,,100000.0,1643.0,78480.0,80123.0,20.0,79105.0,984.0,14.0,48.0,78525.0,1538.0,12.0,78585.0,100.00%,1.64%,78.48%,80.12%,0.02%,79.11%,0.98%,0.01%,0.05%,78.53%,1.54%,0.01%,78.58%,100.00%,2.05%,97.95%,80.12%,0.02%,98.73%,1.23%,0.02%,0.06%,98.01%,1.92%,0.01%,78.58%,688816.3,685.4,680433.6,666494.7,66675.8,675052.0,234.6,231.6,113922.5,679975.4,659.8,236.8,679525.9,11369.4,747.0,11305.5,11089.0,25491.5,11210.6,85.9,76823.6,23910.9,11284.3,106.0,89605.2,11303.9,154.4,30.3,156.1,153.5,375.2,154.8,12.6,2150.8,395.0,155.8,12.3,2513.0,156.3,8126.2,23.5,8156.6,7989.9,784.9,8092.3,13.4,9.1,1584.8,8151.1,21.3,11.1,8145.8,True,0.04383653402704211
172,172,2020-09-30 15:32:49,0.0173,M5,,28.860833333333332,172.0,,58316.0,1321.0,47771.0,49092.0,50.0,48079.0,427.0,536.0,138.0,47465.0,935.0,554.0,48157.0,100.00%,2.27%,81.92%,84.18%,0.09%,82.45%,0.73%,0.92%,0.24%,81.39%,1.60%,0.95%,82.58%,100.00%,2.69%,97.31%,84.18%,0.10%,97.94%,0.87%,1.09%,0.28%,96.69%,1.90%,1.13%,82.58%,604463.1,684.7,673671.2,655562.0,34296.7,669329.2,246.0,660.2,193971.2,677438.4,1033.0,911.1,668270.1,12777.4,33700.1,12840.5,13401.8,104701.1,12401.3,127.6,105210.1,29126.6,12509.1,147.9,108340.9,13659.2,246.4,958.4,207.0,227.2,1633.3,201.0,13.8,2616.0,629.2,202.2,12.9,2629.9,231.3,9042.8,23.8,9190.7,8944.0,596.0,9131.5,14.4,21.2,3974.8,9238.2,30.5,25.8,9117.1,True,0.04318070453014929
173,173,2020-09-30 16:35:33,0.02,pECJ3,,29.906388888888888,173.0,,68421.0,2135.0,49047.0,51182.0,8.0,50046.0,1116.0,12.0,81.0,50261.0,816.0,24.0,50366.0,100.00%,3.12%,71.68%,74.80%,0.01%,73.14%,1.63%,0.02%,0.12%,73.46%,1.19%,0.04%,73.61%,100.00%,4.17%,95.83%,74.80%,0.02%,97.78%,2.18%,0.02%,0.16%,98.20%,1.59%,0.05%,73.61%,516653.7,767.1,638644.5,612036.1,169558.8,625897.4,189.1,461.6,312646.4,622746.1,76.1,265.1,621950.8,10221.5,543.9,12877.9,12363.4,49784.1,12603.1,58.2,132001.1,27074.6,12513.6,67.0,66253.5,12562.6,165.4,19.5,185.6,178.7,624.7,182.0,11.4,1833.4,537.0,180.5,11.4,935.4,181.4,7839.5,25.2,8301.0,7955.7,1763.8,8135.8,12.6,11.9,5949.4,8091.8,8.9,12.7,8084.5,True,0.0
174,174,2020-09-30 16:37:37,0.019,M5_L5,,29.940833333333334,174.0,,65548.0,1762.0,50688.0,52450.0,0.0,51703.0,700.0,47.0,3.0,51822.0,579.0,46.0,51871.0,100.00%,2.69%,77.33%,80.02%,0.00%,78.88%,1.07%,0.07%,0.00%,79.06%,0.88%,0.07%,79.13%,100.00%,3.36%,96.64%,80.02%,0.00%,98.58%,1.33%,0.09%,0.01%,98.80%,1.10%,0.09%,79.13%,563874.3,923.7,661044.3,638868.3,,648094.9,255.3,202.5,251576.0,646593.5,188.9,191.3,645997.4,7944.6,2069.8,9149.1,8911.2,,8970.7,39.2,75580.3,41311.7,8947.6,63.7,77178.4,9010.0,169.8,62.7,157.4,154.2,,154.5,11.0,1964.7,794.8,154.1,11.4,2007.1,155.8,8791.2,28.7,8754.1,8461.0,,8583.1,13.9,10.6,3900.7,8563.2,11.2,10.7,8555.3,True,-0.0436435499397736
175,175,2020-09-30 16:40:10,0.04,M5_L6,,29.983333333333334,175.0,,100000.0,2118.0,73923.0,76041.0,19.0,74954.0,1026.0,42.0,24.0,75074.0,902.0,41.0,75139.0,100.00%,2.12%,73.92%,76.04%,0.02%,74.95%,1.03%,0.04%,0.02%,75.07%,0.90%,0.04%,75.14%,100.00%,2.79%,97.21%,76.04%,0.02%,98.57%,1.35%,0.06%,0.03%,98.73%,1.19%,0.05%,75.14%,672859.0,837.9,675419.1,656629.8,76042.2,666129.0,287.1,203.1,124747.6,665044.3,269.0,197.3,664508.9,10948.5,2512.1,11023.5,10786.4,32434.3,10864.9,72.3,122565.9,38565.2,10843.2,103.0,125510.8,10914.6,163.2,61.7,154.8,152.2,507.8,152.7,12.3,2546.1,633.0,152.4,12.7,2607.9,153.9,8227.9,26.5,7944.8,7724.3,1160.0,7835.8,14.6,9.8,1901.0,7823.0,12.4,9.9,7816.8,True,-0.006251278972652355
176,176,2020-09-30 16:41:48,0.017,M5,,30.010555555555555,176.0,,68604.0,2554.0,50901.0,53455.0,35.0,51465.0,846.0,1109.0,52.0,51540.0,758.0,1105.0,52697.0,100.00%,3.72%,74.20%,77.92%,0.05%,75.02%,1.23%,1.62%,0.08%,75.13%,1.10%,1.61%,76.81%,100.00%,4.78%,95.22%,77.92%,0.07%,96.28%,1.58%,2.07%,0.10%,96.42%,1.42%,2.07%,76.81%,539346.8,579.0,652171.3,621039.2,129888.2,644951.2,211.3,462.1,152630.1,643947.9,177.3,458.3,629969.8,13569.1,41971.5,13410.3,14774.9,91678.5,12891.3,116.4,110939.9,77536.5,12861.3,137.1,111116.0,14985.4,270.0,1051.1,205.6,246.0,1313.3,199.7,11.6,2537.1,1233.4,199.2,11.8,2541.0,249.3,8704.1,20.4,8864.3,8441.8,2070.3,8766.2,12.2,16.0,2504.5,8752.4,10.4,15.9,8563.0,True,-0.015215116407601356
177,177,2020-09-30 19:56:43,0.021,pECJ3,,33.259166666666665,177.0,,100000.0,5152.0,52751.0,57903.0,14.0,55267.0,2537.0,85.0,13.0,55717.0,2101.0,72.0,55802.0,100.00%,5.15%,52.75%,57.90%,0.01%,55.27%,2.54%,0.09%,0.01%,55.72%,2.10%,0.07%,55.80%,100.00%,8.90%,91.10%,57.90%,0.02%,95.45%,4.38%,0.15%,0.02%,96.22%,3.63%,0.12%,55.80%,347595.2,803.8,562527.8,512547.6,96788.7,536959.3,208.5,308.3,83190.3,532632.1,134.3,206.3,531840.4,7791.5,1770.4,12258.9,11325.6,37724.8,11694.7,74.3,102837.1,44102.1,11601.7,103.4,119271.0,11748.2,128.5,48.9,178.0,166.5,616.2,170.2,11.8,2291.0,910.5,168.9,12.3,2646.1,172.3,5336.7,26.3,7384.1,6729.4,1102.0,7049.5,12.9,13.2,1048.4,6992.8,10.2,11.2,6982.4,True,0.014552161641255655
178,178,2020-09-30 19:58:31,0.0197,M5_L5,,33.28916666666667,178.0,,83038.0,4686.0,52782.0,57468.0,3.0,55517.0,1607.0,341.0,8.0,56280.0,842.0,338.0,56626.0,100.00%,5.64%,63.56%,69.21%,0.00%,66.86%,1.94%,0.41%,0.01%,67.78%,1.01%,0.41%,68.19%,100.00%,8.15%,91.85%,69.21%,0.01%,96.61%,2.80%,0.59%,0.01%,97.93%,1.47%,0.59%,68.19%,425121.7,952.8,591864.6,543681.1,4317.1,562776.1,332.2,220.5,33359.6,555149.7,121.8,205.8,551763.5,7013.5,5125.3,9104.5,8780.1,58096.8,8655.7,60.5,69681.7,55405.1,8537.9,71.5,69695.3,8909.6,149.1,153.4,150.1,150.4,2228.5,143.1,12.3,1966.3,1867.8,141.3,12.5,1963.7,152.4,6602.6,30.5,7888.6,7247.9,122.6,7502.0,17.0,12.6,586.7,7400.6,10.0,11.7,7355.5,True,0.010805273243654255
179,179,2020-09-30 20:00:25,0.044000000000000004,M5_L6,,33.32083333333333,179.0,,100000.0,20262.0,48504.0,68766.0,22.0,67134.0,1407.0,203.0,38.0,67624.0,902.0,202.0,67864.0,100.00%,20.26%,48.50%,68.77%,0.02%,67.13%,1.41%,0.20%,0.04%,67.62%,0.90%,0.20%,67.86%,100.00%,29.47%,70.53%,68.77%,0.03%,97.63%,2.05%,0.30%,0.06%,98.34%,1.31%,0.29%,67.86%,598302.1,34295.4,812494.1,583196.8,65969.1,597344.8,334.4,181.7,130532.2,592968.9,203.2,180.2,590945.4,9734.3,1680.5,12745.5,9485.1,31141.2,9433.3,62.2,89582.4,33150.8,9356.6,93.3,90018.2,9610.0,158.8,52.8,184.2,145.5,543.3,141.1,12.2,2475.8,659.4,140.0,13.1,2487.8,147.2,6960.9,739.0,9384.1,6836.8,744.6,7002.4,16.4,10.5,1774.4,6951.1,11.5,10.5,6927.5,True,0.028557357244741503
180,180,2020-09-30 20:02:41,0.0184,M5,,33.35861111111111,180.0,,80603.0,7598.0,49002.0,56600.0,50.0,50440.0,1372.0,4738.0,168.0,50750.0,949.0,4733.0,55651.0,100.00%,9.43%,60.79%,70.22%,0.06%,62.58%,1.70%,5.88%,0.21%,62.96%,1.18%,5.87%,69.04%,100.00%,13.42%,86.58%,70.22%,0.09%,89.12%,2.42%,8.37%,0.30%,89.66%,1.68%,8.36%,69.04%,435246.8,460.4,618397.4,535445.4,147476.9,600662.3,290.4,217.4,256648.4,596293.8,171.3,215.0,544573.3,19789.6,68361.5,12257.1,19788.5,93897.1,11479.7,119.9,113156.7,53147.9,11341.3,142.0,113120.0,20123.6,505.7,1740.2,211.3,416.5,1570.7,201.5,13.3,2810.2,1129.0,198.7,13.3,2807.9,423.4,6469.1,17.9,8627.7,7471.9,2257.6,8380.7,15.4,11.3,4968.3,8315.5,10.8,11.2,7599.1,True,0.02363680029962699
