Tube Name:,Mask,"Sample ID:",All Events,V1L Events,V1R Events,P1 Events,P2 Events,P3 Events,H1-UR Events,H1-UL Events,H1-LL Events,H1-LR Events,P1 AND NOT(H1-UL) Events,P1 AND NOT(H1-LL) Events,All Events  % Total,V1L % Total,V1R % Total,P1 % Total,P2 % Total,P3 % Total,H1-UR % Total,H1-UL % Total,H1-LL % Total,H1-LR % Total,P1 AND NOT(H1-UL) % Total,P1 AND NOT(H1-LL) % Total,All Events  % Parent,V1L % Parent,V1R % Parent,P1 % Parent,P2 % Parent,P3 % Parent,H1-UR % Parent,H1-UL % Parent,H1-LL % Parent,H1-LR % Parent,P1 AND NOT(H1-UL) % Parent,P1 AND NOT(H1-LL) % Parent,All Events  Mean FITC-A,V1L Mean FITC-A,V1R Mean FITC-A,P1 Mean FITC-A,P2 Mean FITC-A,P3 Mean FITC-A,H1-UR Mean FITC-A,H1-UL Mean FITC-A,H1-LL Mean FITC-A,H1-LR Mean FITC-A,P1 AND NOT(H1-UL) Mean FITC-A,P1 AND NOT(H1-LL) Mean FITC-A,All Events  Mean ECD-A,V1L Mean ECD-A,V1R Mean ECD-A,P1 Mean ECD-A,P2 Mean ECD-A,P3 Mean ECD-A,H1-UR Mean ECD-A,H1-UL Mean ECD-A,H1-LL Mean ECD-A,H1-LR Mean ECD-A,P1 AND NOT(H1-UL) Mean ECD-A,P1 AND NOT(H1-LL) Mean ECD-A,All Events  Mean FSC-A,V1L Mean FSC-A,V1R Mean FSC-A,P1 Mean FSC-A,P2 Mean FSC-A,P3 Mean FSC-A,H1-UR Mean FSC-A,H1-UL Mean FSC-A,H1-LL Mean FSC-A,H1-LR Mean FSC-A,P1 AND NOT(H1-UL) Mean FSC-A,P1 AND NOT(H1-LL) Mean FSC-A,All Events  Mean Green-H,V1L Mean Green-H,V1R Mean Green-H,P1 Mean Green-H,P2 Mean Green-H,P3 Mean Green-H,H1-UR Mean Green-H,H1-UL Mean Green-H,H1-LL Mean Green-H,H1-LR Mean Green-H,P1 AND NOT(H1-UL) Mean Green-H,P1 AND NOT(H1-LL) Mean Green-H,All Events  Mean Red-H,V1L Mean Red-H,V1R Mean Red-H,P1 Mean Red-H,P2 Mean Red-H,P3 Mean Red-H,H1-UR Mean Red-H,H1-UL Mean Red-H,H1-LL Mean Red-H,H1-LR Mean Red-H,P1 AND NOT(H1-UL) Mean Red-H,P1 AND NOT(H1-LL) Mean Red-H,All Events  rCV FSC-A,V1L rCV FSC-A,V1R rCV FSC-A,P1 rCV FSC-A,P2 rCV FSC-A,P3 rCV FSC-A,H1-UR rCV FSC-A,H1-UL rCV FSC-A,H1-LL rCV FSC-A,H1-LR rCV FSC-A,P1 AND NOT(H1-UL) rCV FSC-A,P1 AND NOT(H1-LL) rCV FSC-A,All Events  rCV FITC-A,V1L rCV FITC-A,V1R rCV FITC-A,P1 rCV FITC-A,P2 rCV FITC-A,P3 rCV FITC-A,H1-UR rCV FITC-A,H1-UL rCV FITC-A,H1-LL rCV FITC-A,H1-LR rCV FITC-A,P1 AND NOT(H1-UL) rCV FITC-A,P1 AND NOT(H1-LL) rCV FITC-A,All Events  rCV ECD-A,V1L rCV ECD-A,V1R rCV ECD-A,P1 rCV ECD-A,P2 rCV ECD-A,P3 rCV ECD-A,H1-UR rCV ECD-A,H1-UL rCV ECD-A,H1-LL rCV ECD-A,H1-LR rCV ECD-A,P1 AND NOT(H1-UL) rCV ECD-A,P1 AND NOT(H1-LL) rCV ECD-A,All Events  rCV Green-H,V1L rCV Green-H,V1R rCV Green-H,P1 rCV Green-H,P2 rCV Green-H,P3 rCV Green-H,H1-UR rCV Green-H,H1-UL rCV Green-H,H1-LL rCV Green-H,H1-LR rCV Green-H,P1 AND NOT(H1-UL) rCV Green-H,P1 AND NOT(H1-LL) rCV Green-H,All Events  rCV Red-H,V1L rCV Red-H,V1R rCV Red-H,P1 rCV Red-H,P2 rCV Red-H,P3 rCV Red-H,H1-UR rCV Red-H,H1-UL rCV Red-H,H1-LL rCV Red-H,H1-LR rCV Red-H,P1 AND NOT(H1-UL) rCV Red-H,P1 AND NOT(H1-LL) rCV Red-H
1,"","####",57262,30899,5100,35999,4361,4689,3002,654,25608,6735,35345,10391,100.00%,53.96%,8.91%,62.87%,7.62%,8.19%,5.24%,1.14%,44.72%,11.76%,61.73%,18.15%,100.00%,85.83%,14.17%,62.87%,41.97%,45.13%,8.34%,1.82%,71.14%,18.71%,61.73%,18.15%,1849.0,347.4,11243.4,1891.0,10720.3,884.5,13586.6,18644.6,260.0,1252.5,1581.0,5910.5,7613.3,6484.1,20100.0,8413.1,19363.1,33186.3,23159.1,1803.0,424.5,32856.7,8535.4,28100.5,36345.4,10534.9,22303.4,12202.2,20974.3,19684.5,22496.6,23349.6,8919.1,19014.2,11995.9,20293.1,69.3,36.0,332.0,77.9,324.7,34.3,398.4,527.9,36.2,50.0,69.6,180.7,272.4,300.2,672.1,352.9,680.8,1217.0,751.8,76.2,73.9,1262.6,358.0,1040.4,99.96%,71.43%,36.95%,78.04%,39.43%,39.43%,35.17%,39.68%,62.78%,40.84%,77.44%,40.39%,199.11%,196.92%,82.76%,188.82%,78.06%,69.47%,62.23%,59.13%,230.86%,89.56%,189.75%,119.33%,190.16%,192.89%,89.47%,187.55%,73.14%,53.46%,66.96%,89.92%,224.27%,57.59%,189.47%,69.04%,84.11%,67.11%,82.18%,74.80%,74.26%,46.30%,64.98%,57.66%,70.92%,66.63%,73.86%,102.36%,96.40%,83.31%,90.31%,93.10%,75.51%,56.03%,68.63%,78.82%,72.55%,58.75%,93.41%,71.88%
2,"","####",40284,4358,8167,12525,6824,2326,6673,1139,2102,2611,11386,10423,100.00%,10.82%,20.27%,31.09%,16.94%,5.77%,16.56%,2.83%,5.22%,6.48%,28.26%,25.87%,100.00%,34.79%,65.21%,31.09%,65.47%,22.32%,53.28%,9.09%,16.78%,20.85%,28.26%,25.87%,2970.0,413.9,12229.7,8118.5,9192.8,641.9,12169.4,15997.1,327.8,600.3,7330.3,9689.6,6726.4,22798.2,14991.2,17707.6,13394.9,42829.3,16774.5,1557.1,716.8,40816.3,19323.2,21134.2,31813.5,55873.9,71534.7,66085.6,68931.2,64735.5,71173.2,71142.8,52309.5,61967.6,65579.7,68863.8,70.9,9.7,127.3,86.4,94.7,9.2,126.2,168.0,10.8,9.8,78.2,101.6,166.6,301.8,178.1,221.1,156.6,507.0,198.8,28.3,26.1,519.3,240.4,260.5,121.50%,46.26%,36.98%,40.79%,35.42%,32.23%,35.59%,44.11%,63.89%,32.80%,40.57%,36.05%,194.81%,92.97%,92.92%,133.17%,80.34%,62.34%,81.49%,81.56%,139.52%,63.80%,132.34%,124.10%,182.81%,146.75%,84.72%,122.45%,72.31%,56.08%,65.81%,78.66%,126.40%,63.73%,105.48%,91.01%,91.79%,45.20%,85.99%,116.35%,73.43%,36.26%,76.99%,72.53%,55.88%,40.38%,113.05%,116.59%,91.83%,134.47%,77.54%,109.88%,66.27%,57.61%,62.21%,66.51%,69.34%,63.62%,99.76%,87.39%
3,"","281",100000,21973,64362,86335,63295,16224,11474,52768,4380,17713,33567,81955,100.00%,21.97%,64.36%,86.33%,63.30%,16.22%,11.47%,52.77%,4.38%,17.71%,33.57%,81.95%,100.00%,25.45%,74.55%,86.33%,77.23%,19.80%,13.29%,61.12%,5.07%,20.52%,33.57%,81.95%,8957.8,223.5,12180.5,9137.3,12171.5,223.4,14462.3,11709.2,260.7,221.1,5094.3,9611.7,4900.6,13150.5,2092.6,4906.9,1962.3,16052.1,5515.4,1322.3,342.2,16320.0,10541.9,5150.8,70118.1,64806.2,71631.2,69894.2,71648.5,65911.0,83570.2,69018.4,62790.4,65400.6,71270.8,70273.8,88.9,5.7,119.0,90.2,118.7,5.4,124.9,118.0,6.7,5.5,46.5,94.6,65.1,155.3,26.8,59.5,24.9,183.7,58.5,19.6,13.3,190.4,122.2,62.0,38.23%,32.42%,32.07%,32.31%,32.00%,30.50%,32.15%,30.85%,37.98%,31.29%,34.74%,32.09%,129.39%,103.33%,48.35%,88.79%,47.80%,96.23%,54.94%,46.56%,104.88%,102.56%,132.95%,74.78%,105.56%,71.19%,77.49%,98.50%,76.33%,49.19%,27.63%,70.13%,224.98%,49.94%,84.02%,94.37%,97.24%,41.39%,41.02%,73.58%,40.56%,36.59%,49.43%,39.52%,45.66%,40.61%,73.40%,62.68%,78.18%,64.91%,56.53%,74.09%,55.59%,44.26%,39.25%,49.65%,67.03%,45.96%,94.94%,73.40%
4,"","332",100000,21273,71574,92847,70805,16792,9181,62350,3102,18214,30497,89745,100.00%,21.27%,71.57%,92.85%,70.81%,16.79%,9.18%,62.35%,3.10%,18.21%,30.50%,89.74%,100.00%,22.91%,77.09%,92.85%,78.90%,18.71%,9.89%,67.15%,3.34%,19.62%,30.50%,89.74%,9150.3,123.1,11798.1,9123.2,11759.5,125.7,16452.0,11120.1,159.1,119.7,5040.5,9433.0,2502.4,8326.2,724.3,2466.0,692.9,9687.7,2415.0,472.1,163.2,9709.5,6542.5,2545.6,73802.4,68546.5,72976.2,71961.3,72977.4,69370.2,89989.0,70479.0,64753.2,69176.0,74991.8,72210.4,90.2,4.2,112.2,87.5,111.8,4.1,132.6,109.3,4.9,4.1,42.9,90.3,31.4,90.7,11.3,29.5,11.0,103.2,23.5,9.5,7.9,104.7,70.4,30.2,31.81%,28.49%,29.67%,29.45%,29.66%,27.66%,32.28%,28.30%,30.07%,28.18%,31.94%,29.34%,83.66%,137.97%,45.00%,71.18%,44.88%,126.73%,50.80%,42.99%,121.36%,140.94%,145.53%,64.99%,109.01%,62.69%,91.78%,105.09%,90.45%,49.03%,22.74%,90.24%,250.71%,49.89%,104.77%,102.98%,64.30%,40.27%,37.05%,57.52%,36.94%,36.38%,42.86%,35.84%,41.73%,39.85%,63.68%,52.56%,63.33%,54.35%,47.35%,60.53%,46.79%,43.35%,36.36%,44.51%,55.54%,44.80%,104.43%,60.61%
5,"","369",84599,19281,61871,81152,61622,15844,2100,59876,2834,16342,21276,78318,100.00%,22.79%,73.13%,95.93%,72.84%,18.73%,2.48%,70.78%,3.35%,19.32%,25.15%,92.58%,100.00%,23.76%,76.24%,95.93%,78.68%,20.23%,2.59%,73.78%,3.49%,20.14%,25.15%,92.58%,8135.2,155.7,10486.9,8032.3,10461.6,152.2,17673.2,10218.0,176.6,147.6,1881.3,8316.6,1408.2,4547.0,381.2,1370.9,359.9,5274.0,2655.3,309.9,157.5,5304.0,4357.0,1414.9,69365.4,67147.6,68754.2,68372.5,68720.9,67826.2,95528.4,67839.2,63287.9,67718.8,69873.4,68556.5,82.8,4.2,105.9,81.8,105.8,4.1,137.3,104.7,4.7,4.1,17.3,84.5,18.8,51.8,7.3,17.9,7.1,59.2,25.8,6.7,5.8,59.8,49.2,18.3,30.38%,28.38%,29.59%,29.26%,29.56%,27.92%,35.39%,28.99%,30.56%,27.95%,29.96%,29.23%,80.49%,88.01%,45.36%,74.19%,45.25%,84.62%,60.47%,44.77%,84.43%,88.50%,90.92%,66.97%,102.28%,62.74%,86.83%,100.28%,86.49%,49.49%,23.09%,86.29%,171.37%,49.97%,73.32%,98.96%,61.53%,34.41%,36.53%,58.44%,36.42%,32.37%,51.30%,36.14%,34.63%,33.49%,38.01%,52.62%,55.44%,54.57%,41.95%,54.38%,41.81%,43.04%,44.57%,40.94%,49.15%,43.76%,64.49%,54.60%
6,"","406",100000,21258,67854,89112,67462,17155,33049,34988,2834,18241,54124,86278,100.00%,21.26%,67.85%,89.11%,67.46%,17.16%,33.05%,34.99%,2.83%,18.24%,54.12%,86.28%,100.00%,23.86%,76.14%,89.11%,78.19%,19.88%,37.09%,39.26%,3.18%,20.47%,54.12%,86.28%,7250.5,135.3,9061.6,6932.2,9071.0,120.6,11109.2,7085.2,179.0,120.2,6833.3,7154.0,906.8,1966.8,473.7,829.9,473.6,2289.2,781.7,182.5,46.3,2280.6,1248.4,855.6,44088.9,40158.4,43146.2,42433.5,43136.0,40857.0,48954.4,37635.8,37168.3,40639.4,45534.9,42606.4,107.8,6.4,139.4,107.6,139.5,5.9,153.5,125.3,7.3,6.1,96.2,110.9,19.4,38.2,12.7,18.7,12.7,42.8,15.7,9.8,7.9,43.1,24.5,19.1,36.88%,32.40%,34.39%,33.97%,34.39%,31.28%,33.88%,29.91%,33.16%,32.07%,34.85%,33.88%,98.28%,102.20%,51.67%,86.80%,51.45%,99.73%,52.55%,44.42%,98.81%,103.73%,143.41%,77.54%,97.73%,70.19%,81.20%,93.87%,80.57%,55.07%,35.49%,84.02%,490.37%,55.85%,58.29%,90.70%,71.85%,37.84%,40.62%,67.01%,40.47%,34.44%,42.38%,37.83%,41.18%,36.72%,134.60%,60.76%,56.29%,56.00%,43.06%,55.22%,42.84%,44.18%,34.43%,40.91%,58.65%,45.41%,56.58%,54.68%
7,"","451",100000,17725,54379,72104,54181,15788,54253,392,670,16789,71712,71434,100.00%,17.72%,54.38%,72.10%,54.18%,15.79%,54.25%,0.39%,0.67%,16.79%,71.71%,71.43%,100.00%,24.58%,75.42%,72.10%,75.85%,22.10%,75.24%,0.54%,0.93%,23.28%,71.71%,71.43%,4087.8,152.3,4706.0,3586.5,4670.6,148.0,4704.5,2360.8,149.8,139.7,3593.2,3618.8,2080.0,2195.4,1863.5,1945.1,1858.7,2142.4,1871.1,-13.5,-71.4,2310.4,1955.8,1964.0,45026.0,39753.6,43417.4,42516.8,43351.3,39709.1,43439.2,34157.4,39313.7,39858.9,42562.4,42546.8,59.7,6.7,74.7,58.0,74.4,6.6,74.7,50.2,6.7,6.5,58.1,58.5,36.8,42.6,33.9,36.1,33.9,41.8,34.0,7.2,5.5,44.5,36.2,36.3,40.85%,30.75%,32.90%,32.46%,32.99%,30.49%,32.92%,23.38%,30.50%,30.65%,32.45%,32.46%,106.92%,88.22%,51.69%,88.29%,51.57%,81.70%,51.77%,45.83%,107.18%,87.49%,88.34%,85.18%,68.59%,65.56%,58.81%,61.66%,58.54%,59.08%,58.48%,453.53%,210.11%,61.36%,61.27%,60.90%,71.91%,35.52%,40.69%,67.63%,40.56%,33.06%,40.83%,46.03%,42.18%,34.70%,67.70%,65.58%,46.67%,51.70%,40.97%,45.33%,40.77%,46.67%,40.73%,41.19%,52.49%,48.83%,45.05%,44.81%
8,"","486",57835,12743,39427,52170,39008,11052,39716,259,451,11744,51911,51719,100.00%,22.03%,68.17%,90.20%,67.45%,19.11%,68.67%,0.45%,0.78%,20.31%,89.76%,89.43%,100.00%,24.43%,75.57%,90.20%,75.42%,21.37%,76.13%,0.50%,0.86%,22.51%,89.76%,89.43%,2607.1,155.8,2846.1,2189.0,2835.1,153.6,2822.6,1370.2,105.9,144.3,2193.1,2207.2,1828.9,1697.9,1596.7,1621.4,1603.3,1646.8,1618.9,0.7,-39.1,1729.2,1629.5,1635.9,35484.8,29638.3,32930.1,32126.1,32837.3,30298.4,33050.6,25586.0,28453.2,29284.8,32158.7,32158.1,47.7,8.5,59.0,46.6,58.9,8.1,58.4,39.2,7.5,8.4,46.7,47.0,39.0,43.2,37.2,38.7,37.5,41.1,37.5,8.0,6.6,44.5,38.9,39.0,37.38%,34.51%,34.98%,34.75%,35.01%,32.86%,35.09%,37.31%,41.20%,33.85%,34.75%,34.70%,93.75%,76.47%,50.68%,86.56%,50.33%,74.84%,51.28%,61.23%,113.60%,74.49%,86.38%,83.75%,61.82%,65.27%,55.63%,58.13%,54.93%,59.61%,55.60%,346.45%,393.89%,61.19%,57.75%,57.51%,65.03%,36.00%,38.28%,63.13%,37.98%,32.70%,38.61%,56.90%,43.69%,35.55%,62.90%,61.32%,44.04%,50.78%,40.37%,43.46%,39.96%,46.04%,40.39%,45.70%,50.34%,47.58%,43.21%,43.01%
9,"","517",100000,21770,68637,90407,69264,19675,70020,293,597,19497,90114,89810,100.00%,21.77%,68.64%,90.41%,69.26%,19.68%,70.02%,0.29%,0.60%,19.50%,90.11%,89.81%,100.00%,24.08%,75.92%,90.41%,77.12%,21.91%,77.45%,0.32%,0.66%,21.57%,90.11%,89.81%,2316.2,210.6,2489.1,1940.4,2434.3,213.6,2446.2,1401.1,123.3,187.9,1942.2,1952.5,3062.4,2342.5,2770.6,2667.5,2732.0,2444.3,2798.4,40.7,-9.8,2319.0,2676.1,2685.3,31476.7,26248.1,29406.5,28645.9,29139.7,26599.2,29492.3,21508.7,29131.9,25698.9,28669.1,28642.7,46.8,10.6,56.8,45.7,56.1,10.2,55.9,45.4,8.4,10.1,45.7,45.9,66.4,63.3,66.2,65.5,66.0,64.4,66.6,10.0,7.2,64.1,65.7,65.9,36.91%,34.22%,34.19%,34.38%,34.56%,32.89%,34.46%,33.29%,45.66%,32.84%,34.35%,34.34%,88.80%,65.99%,49.91%,83.50%,50.42%,62.31%,51.03%,58.64%,118.31%,62.60%,83.45%,81.49%,62.60%,65.21%,57.31%,59.05%,57.27%,61.19%,57.66%,130.14%,21794.22%,60.97%,58.80%,58.58%,60.10%,35.82%,36.46%,58.67%,36.82%,32.47%,37.28%,57.05%,49.51%,34.43%,58.61%,57.47%,44.37%,50.38%,41.90%,43.80%,41.82%,47.30%,41.90%,51.62%,53.95%,48.30%,43.63%,43.48%
10,"","553",100000,21362,70021,91383,69343,20153,71019,640,667,19057,90743,90716,100.00%,21.36%,70.02%,91.38%,69.34%,20.15%,71.02%,0.64%,0.67%,19.06%,90.74%,90.72%,100.00%,23.38%,76.62%,91.38%,76.44%,22.22%,77.72%,0.70%,0.73%,20.85%,90.74%,90.72%,2039.8,191.6,2246.8,1766.4,2233.6,205.8,2214.5,1189.0,104.8,174.0,1770.5,1778.6,2589.7,2103.8,2371.7,2309.0,2251.4,2182.9,2399.4,137.8,53.6,2124.0,2324.4,2325.6,29848.1,25398.0,28581.5,27837.3,28371.4,25954.9,28719.4,19935.2,28189.5,24802.9,27893.0,27834.7,43.7,10.3,52.7,42.7,52.6,10.1,51.9,41.6,8.5,10.0,42.8,43.0,58.5,58.4,57.9,58.0,56.0,58.9,58.4,13.2,9.2,60.0,58.3,58.4,36.77%,33.28%,34.23%,34.33%,34.40%,32.46%,34.15%,31.09%,47.37%,32.38%,34.20%,34.24%,88.48%,65.49%,50.14%,82.62%,49.89%,63.58%,51.14%,47.62%,123.08%,62.43%,82.53%,80.60%,61.26%,62.89%,56.87%,58.23%,56.32%,59.99%,56.53%,65.76%,230.95%,59.53%,57.76%,57.75%,59.57%,35.03%,36.22%,57.45%,35.93%,32.69%,37.03%,36.16%,57.80%,34.12%,57.61%,56.21%,43.74%,49.20%,41.52%,43.19%,41.07%,46.77%,41.25%,42.79%,64.76%,47.27%,42.82%,42.81%
11,"","582",68538,15388,47955,63343,48161,13722,48458,372,425,14088,62971,62918,100.00%,22.45%,69.97%,92.42%,70.27%,20.02%,70.70%,0.54%,0.62%,20.56%,91.88%,91.80%,100.00%,24.29%,75.71%,92.42%,76.55%,21.81%,76.50%,0.59%,0.67%,22.24%,91.88%,91.80%,1958.2,169.8,2074.9,1612.1,2050.7,173.3,2052.5,1126.3,107.4,155.4,1614.9,1622.2,2690.6,2103.6,2423.7,2345.9,2399.5,1880.9,2448.1,82.1,29.4,2124.1,2359.3,2361.6,29442.2,24541.4,27603.0,26859.3,27389.4,25147.5,27701.1,18462.8,23959.1,24272.9,26908.9,26878.9,41.9,10.0,50.3,40.5,50.0,9.6,49.8,41.0,9.8,9.7,40.5,40.8,64.1,62.6,63.3,63.1,63.3,55.3,63.7,13.4,10.3,64.0,63.4,63.5,36.94%,34.96%,34.38%,34.78%,34.82%,33.12%,34.38%,35.04%,52.92%,33.63%,34.66%,34.67%,91.50%,70.61%,51.06%,86.06%,51.36%,68.90%,51.80%,41.30%,112.20%,68.65%,86.25%,84.06%,66.62%,69.30%,61.38%,63.32%,61.25%,63.99%,61.15%,78.74%,274.33%,65.85%,62.92%,62.87%,60.27%,36.03%,36.09%,58.48%,36.27%,33.10%,36.75%,34.29%,56.99%,35.32%,58.68%,57.36%,43.82%,49.63%,41.26%,43.13%,41.14%,45.90%,41.12%,43.19%,66.41%,47.61%,42.86%,42.82%
12,"","616",65865,14920,46300,61220,46402,13362,47391,153,249,13427,61067,60971,100.00%,22.65%,70.30%,92.95%,70.45%,20.29%,71.95%,0.23%,0.38%,20.39%,92.72%,92.57%,100.00%,24.37%,75.63%,92.95%,76.11%,21.92%,77.41%,0.25%,0.41%,21.93%,92.72%,92.57%,1867.2,161.1,1992.7,1546.3,1967.9,160.1,1954.5,907.1,97.5,139.7,1547.9,1552.2,2348.5,1978.6,2083.2,2057.7,2037.5,1880.4,2117.4,-10.8,-22.9,1909.3,2062.9,2066.2,29732.1,25069.6,27894.2,27205.8,27686.9,25627.0,27921.0,21400.0,26071.5,24768.7,27220.4,27210.5,39.8,9.7,47.9,38.6,47.6,9.2,47.1,32.5,8.9,9.2,38.6,38.7,53.5,54.9,51.8,52.6,51.2,50.8,52.5,8.7,7.8,54.1,52.7,52.7,36.50%,35.78%,34.03%,34.60%,34.59%,33.91%,34.21%,38.18%,45.92%,34.51%,34.57%,34.54%,91.30%,74.75%,51.15%,86.09%,51.39%,72.10%,52.49%,56.78%,130.59%,72.37%,85.91%,84.96%,62.92%,65.61%,58.49%,60.22%,58.47%,61.45%,58.99%,1872.59%,1471.37%,61.41%,60.05%,59.92%,60.12%,36.70%,36.50%,58.73%,36.59%,32.98%,37.36%,47.00%,62.62%,35.08%,58.70%,57.95%,43.84%,48.63%,41.63%,43.27%,41.50%,45.58%,41.90%,43.68%,53.98%,46.56%,43.15%,43.08%
13,"","648",61017,13230,43376,56606,42618,12685,43635,170,269,12532,56436,56337,100.00%,21.68%,71.09%,92.77%,69.85%,20.79%,71.51%,0.28%,0.44%,20.54%,92.49%,92.33%,100.00%,23.37%,76.63%,92.77%,75.65%,22.52%,77.09%,0.30%,0.48%,22.14%,92.49%,92.33%,1843.4,145.6,1934.3,1516.3,1947.5,162.4,1922.6,961.3,96.1,139.5,1517.9,1523.0,2311.2,1916.0,2013.5,1990.7,1974.5,1870.7,2027.8,15.8,7.1,1930.8,1996.6,2000.2,31145.6,26019.7,29224.9,28475.8,29050.7,26702.4,29290.2,20485.2,26503.5,25790.9,28499.9,28485.2,38.0,9.1,45.0,36.6,45.4,9.0,44.7,33.4,8.7,9.0,36.6,36.8,50.2,52.0,48.5,49.3,48.0,49.2,48.8,9.1,8.5,52.7,49.5,49.5,36.85%,35.48%,34.35%,34.87%,34.65%,34.43%,34.30%,32.31%,50.42%,34.83%,34.82%,34.82%,91.56%,72.23%,51.94%,86.62%,51.14%,70.57%,52.37%,52.97%,146.55%,70.85%,86.52%,85.20%,60.73%,63.14%,56.27%,58.01%,55.78%,60.10%,56.15%,308.40%,499.05%,61.24%,57.76%,57.57%,60.17%,35.30%,36.94%,58.41%,36.32%,33.21%,37.32%,48.50%,50.25%,34.79%,58.44%,57.57%,41.63%,47.09%,39.41%,41.09%,38.85%,44.81%,39.31%,42.84%,53.19%,45.66%,40.93%,40.84%
14,"","700",53675,12297,35909,48206,35595,11217,36460,270,337,11139,47936,47869,100.00%,22.91%,66.90%,89.81%,66.32%,20.90%,67.93%,0.50%,0.63%,20.75%,89.31%,89.18%,100.00%,25.51%,74.49%,89.81%,74.36%,23.43%,75.63%,0.56%,0.70%,23.11%,89.31%,89.18%,1736.0,143.4,1816.3,1389.5,1805.1,150.9,1790.4,990.1,79.8,126.6,1391.8,1398.8,2766.4,2110.3,2211.7,2185.8,2090.1,1870.5,2249.2,73.6,29.8,2094.9,2197.7,2201.0,32052.1,26186.9,29357.9,28549.0,29194.8,26841.9,29393.0,19066.2,23686.6,26163.3,28602.4,28583.2,35.4,9.1,42.4,33.9,42.3,8.7,41.8,36.0,9.2,8.6,33.9,34.1,59.6,61.4,56.9,58.1,53.8,53.3,57.9,13.1,10.3,61.2,58.3,58.4,36.90%,36.04%,33.24%,34.07%,33.84%,33.65%,33.31%,37.96%,47.97%,34.72%,33.90%,33.93%,96.57%,82.65%,51.15%,90.26%,50.96%,79.60%,52.22%,46.67%,117.03%,80.02%,90.49%,87.94%,65.82%,68.63%,59.61%,61.82%,59.55%,62.70%,59.60%,85.09%,257.92%,64.32%,61.34%,61.25%,62.97%,36.23%,36.72%,60.78%,36.44%,33.54%,37.43%,35.91%,52.87%,34.97%,61.06%,59.51%,42.18%,47.64%,39.16%,41.00%,38.67%,44.67%,39.02%,51.17%,65.66%,45.61%,40.71%,40.63%
15,"","749",100000,22246,65379,87625,64992,20494,64911,275,833,21606,87350,86792,100.00%,22.25%,65.38%,87.63%,64.99%,20.49%,64.91%,0.27%,0.83%,21.61%,87.35%,86.79%,100.00%,25.39%,74.61%,87.63%,74.88%,23.61%,74.08%,0.31%,0.95%,24.66%,87.35%,86.79%,1918.1,159.4,1966.0,1507.4,1944.8,168.4,1971.7,1662.6,119.1,163.9,1506.9,1520.7,8071.0,5791.3,7246.9,6877.4,6960.2,5512.3,7278.7,292.5,224.7,6011.8,6898.1,6941.2,34197.9,27741.8,31034.9,30198.9,30907.9,28435.4,31091.7,22731.2,23716.9,27861.5,30222.4,30261.1,36.5,8.9,43.7,34.8,43.3,8.7,43.7,47.6,10.0,9.0,34.8,35.1,154.5,140.6,155.8,152.0,149.5,128.9,156.4,17.6,16.4,145.7,152.4,153.3,37.80%,35.08%,33.70%,34.46%,34.06%,33.44%,33.57%,38.52%,49.70%,34.79%,34.43%,34.29%,97.51%,73.08%,50.36%,90.30%,50.25%,70.13%,50.11%,56.31%,123.98%,71.97%,90.57%,87.26%,61.70%,61.95%,54.17%,57.40%,53.98%,56.83%,53.74%,115.50%,173.12%,59.15%,57.19%,56.72%,62.78%,34.82%,36.26%,60.98%,36.14%,32.59%,36.15%,44.67%,53.30%,34.52%,61.13%,59.32%,42.16%,45.71%,38.35%,40.80%,37.94%,42.63%,38.13%,53.88%,72.07%,43.72%,40.63%,40.31%
16,"","790",100000,22711,67057,89768,66438,21290,68123,276,557,20812,89492,89211,100.00%,22.71%,67.06%,89.77%,66.44%,21.29%,68.12%,0.28%,0.56%,20.81%,89.49%,89.21%,100.00%,25.30%,74.70%,89.77%,74.47%,23.86%,75.89%,0.31%,0.62%,23.18%,89.49%,89.21%,1871.9,163.2,1980.6,1520.8,1970.5,179.6,1952.3,1327.9,99.5,149.2,1521.4,1529.7,5852.3,4366.7,5302.2,5065.5,5098.4,4028.4,5342.6,112.3,95.0,4357.0,5080.8,5096.5,38115.8,31792.7,35629.8,34659.0,35484.3,32483.2,35695.1,25212.9,28092.7,31568.5,34688.1,34700.0,32.9,8.3,39.5,31.6,39.4,8.2,39.0,37.6,8.4,8.0,31.6,31.7,111.2,105.3,111.5,110.0,107.0,93.8,112.4,11.2,11.2,105.8,110.3,110.6,36.73%,35.48%,33.15%,33.94%,33.46%,33.91%,33.29%,36.17%,47.68%,34.24%,33.92%,33.86%,97.86%,72.24%,51.27%,91.92%,50.96%,69.74%,52.25%,65.59%,129.96%,70.29%,91.95%,89.72%,64.83%,66.01%,57.53%,60.82%,57.46%,61.07%,57.61%,164.30%,180.46%,62.52%,60.61%,60.38%,62.73%,34.58%,36.60%,61.10%,36.34%,32.84%,37.13%,55.68%,51.69%,33.78%,61.14%,59.97%,42.01%,46.25%,38.56%,40.91%,38.19%,43.32%,38.63%,46.78%,63.11%,44.58%,40.76%,40.60%
17,"","844",75107,17124,49870,66994,49311,16542,49190,204,503,17097,66790,66491,100.00%,22.80%,66.40%,89.20%,65.65%,22.02%,65.49%,0.27%,0.67%,22.76%,88.93%,88.53%,100.00%,25.56%,74.44%,89.20%,74.16%,24.88%,73.42%,0.30%,0.75%,25.52%,88.93%,88.53%,1856.5,183.8,1900.0,1461.3,1893.2,218.3,1916.0,1294.6,140.8,194.1,1461.8,1471.3,7735.2,5844.7,6883.0,6617.6,6598.0,5206.6,6913.4,222.5,149.3,6033.2,6637.1,6666.5,39880.5,32651.3,37004.8,35892.0,36798.3,33671.8,37124.4,26348.2,28570.7,32675.6,35921.2,35947.4,31.2,8.5,36.9,29.6,36.8,8.6,37.1,36.9,9.6,8.7,29.6,29.8,129.2,124.3,127.2,126.5,122.1,105.4,127.5,13.2,11.5,128.3,126.8,127.3,37.56%,36.04%,33.69%,34.56%,34.16%,34.23%,33.34%,34.30%,47.53%,36.09%,34.50%,34.42%,96.40%,68.09%,50.74%,91.11%,50.34%,66.58%,50.11%,44.42%,129.11%,67.66%,91.35%,88.79%,62.93%,63.77%,55.83%,58.82%,55.76%,58.31%,55.19%,105.19%,166.03%,62.08%,58.58%,58.30%,61.28%,33.96%,35.61%,60.33%,35.22%,33.08%,35.33%,45.85%,62.54%,33.95%,60.45%,59.21%,44.04%,47.84%,40.48%,42.95%,40.01%,44.11%,40.20%,48.51%,59.12%,46.41%,42.85%,42.65%
18,"","####",100000,22602,68808,91410,66934,23500,71151,341,654,19264,91069,90756,100.00%,22.60%,68.81%,91.41%,66.93%,23.50%,71.15%,0.34%,0.65%,19.26%,91.07%,90.76%,100.00%,24.73%,75.27%,91.41%,73.75%,25.89%,77.84%,0.37%,0.72%,21.07%,91.07%,90.76%,1884.2,200.3,2019.5,1569.7,2030.9,270.7,1962.4,1244.9,104.5,174.6,1570.9,1580.2,8490.7,6101.3,8152.1,7645.0,7969.7,6017.5,8186.5,264.7,207.2,6028.3,7672.6,7698.6,43371.8,35767.5,41952.8,40423.4,41673.8,37394.7,42063.2,27268.0,30137.0,34949.1,40472.7,40497.6,29.5,8.2,35.0,28.4,35.3,8.8,34.1,32.2,8.3,7.9,28.4,28.5,140.3,129.7,141.9,138.9,139.1,120.0,142.4,15.7,13.8,132.3,139.3,139.8,38.07%,35.14%,34.77%,35.57%,35.03%,34.40%,34.69%,33.96%,42.58%,33.57%,35.50%,35.45%,96.34%,64.73%,52.59%,91.05%,51.54%,66.07%,54.70%,62.02%,121.60%,60.37%,91.01%,89.06%,66.15%,64.73%,59.49%,62.37%,59.43%,59.48%,59.40%,107.20%,146.91%,60.81%,62.12%,61.86%,61.69%,33.01%,36.46%,60.65%,35.58%,33.99%,37.82%,55.24%,52.49%,32.56%,60.69%,59.42%,43.28%,46.59%,39.94%,42.23%,39.43%,42.14%,40.04%,54.90%,65.97%,44.84%,42.06%,41.89%
20_2,1,"986",91785,20676,60118,80794,57584,19769,20142,23,726,59903,80771,80068,100.00%,22.53%,65.50%,88.03%,62.74%,21.54%,21.94%,0.03%,0.79%,65.26%,88.00%,87.23%,100.00%,25.59%,74.41%,88.03%,71.92%,24.69%,24.93%,0.03%,0.90%,74.14%,88.00%,87.23%,1494.4,167.3,1645.2,1267.0,1645.5,187.7,2750.3,14057.3,237.7,775.8,1263.3,1276.3,71674.5,51329.3,71678.9,66471.3,70853.5,54155.2,110126.3,3017.2,460.6,52616.9,66489.3,67069.8,40336.3,33824.4,39531.6,38071.1,39257.5,35241.5,48606.3,33446.8,29639.1,34632.7,38072.4,38147.6,25.6,8.0,30.3,24.6,30.4,7.7,42.2,266.4,11.3,18.8,24.5,24.7,1137.1,977.4,1196.5,1140.4,1189.9,994.5,1585.7,75.2,19.2,1004.7,1140.7,1150.6,39.32%,34.82%,34.22%,35.19%,34.73%,33.92%,27.02%,38.81%,35.78%,32.00%,35.19%,35.05%,97.16%,75.50%,51.84%,89.75%,50.70%,74.75%,28.50%,93.70%,127.96%,85.07%,89.73%,88.00%,69.67%,64.28%,61.36%,64.25%,61.45%,60.94%,45.22%,80.40%,150.11%,53.58%,64.24%,63.63%,59.75%,34.34%,35.29%,58.07%,33.96%,32.58%,29.46%,80.00%,60.24%,56.70%,58.06%,57.14%,49.92%,48.64%,46.99%,48.77%,46.52%,46.82%,41.36%,95.49%,59.82%,41.34%,48.76%,48.31%
9_2,1,"517",100000,21814,63329,85143,62131,17851,49684,114,3201,32144,85029,81942,100.00%,21.81%,63.33%,85.14%,62.13%,17.85%,49.68%,0.11%,3.20%,32.14%,85.03%,81.94%,100.00%,25.62%,74.38%,85.14%,75.82%,21.78%,58.35%,0.13%,3.76%,37.75%,85.03%,81.94%,2158.9,149.7,2277.3,1732.2,2247.5,149.5,2616.0,4213.9,185.1,511.4,1728.9,1792.6,59125.5,33214.2,55023.5,49435.9,55151.0,38618.0,62240.1,1276.8,416.3,34697.2,49500.5,51350.8,35834.7,29155.1,31933.0,31221.3,31843.5,29937.4,34126.3,26151.4,27092.8,27160.1,31228.1,31382.6,39.4,8.3,48.3,38.0,47.8,8.0,52.7,113.7,9.2,17.9,37.9,39.2,1144.0,811.1,1238.5,1129.0,1246.2,930.4,1329.1,48.5,18.4,934.2,1130.5,1172.4,39.72%,36.70%,35.24%,35.72%,35.33%,34.20%,31.82%,39.34%,40.76%,34.43%,35.72%,35.37%,98.22%,78.08%,49.87%,89.86%,49.17%,75.22%,40.83%,48.56%,91.20%,132.15%,90.04%,78.85%,63.42%,73.72%,51.44%,58.92%,50.58%,57.61%,44.51%,133.72%,138.30%,47.01%,58.78%,55.86%,67.22%,36.23%,37.53%,65.32%,36.96%,33.86%,34.81%,56.99%,43.30%,79.58%,65.33%,58.15%,43.94%,58.08%,36.52%,42.74%,35.67%,45.73%,35.66%,113.16%,63.93%,38.54%,42.66%,40.46%
10_2,1,"553",100000,21300,64466,85766,62975,18328,38811,73,1862,45020,85693,83904,100.00%,21.30%,64.47%,85.77%,62.98%,18.33%,38.81%,0.07%,1.86%,45.02%,85.69%,83.90%,100.00%,24.84%,75.16%,85.77%,75.06%,21.84%,45.25%,0.09%,2.17%,52.49%,85.69%,83.90%,1876.0,148.0,1960.2,1510.2,1947.0,150.3,2545.8,5096.9,209.0,665.4,1507.1,1539.0,79491.5,49555.0,75479.7,69041.3,75647.4,54559.3,93432.9,2023.9,716.0,50948.3,69098.4,70557.6,34394.9,28681.8,30962.1,30395.8,30841.8,29646.2,34759.7,26701.4,26256.9,26810.8,30398.9,30487.6,35.5,8.3,42.9,34.3,42.7,7.9,50.7,127.0,10.3,21.0,34.2,34.8,1517.1,1132.9,1625.0,1502.8,1634.5,1218.7,1849.7,62.4,26.1,1267.2,1504.0,1535.6,39.16%,36.80%,35.32%,35.78%,35.49%,34.35%,29.36%,51.77%,43.01%,34.33%,35.77%,35.53%,93.53%,74.49%,49.46%,86.57%,48.67%,72.59%,34.81%,48.54%,95.00%,99.59%,86.72%,80.57%,57.09%,61.73%,48.07%,53.22%,47.19%,53.97%,39.32%,118.13%,149.04%,42.19%,53.16%,51.74%,63.06%,36.31%,36.77%,61.16%,35.95%,33.51%,32.74%,59.35%,44.66%,81.90%,61.14%,57.71%,43.69%,51.01%,37.72%,42.36%,36.79%,45.13%,36.76%,104.63%,73.67%,37.14%,42.32%,41.20%
11_2,1,"582",62113,13286,41474,54760,40096,12163,18692,42,711,35315,54718,54049,100.00%,21.39%,66.77%,88.16%,64.55%,19.58%,30.09%,0.07%,1.14%,56.86%,88.09%,87.02%,100.00%,24.26%,75.74%,88.16%,74.18%,22.50%,34.13%,0.08%,1.30%,64.49%,88.09%,87.02%,1800.2,150.0,1926.1,1495.2,1902.0,159.1,2830.7,4607.9,261.2,809.4,1492.8,1511.4,93535.1,60001.0,89513.0,82352.7,89612.9,62035.9,122024.3,2211.3,703.9,63093.9,82414.2,83426.8,34756.7,29610.0,32090.7,31488.8,31942.3,30197.1,37692.0,31499.0,28209.6,28271.6,31488.8,31532.0,34.2,8.2,40.9,33.0,40.5,8.0,52.6,98.9,11.4,22.9,32.9,33.2,1769.4,1348.7,1876.0,1748.0,1887.4,1375.6,2266.8,56.4,25.1,1510.1,1749.3,1770.7,39.07%,37.33%,35.50%,36.15%,35.58%,35.65%,28.94%,34.64%,41.52%,34.66%,36.14%,35.93%,89.39%,73.63%,49.57%,84.17%,48.45%,71.11%,30.12%,38.93%,112.29%,86.37%,84.20%,81.16%,56.59%,58.33%,48.79%,53.29%,47.87%,54.32%,38.70%,128.60%,165.58%,43.52%,53.22%,52.38%,60.70%,35.94%,36.62%,59.61%,35.53%,33.71%,31.36%,38.57%,58.43%,68.84%,59.57%,57.74%,43.44%,48.74%,38.72%,42.59%,37.56%,45.22%,37.01%,107.88%,73.60%,37.37%,42.52%,41.95%
12_2,1,"616",82339,17443,54349,71792,51795,16482,23385,37,789,47581,71755,71003,100.00%,21.18%,66.01%,87.19%,62.90%,20.02%,28.40%,0.04%,0.96%,57.79%,87.15%,86.23%,100.00%,24.30%,75.70%,87.19%,72.95%,23.21%,32.57%,0.05%,1.10%,66.28%,87.15%,86.23%,1748.5,148.7,1864.9,1447.9,1862.5,165.4,2791.7,3698.3,268.4,805.3,1446.8,1461.0,112241.9,72806.3,107857.9,99341.5,107359.2,74947.1,150207.5,1272.4,594.9,76055.8,99392.1,100438.8,36540.7,31281.7,34154.5,33456.5,34000.0,31769.6,40321.4,28955.0,30273.7,30138.8,33458.8,33491.9,31.9,7.9,38.1,30.7,38.1,7.9,49.4,87.9,11.1,21.8,30.7,30.9,2000.1,1553.0,2117.3,1980.2,2120.0,1582.5,2580.6,41.7,22.0,1719.0,1981.2,2001.9,38.23%,35.30%,34.23%,34.56%,34.30%,34.43%,28.26%,36.35%,38.71%,32.41%,34.56%,34.47%,90.55%,74.43%,49.80%,84.24%,48.29%,72.46%,30.11%,26.87%,111.13%,85.39%,84.30%,81.65%,59.35%,59.53%,50.52%,55.16%,49.36%,55.13%,39.98%,102.25%,182.04%,46.11%,55.13%,54.40%,60.43%,35.91%,36.35%,58.89%,34.73%,34.65%,30.69%,23.09%,56.78%,66.89%,58.85%,57.37%,43.31%,47.02%,38.75%,42.22%,37.36%,43.57%,37.57%,78.74%,73.67%,37.12%,42.20%,41.66%
13_2,1,"648",100000,20877,65519,86396,63147,19232,27664,57,901,57774,86339,85495,100.00%,20.88%,65.52%,86.40%,63.15%,19.23%,27.66%,0.06%,0.90%,57.77%,86.34%,85.50%,100.00%,24.16%,75.84%,86.40%,73.86%,22.49%,32.02%,0.07%,1.04%,66.87%,86.34%,85.50%,1724.5,152.6,1860.2,1447.6,1849.1,157.4,2807.0,5267.3,306.2,810.7,1445.1,1459.6,125862.1,83053.6,122790.6,113188.5,123236.2,86280.6,171623.3,1869.9,530.1,87074.8,113262.0,114375.7,37820.8,32946.9,35774.7,35091.4,35641.7,33743.3,42165.7,30630.4,31097.8,31770.7,35094.3,35133.5,30.6,7.7,36.5,29.5,36.4,7.4,47.7,119.7,11.5,21.0,29.4,29.7,2173.8,1687.0,2305.1,2155.8,2322.7,1717.4,2835.0,54.6,19.4,1865.9,2157.1,2178.3,37.61%,33.42%,33.48%,33.58%,33.52%,32.43%,28.30%,34.65%,35.34%,31.29%,33.58%,33.53%,90.06%,73.44%,49.38%,83.15%,48.19%,72.60%,30.01%,34.66%,111.71%,83.60%,83.20%,80.99%,59.31%,58.06%,50.88%,55.15%,50.17%,54.22%,40.39%,128.97%,160.26%,45.49%,55.11%,54.43%,59.78%,34.57%,36.41%,58.65%,35.18%,32.39%,30.37%,41.36%,57.15%,65.86%,58.65%,57.35%,44.31%,47.57%,40.01%,43.43%,39.07%,44.75%,37.79%,113.84%,64.43%,37.61%,43.38%,42.91%
14_2,1,"700",100000,20597,64909,85506,62760,19595,26097,50,769,58590,85456,84737,100.00%,20.60%,64.91%,85.51%,62.76%,19.60%,26.10%,0.05%,0.77%,58.59%,85.46%,84.74%,100.00%,24.09%,75.91%,85.51%,74.06%,23.12%,30.52%,0.06%,0.90%,68.52%,85.46%,84.74%,1634.1,159.6,1798.4,1403.6,1793.2,172.9,2744.7,6210.5,289.2,816.8,1400.8,1413.7,153275.4,105727.1,150412.0,139648.1,150904.2,108412.7,212395.5,1634.4,412.8,109190.5,139728.9,140911.7,38867.6,34234.3,37305.8,36565.9,37164.4,34918.6,44081.4,34232.2,33021.4,33266.9,36567.3,36598.1,28.5,7.4,33.8,27.5,33.8,7.3,44.6,118.4,10.7,20.0,27.4,27.6,2649.5,2118.9,2791.0,2629.1,2812.2,2138.0,3487.7,40.9,15.5,2283.2,2630.6,2652.8,37.90%,32.95%,32.87%,33.05%,32.97%,32.09%,28.19%,35.42%,36.59%,31.00%,33.05%,33.01%,89.71%,70.72%,48.77%,81.53%,47.66%,69.76%,29.00%,38.43%,121.08%,80.35%,81.57%,79.68%,59.67%,58.33%,51.34%,54.90%,50.73%,54.67%,40.37%,114.50%,166.70%,45.58%,54.87%,54.25%,59.39%,34.60%,35.81%,57.67%,34.65%,33.35%,29.73%,39.93%,57.65%,62.53%,57.67%,56.55%,45.46%,47.68%,41.23%,44.34%,40.31%,45.21%,39.22%,99.15%,63.38%,38.55%,44.31%,43.89%
15_2,1,"749",86523,18678,57450,76128,56262,17251,22043,70,871,53144,76058,75257,100.00%,21.59%,66.40%,87.99%,65.03%,19.94%,25.48%,0.08%,1.01%,61.42%,87.90%,86.98%,100.00%,24.53%,75.47%,87.99%,74.76%,22.92%,28.96%,0.09%,1.14%,69.81%,87.90%,86.98%,1677.1,134.8,1767.3,1366.8,1741.6,139.1,2764.0,9693.3,282.7,794.1,1359.1,1379.3,47741.8,32874.3,45964.1,42752.5,45827.0,34430.0,66804.5,2289.9,888.2,33515.7,42789.8,43237.1,33323.0,28181.7,31443.4,30643.1,31369.1,28679.3,37871.0,28545.9,26578.2,27714.5,30645.0,30690.1,32.9,8.4,39.1,31.6,38.6,8.1,52.1,219.8,13.2,23.1,31.4,31.8,929.2,770.1,973.4,923.5,973.6,793.6,1229.7,69.6,35.5,812.2,924.3,933.8,37.35%,33.71%,33.39%,33.73%,33.55%,32.56%,27.28%,36.49%,37.62%,31.14%,33.72%,33.60%,93.28%,82.01%,50.24%,85.57%,49.63%,79.49%,29.10%,85.42%,125.53%,82.12%,85.59%,83.21%,61.42%,58.66%,53.58%,56.95%,53.00%,54.71%,41.16%,96.93%,157.63%,47.06%,56.91%,56.23%,58.98%,35.81%,35.18%,57.30%,34.59%,33.49%,29.28%,81.22%,59.92%,60.01%,57.28%,55.86%,43.80%,45.04%,39.99%,42.43%,39.25%,42.58%,37.33%,100.54%,73.27%,36.04%,42.37%,41.92%
16_2,1,"790",85572,18929,57066,75995,54621,17792,21132,53,888,53922,75942,75107,100.00%,22.12%,66.69%,88.81%,63.83%,20.79%,24.69%,0.06%,1.04%,63.01%,88.75%,87.77%,100.00%,24.91%,75.09%,88.81%,72.72%,23.69%,27.81%,0.07%,1.17%,70.95%,88.75%,87.77%,1632.0,143.0,1732.6,1336.6,1733.3,155.2,2752.6,7223.7,284.3,793.2,1332.5,1349.1,52086.4,36109.3,50286.1,46754.9,50794.6,37931.0,74286.1,2438.1,734.7,36766.8,46785.8,47299.0,36037.9,30459.8,34184.5,33256.7,34128.1,31023.6,41441.2,25911.6,28891.8,30128.4,33261.9,33308.4,30.2,8.1,35.9,29.0,36.0,8.0,48.2,204.1,12.1,21.6,28.9,29.2,950.6,793.2,994.5,944.4,1006.8,820.0,1276.7,77.6,26.6,830.1,945.0,955.2,37.63%,33.24%,33.52%,33.88%,33.68%,32.02%,27.15%,27.40%,37.00%,31.07%,33.87%,33.77%,94.17%,79.13%,49.98%,86.36%,48.76%,76.52%,29.06%,77.79%,117.31%,83.19%,86.34%,83.75%,61.77%,58.08%,54.60%,57.44%,53.99%,54.24%,41.75%,93.57%,143.54%,46.25%,57.39%,56.62%,58.76%,34.71%,34.77%,56.94%,33.47%,33.34%,29.14%,96.17%,56.81%,59.19%,56.91%,55.59%,44.58%,45.26%,41.12%,43.43%,40.43%,42.86%,37.13%,101.60%,73.66%,36.22%,43.40%,42.94%
19,"","944",100000,22618,68029,90647,65932,22962,71054,501,670,18422,90146,89977,100.00%,22.62%,68.03%,90.65%,65.93%,22.96%,71.05%,0.50%,0.67%,18.42%,90.15%,89.98%,100.00%,24.95%,75.05%,90.65%,73.28%,25.52%,78.39%,0.55%,0.74%,20.32%,90.15%,89.98%,1904.2,217.5,1949.6,1517.4,1973.9,267.4,1876.2,1507.7,106.8,184.9,1517.4,1527.9,11340.1,8012.7,10609.6,9961.6,10375.8,7902.9,10643.8,249.6,204.2,7949.2,10015.6,10034.2,43440.4,34622.2,41180.7,39544.3,40781.1,36737.8,41256.2,28234.8,27828.0,33675.1,39607.1,39631.5,29.4,8.8,34.5,28.1,35.1,8.8,33.3,37.1,8.9,8.4,28.0,28.2,177.7,163.0,178.6,174.7,175.5,147.8,179.4,13.5,13.7,167.1,175.6,175.9,38.77%,37.16%,34.90%,36.04%,35.25%,35.57%,34.73%,46.01%,47.49%,34.97%,35.90%,35.84%,94.84%,61.20%,51.68%,90.66%,50.50%,62.67%,54.85%,72.13%,127.34%,55.88%,90.64%,88.89%,63.89%,64.04%,56.71%,60.14%,56.90%,59.04%,56.63%,102.08%,142.73%,60.48%,59.78%,59.64%,60.79%,32.46%,35.99%,59.95%,34.84%,31.91%,37.79%,52.55%,57.23%,31.85%,60.07%,58.82%,43.85%,47.27%,40.20%,42.82%,39.72%,43.37%,40.32%,52.98%,70.26%,45.44%,42.59%,42.50%
17_2,1,"844",76785,17354,51301,68655,50267,16033,18498,47,677,49433,68608,67978,100.00%,22.60%,66.81%,89.41%,65.46%,20.88%,24.09%,0.06%,0.88%,64.38%,89.35%,88.53%,100.00%,25.28%,74.72%,89.41%,73.95%,23.59%,26.94%,0.07%,0.99%,72.00%,89.35%,88.53%,1607.3,152.8,1720.9,1324.5,1693.2,158.5,2780.1,8941.0,265.4,787.1,1319.3,1335.1,58568.2,41658.0,57314.0,53356.6,56814.5,43993.1,86286.8,2186.8,619.9,41804.9,53391.7,53881.8,36826.3,31196.8,35405.9,34341.9,35213.9,32056.6,43370.4,27562.2,29385.4,31037.8,34346.6,34391.3,28.9,8.1,34.4,27.8,34.1,7.7,46.6,196.8,11.6,20.8,27.6,27.9,1016.3,869.0,1063.1,1014.1,1059.8,894.0,1379.9,59.0,23.1,891.7,1014.7,1023.9,37.87%,34.30%,33.68%,34.28%,34.00%,32.93%,27.61%,35.47%,38.38%,31.49%,34.27%,34.17%,95.52%,75.23%,50.29%,88.36%,49.71%,73.53%,29.43%,48.92%,118.74%,83.97%,88.35%,86.18%,63.87%,60.13%,56.91%,59.42%,56.80%,57.01%,43.27%,112.70%,157.58%,48.58%,59.36%,58.76%,60.05%,35.12%,35.29%,58.44%,34.66%,32.78%,29.27%,52.69%,61.22%,60.06%,58.42%,57.24%,45.87%,46.18%,42.90%,44.73%,42.36%,44.57%,38.62%,92.88%,66.12%,37.73%,44.71%,44.29%
19_2,1,"944",100000,22596,65031,87627,61501,22121,21511,34,788,65294,87593,86839,100.00%,22.60%,65.03%,87.63%,61.50%,22.12%,21.51%,0.03%,0.79%,65.29%,87.59%,86.84%,100.00%,25.79%,74.21%,87.63%,70.82%,25.47%,24.55%,0.04%,0.90%,74.51%,87.59%,86.84%,1514.9,166.0,1630.9,1253.1,1636.1,194.6,2731.8,9440.1,264.0,773.7,1250.0,1262.1,68002.3,49068.6,67076.0,62432.5,66363.3,51906.5,104084.0,1790.4,598.2,49488.3,62456.1,62993.6,39874.8,33401.5,38641.5,37290.2,38392.4,34649.9,47613.3,32674.6,29032.9,33991.4,37292.0,37365.2,25.9,8.0,30.5,24.7,30.8,7.9,42.4,177.5,11.8,19.0,24.7,24.8,1114.2,969.2,1170.3,1118.4,1165.6,995.5,1563.7,40.8,22.7,985.5,1118.8,1128.4,39.12%,34.92%,33.90%,34.88%,34.50%,34.01%,26.59%,40.39%,38.96%,31.76%,34.88%,34.75%,98.41%,75.43%,51.30%,89.94%,49.95%,74.40%,28.77%,56.41%,125.33%,85.39%,89.94%,88.28%,68.00%,62.66%,59.47%,62.39%,59.30%,58.95%,44.22%,97.76%,130.05%,51.36%,62.38%,61.76%,60.35%,34.67%,34.87%,57.98%,33.34%,33.90%,29.69%,84.49%,63.97%,56.87%,57.97%,57.06%,48.39%,47.04%,45.34%,46.79%,44.60%,44.78%,40.22%,68.66%,62.71%,39.05%,46.77%,46.40%
18_2,1,"897",100000,21519,65039,86558,62268,20585,29809,32,647,56070,86526,85911,100.00%,21.52%,65.04%,86.56%,62.27%,20.59%,29.81%,0.03%,0.65%,56.07%,86.53%,85.91%,100.00%,24.86%,75.14%,86.56%,72.48%,23.96%,34.44%,0.04%,0.75%,64.78%,86.53%,85.91%,1778.5,176.0,1870.6,1449.3,1843.4,190.3,2766.3,3876.1,287.4,761.2,1448.4,1458.1,59264.8,41293.0,57219.6,53260.2,57137.2,43472.6,81232.0,510.7,198.3,39031.6,53279.7,53659.8,43217.6,36466.2,41505.3,40252.6,41378.6,37472.9,48853.3,30680.3,32284.3,35777.5,40256.1,40312.6,28.2,7.7,33.0,26.7,32.6,7.5,42.6,84.9,11.3,18.5,26.7,26.9,993.4,863.3,1041.5,997.2,1045.7,884.4,1295.4,20.4,11.8,850.6,997.6,1004.6,38.79%,34.51%,33.65%,34.46%,33.85%,33.70%,27.48%,29.17%,35.03%,31.35%,34.46%,34.35%,96.48%,69.90%,50.78%,87.55%,49.30%,68.96%,32.15%,29.44%,125.23%,87.65%,87.58%,85.98%,71.46%,65.19%,62.50%,64.82%,61.70%,62.73%,48.64%,94.60%,171.93%,52.94%,64.80%,64.28%,60.41%,32.91%,35.70%,58.34%,34.36%,31.53%,30.40%,42.26%,63.30%,65.76%,58.34%,57.45%,47.87%,47.52%,44.79%,46.44%,43.74%,45.67%,41.36%,67.76%,52.40%,38.05%,46.42%,46.14%
3_2,1,"281",70303,25566,30439,56005,28509,8371,4110,26251,16839,8805,29754,39166,100.00%,36.37%,43.30%,79.66%,40.55%,11.91%,5.85%,37.34%,23.95%,12.52%,42.32%,55.71%,100.00%,45.65%,54.35%,79.66%,72.79%,21.37%,7.34%,46.87%,30.07%,15.72%,42.32%,55.71%,6414.6,230.8,12318.1,6800.3,12238.8,222.0,15696.8,11821.6,241.3,220.7,2370.1,9620.3,5914.6,10330.4,2275.3,5952.4,2010.8,29056.4,6834.8,1529.0,344.5,29453.2,9855.1,8363.5,67838.1,62499.5,71275.8,67269.5,71211.7,66688.6,89360.0,68432.7,60358.4,66706.9,66243.1,70240.8,68.2,5.4,126.8,71.4,124.6,5.0,133.3,126.1,5.7,5.0,23.1,99.7,70.5,114.9,26.6,66.9,23.2,309.4,67.4,19.9,10.0,315.9,108.4,91.4,49.05%,39.27%,38.73%,39.51%,38.37%,38.61%,36.03%,37.12%,39.08%,38.76%,41.57%,38.81%,159.27%,89.67%,50.12%,143.20%,47.55%,84.98%,56.77%,48.84%,90.77%,88.39%,95.24%,83.50%,122.72%,159.84%,71.73%,115.63%,68.16%,56.63%,27.69%,64.73%,148.01%,57.96%,182.55%,89.69%,132.27%,41.43%,51.93%,134.81%,49.20%,38.34%,54.19%,51.13%,41.51%,40.13%,48.98%,84.56%,78.48%,90.83%,52.11%,76.48%,49.06%,45.25%,41.08%,46.47%,56.28%,46.69%,109.12%,69.51%
4_2,1,"332",71411,30475,30647,61122,29847,6468,305,30243,23839,6735,30879,37283,100.00%,42.68%,42.92%,85.59%,41.80%,9.06%,0.43%,42.35%,33.38%,9.43%,43.24%,52.21%,100.00%,49.86%,50.14%,85.59%,80.06%,17.35%,0.50%,49.48%,39.00%,11.02%,43.24%,52.21%,5730.1,157.0,11591.2,5890.2,11608.3,170.7,25612.8,11483.0,158.7,169.9,412.5,9554.9,3483.0,5898.2,1268.6,3576.9,1196.5,24845.0,10327.0,1177.1,226.7,25905.3,5927.2,5719.0,69618.4,61960.9,78550.7,70279.1,78514.0,77223.4,94710.5,78389.0,57730.5,77172.7,62336.3,78302.8,54.1,4.5,103.5,54.1,103.5,3.8,202.9,102.8,4.7,3.8,6.5,85.7,40.1,65.1,15.0,40.0,14.0,257.4,123.8,13.9,7.0,270.0,65.5,61.1,38.22%,31.84%,26.80%,32.74%,26.73%,26.53%,35.09%,26.68%,29.07%,26.78%,32.14%,26.83%,171.43%,87.76%,44.09%,160.94%,42.96%,75.36%,83.04%,43.63%,91.06%,77.47%,87.80%,59.85%,115.37%,126.07%,47.90%,107.45%,46.59%,49.14%,23.86%,47.40%,121.65%,50.56%,126.76%,58.63%,118.31%,36.51%,38.22%,134.89%,37.34%,31.81%,75.36%,37.84%,36.40%,32.87%,36.95%,51.81%,62.86%,61.59%,36.08%,61.48%,35.06%,45.14%,42.75%,35.62%,46.67%,46.67%,62.27%,45.29%
5_2,1,"369",100000,46350,37125,83475,36164,8466,302,36701,37677,8795,46774,45798,100.00%,46.35%,37.13%,83.47%,36.16%,8.47%,0.30%,36.70%,37.68%,8.79%,46.77%,45.80%,100.00%,55.53%,44.47%,83.47%,78.96%,18.49%,0.36%,43.97%,45.14%,10.54%,46.77%,45.80%,5068.9,123.1,11488.5,5177.8,11433.9,162.2,31465.7,11357.6,118.2,162.1,328.8,9340.2,2984.0,4395.0,1226.2,2985.7,1183.8,21972.8,8623.9,1167.8,192.9,22341.7,4412.0,5283.2,59085.9,52022.6,68380.8,59297.9,68247.0,69101.6,94745.8,68184.3,48127.7,68849.8,52325.1,68487.3,53.9,4.9,115.7,54.2,115.3,4.0,242.9,115.0,5.1,4.0,6.4,94.5,35.3,50.4,15.0,34.7,14.6,226.8,82.0,14.5,7.5,233.6,50.5,57.0,43.58%,35.30%,29.62%,37.32%,29.53%,29.26%,25.04%,29.44%,31.28%,29.62%,35.57%,29.63%,165.81%,109.74%,46.19%,171.67%,45.00%,81.98%,89.96%,45.75%,115.75%,82.85%,109.69%,65.79%,128.54%,136.83%,46.52%,121.88%,45.23%,54.80%,24.37%,45.99%,137.78%,55.89%,136.66%,57.92%,98.35%,37.97%,38.09%,95.60%,37.20%,32.61%,84.59%,37.76%,38.06%,33.91%,38.35%,53.84%,63.21%,59.78%,33.58%,62.21%,32.68%,48.67%,46.29%,33.23%,47.96%,49.89%,60.26%,43.07%
6_2,1,"406",90115,27568,50611,78179,48643,11890,49613,1509,14550,12507,76670,63629,100.00%,30.59%,56.16%,86.75%,53.98%,13.19%,55.06%,1.67%,16.15%,13.88%,85.08%,70.61%,100.00%,35.26%,64.74%,86.75%,76.45%,18.69%,63.46%,1.93%,18.61%,16.00%,85.08%,70.61%,6550.8,201.4,9544.2,6249.6,9521.2,137.9,9662.6,2773.8,225.5,138.5,6318.1,7627.2,12146.6,8937.0,13520.1,11904.0,13692.3,18806.0,13780.2,1071.5,308.1,19258.6,12117.2,14555.6,48355.3,41908.0,48880.8,46422.0,48708.1,46331.3,48947.2,45032.1,38213.4,46122.4,46449.4,48299.1,86.1,6.9,130.2,86.7,130.4,5.4,131.6,44.8,7.7,5.5,87.5,104.8,167.9,138.6,191.7,173.0,194.5,282.1,195.2,22.3,11.2,290.9,175.9,210.0,40.94%,37.65%,33.80%,35.71%,33.65%,30.50%,33.72%,38.01%,37.48%,31.16%,35.68%,33.39%,140.85%,78.86%,52.13%,139.07%,50.30%,84.72%,51.23%,61.15%,70.56%,86.10%,139.32%,79.26%,97.13%,165.20%,51.30%,80.03%,49.26%,56.31%,50.15%,80.80%,117.14%,57.66%,75.64%,53.87%,128.94%,40.87%,44.30%,127.59%,42.72%,34.30%,43.61%,59.92%,37.25%,35.89%,128.04%,66.41%,71.88%,121.69%,40.06%,63.48%,38.11%,50.91%,39.03%,67.49%,55.75%,52.93%,60.56%,43.15%
7_2,1,"451",100000,33462,55264,88726,52422,15494,54529,374,17025,16798,88352,71701,100.00%,33.46%,55.26%,88.73%,52.42%,15.49%,54.53%,0.37%,17.02%,16.80%,88.35%,71.70%,100.00%,37.71%,62.29%,88.73%,73.11%,21.61%,61.46%,0.42%,19.19%,18.93%,88.35%,71.70%,3381.8,181.5,4553.3,2904.5,4402.0,155.8,4593.0,2333.5,198.2,178.9,2906.9,3547.1,34691.5,15048.5,41609.2,31592.1,42202.3,29939.4,42111.4,1399.1,343.6,29787.8,31719.9,39011.9,44144.3,35924.4,42918.2,40280.6,42542.8,38480.1,42948.1,45038.9,33960.0,37921.4,40260.4,41781.4,48.2,7.5,70.5,46.8,69.0,6.6,71.0,42.5,8.1,7.3,46.8,55.9,508.8,269.0,657.4,510.9,671.6,524.4,664.8,30.1,13.6,526.0,513.0,629.0,44.60%,41.46%,38.33%,40.25%,38.23%,34.64%,38.23%,45.33%,43.78%,35.69%,40.25%,37.76%,134.07%,78.49%,55.94%,132.76%,53.75%,76.95%,55.26%,40.23%,78.39%,78.47%,132.84%,91.82%,99.22%,159.55%,55.07%,88.61%,52.25%,60.39%,54.18%,82.98%,121.20%,64.27%,87.62%,58.63%,115.24%,37.39%,44.22%,115.13%,42.15%,33.80%,43.75%,59.60%,36.89%,36.13%,115.24%,71.74%,74.48%,139.50%,41.19%,69.63%,38.73%,53.42%,40.49%,78.29%,56.35%,56.44%,68.90%,45.61%
8_2,1,"486",82046,19680,48107,67787,46922,13093,46426,164,5980,15217,67623,61807,100.00%,23.99%,58.63%,82.62%,57.19%,15.96%,56.59%,0.20%,7.29%,18.55%,82.42%,75.33%,100.00%,29.03%,70.97%,82.62%,75.92%,21.18%,68.49%,0.24%,8.82%,22.45%,82.42%,75.33%,2450.5,152.1,2685.3,1949.9,2624.3,141.6,2744.2,3093.5,175.1,211.7,1947.1,2121.6,44615.0,22020.0,43657.1,37375.4,43410.3,30995.2,44685.1,1827.7,384.4,29993.8,37461.6,40954.4,37031.5,29409.0,33207.8,32104.9,33066.4,30706.0,33545.8,30520.8,27130.0,29681.1,32108.8,32586.3,42.3,8.2,54.1,40.8,53.2,7.6,54.9,70.2,9.0,9.9,40.7,43.9,822.2,516.5,940.3,817.3,940.5,721.2,955.6,55.3,17.3,718.0,819.1,894.7,39.86%,38.19%,33.99%,35.49%,33.97%,33.54%,33.18%,41.24%,43.18%,35.57%,35.47%,34.12%,117.34%,79.36%,49.92%,107.98%,49.02%,75.71%,48.14%,44.05%,85.37%,80.58%,108.16%,76.94%,67.71%,137.75%,49.10%,61.39%,47.80%,58.12%,47.39%,90.31%,132.22%,59.03%,61.12%,53.12%,83.32%,36.92%,38.64%,79.26%,37.86%,34.10%,37.68%,56.77%,39.67%,39.81%,79.40%,58.46%,48.47%,112.38%,36.20%,45.99%,35.19%,47.57%,35.64%,87.85%,60.07%,47.08%,45.80%,40.04%
21,1,"1407",100000,21644,62244,83888,57998,20087,21064,22,545,62257,83866,83343,100.00%,21.64%,62.24%,83.89%,58.00%,20.09%,21.06%,0.02%,0.55%,62.26%,83.87%,83.34%,100.00%,25.80%,74.20%,83.89%,69.59%,24.10%,25.11%,0.03%,0.65%,74.21%,83.87%,83.34%,1415.9,222.8,1653.8,1284.6,1642.5,255.0,2851.8,9708.3,250.7,760.4,1282.4,1291.3,81591.7,53812.9,83530.2,75862.8,75955.2,59484.4,124061.0,3185.4,955.8,60236.9,75881.9,76352.7,46073.7,38206.9,48645.2,45952.0,47598.2,42745.8,58265.1,32910.1,32331.9,41909.9,45955.4,46041.1,21.9,8.2,25.8,21.3,25.9,7.5,37.7,202.2,10.8,15.8,21.2,21.3,1203.7,999.5,1227.9,1168.9,1144.4,986.0,1622.4,81.1,30.4,1025.9,1169.2,1176.4,44.34%,35.48%,35.14%,36.42%,36.01%,34.17%,28.81%,30.62%,31.23%,32.74%,36.42%,36.28%,103.63%,61.24%,57.33%,91.73%,55.15%,65.11%,29.71%,104.98%,106.94%,84.00%,91.71%,91.02%,77.14%,65.42%,64.20%,68.40%,64.33%,64.24%,42.77%,48.08%,143.40%,57.43%,68.37%,67.92%,62.31%,32.71%,38.92%,61.33%,36.55%,27.00%,31.62%,91.44%,56.26%,54.88%,61.31%,60.90%,54.80%,46.58%,50.50%,51.60%,49.19%,46.44%,41.06%,74.82%,73.88%,41.23%,51.59%,51.32%