,Time,OD,Sample,All Events ,P1 Events,H2-UR Events,mCherry Events,H2-LL Events,GFP Events,All Events  % Total,P1 % Total,H2-UR % Total,mCherry % Total,H2-LL % Total,GFP % Total,All Events  % Parent,P1 % Parent,H2-UR % Parent,mCherry % Parent,H2-LL % Parent,GFP % Parent,All Events  Mean FITC-A,P1 Mean FITC-A,H2-UR Mean FITC-A,mCherry Mean FITC-A,H2-LL Mean FITC-A,GFP Mean FITC-A,All Events  Mean ECD-A,P1 Mean ECD-A,H2-UR Mean ECD-A,mCherry Mean ECD-A,H2-LL Mean ECD-A,GFP Mean ECD-A,All Events  Mean FSC-A,P1 Mean FSC-A,H2-UR Mean FSC-A,mCherry Mean FSC-A,H2-LL Mean FSC-A,GFP Mean FSC-A,All Events  rCV FSC-A,P1 rCV FSC-A,H2-UR rCV FSC-A,mCherry rCV FSC-A,H2-LL rCV FSC-A,GFP rCV FSC-A,GFP_ratio,mCherry_ratio
#1,0.0,0.02,#1-1,111639,100395,225,24908,4375,70887,100.00%,89.93%,0.20%,22.31%,3.92%,63.50%,100.00%,89.93%,0.22%,24.81%,4.36%,70.61%,25490.7,27664.0,6532.1,457.3,326.9,38978.0,11084.2,12196.3,15795.1,41912.4,410.2,2470.8,65710.5,72264.3,96730.8,60190.5,54179.9,77545.2,42.98%,37.57%,46.73%,33.12%,33.67%,38.84%,0.7399916160134143,0.26000838398658566
#2,0.035555555555561114,0.022000000000000002,#1-2,111009,100420,895,69618,5612,24295,100.00%,90.46%,0.81%,62.71%,5.06%,21.89%,100.00%,90.46%,0.89%,69.33%,5.59%,24.19%,10391.8,11215.5,6009.9,732.2,311.7,43966.2,31166.0,34105.2,14601.5,47609.0,431.0,3906.7,62603.4,67464.9,70435.4,61923.8,53821.4,86385.4,41.70%,36.92%,35.61%,34.12%,31.04%,43.58%,0.25866124893071,0.7413387510692899
#3,0.05500000000000682,0.023,#2-1,111116,100382,102,25633,4485,70162,100.00%,90.34%,0.09%,23.07%,4.04%,63.14%,100.00%,90.34%,0.10%,25.54%,4.47%,69.89%,28509.2,30808.0,10896.4,227.6,322.4,43957.9,11935.9,13071.9,27254.2,43503.3,399.0,2743.5,70234.8,76839.1,141733.9,61424.8,54738.8,83789.0,44.62%,39.27%,50.65%,32.93%,35.01%,41.09%,0.7323692759090433,0.2676307240909567
#4,0.07555555555558158,0.027999999999999997,#2-2,107516,100518,162,72910,5062,22384,100.00%,93.49%,0.15%,67.81%,4.71%,20.82%,100.00%,93.49%,0.16%,72.53%,5.04%,22.27%,9987.4,10468.0,8465.2,223.9,300.7,46149.2,31913.6,33773.5,21538.6,45394.5,414.9,3553.6,65484.6,69155.9,126115.1,63035.9,52329.3,92483.2,38.52%,35.66%,54.38%,32.32%,33.28%,46.30%,0.23491561181434598,0.765084388185654
#5,0.11250000000001137,0.025,#3-1,111039,100429,67,24669,4131,71562,100.00%,90.44%,0.06%,22.22%,3.72%,64.45%,100.00%,90.44%,0.07%,24.56%,4.11%,71.26%,22761.7,24623.0,12996.3,192.8,299.3,34459.6,10895.1,11888.3,32720.8,41917.9,373.6,2181.7,62993.3,68797.2,133906.8,59361.5,51143.2,73008.1,39.12%,34.49%,35.89%,31.72%,32.12%,34.89%,0.7436860780630349,0.2563139219369651
#6,0.13999999999998636,0.027999999999999997,#3-2,106667,100514,103,69200,6854,24357,100.00%,94.23%,0.10%,64.87%,6.43%,22.83%,100.00%,94.23%,0.10%,68.85%,6.82%,24.23%,9316.2,9715.9,12663.1,183.0,281.9,39441.9,29159.4,30689.7,32969.6,43441.1,375.8,2982.7,63558.7,66728.9,129691.5,62184.3,51297.7,83716.5,36.63%,34.29%,41.82%,31.90%,31.87%,40.52%,0.26031370863773107,0.7396862913622689
#7,0.17277777777781012,0.027999999999999997,#4-1,116589,107678,116,27495,5143,74924,100.00%,92.36%,0.10%,23.58%,4.41%,64.26%,100.00%,92.36%,0.11%,25.53%,4.78%,69.58%,23942.2,25398.8,12629.4,194.0,317.3,36389.6,11185.0,11993.7,31945.0,40654.1,404.6,2240.8,68009.0,72791.6,145724.5,61635.0,53009.5,78130.7,38.45%,34.87%,31.94%,31.82%,31.86%,35.23%,0.7315739669855955,0.2684260330144045
#8,0.21222222222223763,0.037000000000000005,#4-2,108197,100390,102,72635,4130,23523,100.00%,92.78%,0.09%,67.13%,3.82%,21.74%,100.00%,92.78%,0.10%,72.35%,4.11%,23.43%,8282.5,8724.1,16453.1,189.4,296.9,36523.5,29148.6,31142.6,42541.0,42044.3,413.1,2825.7,63145.3,67388.0,118643.6,63473.4,51274.8,82082.3,37.50%,34.17%,39.70%,32.68%,32.52%,37.94%,0.24462309459177284,0.7553769054082271
#9,0.2552777777777919,0.032,#5-1,108838,100458,91,24810,5115,70442,100.00%,92.30%,0.08%,22.80%,4.70%,64.72%,100.00%,92.30%,0.09%,24.70%,5.09%,70.12%,21075.4,22365.9,14938.3,198.5,310.2,31784.5,9455.7,10155.3,39284.3,35576.0,373.8,1874.7,64971.8,69674.8,134824.7,60069.2,52157.9,74245.7,38.92%,35.24%,27.84%,32.49%,31.32%,35.27%,0.7395064332419321,0.2604935667580679
#10,0.2763888888889028,0.039,#5-2,108394,100462,94,72641,3931,23796,100.00%,92.68%,0.09%,67.02%,3.63%,21.95%,100.00%,92.68%,0.09%,72.31%,3.91%,23.69%,8767.5,9268.2,14104.6,174.1,300.3,38491.8,27878.3,29807.9,36037.3,40219.2,416.8,2856.4,64344.8,68603.0,149520.9,63857.3,51263.5,85634.6,38.90%,35.41%,34.12%,33.85%,32.40%,38.91%,0.2467708333333333,0.7532291666666667
#11,1.2363888888888823,0.151,#1-1,113522,100362,991,11686,4270,83415,100.00%,88.41%,0.87%,10.29%,3.76%,73.48%,100.00%,88.41%,0.99%,11.64%,4.25%,83.11%,12149.9,13487.5,4178.4,1168.4,221.4,16003.1,3806.7,4182.6,9550.6,24219.9,384.7,1506.2,51922.1,57675.4,59698.2,53372.4,47768.9,58761.3,38.79%,33.05%,34.83%,32.36%,27.71%,33.20%,0.8771503957783641,0.12284960422163593
#12,1.2536111111111268,0.16,#1-2,111734,100403,2515,28334,3949,65605,100.00%,89.86%,2.25%,25.36%,3.53%,58.72%,100.00%,89.86%,2.50%,28.22%,3.93%,65.34%,7665.3,8356.1,4693.6,1259.4,210.7,12051.7,9668.9,10547.7,10796.1,27990.0,361.3,3618.3,52016.8,56667.5,57981.9,54464.1,47170.6,58140.3,36.67%,32.21%,31.84%,31.17%,28.06%,32.71%,0.6983753740914921,0.3016246259085079
#13,1.279166666666697,0.166,#2-1,112462,100397,359,22874,4969,72195,100.00%,89.27%,0.32%,20.34%,4.42%,64.20%,100.00%,89.27%,0.36%,22.78%,4.95%,71.91%,11237.4,12209.3,3571.5,393.2,210.2,16821.9,5150.4,5366.3,8201.1,20301.7,349.1,965.5,53190.9,58010.7,70113.4,53660.5,48547.3,59980.1,37.77%,32.77%,36.37%,32.36%,27.98%,33.03%,0.7594254937163375,0.2405745062836625
#14,1.3033333333333417,0.20199999999999999,#2-2,113581,100554,456,66488,5430,28180,100.00%,88.53%,0.40%,58.54%,4.78%,24.81%,100.00%,88.53%,0.45%,66.12%,5.40%,28.02%,4056.9,4481.1,3366.2,256.3,209.9,15290.3,14081.1,15524.8,7619.5,22709.4,393.4,1616.8,50087.7,54982.9,61109.9,53672.0,45620.4,59780.9,37.42%,32.39%,35.22%,32.01%,28.19%,33.22%,0.29764181007010837,0.7023581899298916
#15,1.7463888888888732,0.013000000000000001,#1-1,76171,66609,324,3488,2215,60582,100.00%,87.45%,0.43%,4.58%,2.91%,79.53%,100.00%,87.45%,0.49%,5.24%,3.33%,90.95%,12719.6,14251.5,4592.7,1210.7,239.9,15566.3,2575.4,2840.0,10504.4,27290.9,258.5,1485.7,48874.3,54178.1,59650.6,51556.8,43153.8,54702.8,39.79%,33.48%,32.81%,34.03%,32.68%,33.22%,0.9455244827944693,0.05447551720553068
#16,1.7655555555555225,0.01,#1-2,38246,32848,330,4495,982,27041,100.00%,85.89%,0.86%,11.75%,2.57%,70.70%,100.00%,85.89%,1.00%,13.68%,2.99%,82.32%,9880.7,11260.9,5305.8,1104.7,248.7,13421.7,6272.3,7093.5,12344.7,32664.4,326.0,3024.5,48087.6,54074.1,59152.6,52223.1,44291.6,54675.0,40.00%,32.63%,34.84%,31.66%,34.87%,32.55%,0.8574999999999999,0.14250000000000007
#17,1.7911111111111495,0.01,#2-1,41295,35702,153,6466,1034,28049,100.00%,86.46%,0.37%,15.66%,2.50%,67.92%,100.00%,86.46%,0.43%,18.11%,2.90%,78.56%,11370.7,12878.9,3512.0,540.9,252.4,16239.6,4290.4,4702.0,8042.0,20819.4,322.9,1129.7,53289.1,56353.1,67998.9,52371.1,43376.0,57685.9,41.52%,34.31%,40.95%,33.31%,30.37%,34.25%,0.8126616323575049,0.18733836764249512
#18,1.8158333333333303,0.01,#2-2,37934,32517,140,19527,1419,11431,100.00%,85.72%,0.37%,51.48%,3.74%,30.13%,100.00%,85.72%,0.43%,60.05%,4.36%,35.15%,4825.2,5524.8,2955.9,287.7,249.0,15157.4,12476.6,14241.4,6571.3,22630.5,365.1,1727.3,47313.0,53600.0,62917.4,52118.2,42218.6,57430.1,40.46%,33.16%,32.98%,32.62%,27.98%,33.73%,0.3692226890756303,0.6307773109243697
#19,1.8363888888888482,0.009000000000000001,#3-1,57207,51474,20,12692,1442,37320,100.00%,89.98%,0.03%,22.19%,2.52%,65.24%,100.00%,89.98%,0.04%,24.66%,2.80%,72.50%,11122.3,11953.3,3359.9,202.2,259.9,16406.1,4989.6,5128.7,7580.6,18434.2,318.4,788.2,51487.2,55060.5,108498.1,50736.2,42583.4,56984.5,37.55%,32.72%,45.59%,31.13%,30.44%,32.89%,0.746191848497324,0.253808151502676
#20,1.8572222222222763,0.01,#3-2,97295,87978,30,63456,3387,21105,100.00%,90.42%,0.03%,65.22%,3.48%,21.69%,100.00%,90.42%,0.03%,72.13%,3.85%,23.99%,3856.8,4190.9,8086.0,170.2,212.0,16912.9,13153.3,14183.0,19679.5,19328.6,272.9,936.3,48639.1,50844.0,103933.0,49573.9,41002.2,56166.7,36.64%,32.59%,49.73%,32.04%,30.43%,33.02%,0.24958385351643778,0.7504161464835623
#21,1.8858333333333235,0.009000000000000001,#4-1,75243,69071,11,17725,2621,48714,100.00%,91.80%,0.01%,23.56%,3.48%,64.74%,100.00%,91.80%,0.02%,25.66%,3.79%,70.53%,10568.8,11307.5,7666.3,142.2,238.5,15966.4,4719.0,4973.6,20005.1,17243.7,302.1,757.0,50830.6,53990.0,131101.8,49420.5,42073.7,56276.4,36.55%,33.09%,11.62%,31.34%,33.18%,33.30%,0.7332363031500156,0.26676369684998436
#22,1.9011111111111632,0.011000000000000001,#4-2,61356,55148,13,40229,2427,12479,100.00%,89.88%,0.02%,65.57%,3.96%,20.34%,100.00%,89.88%,0.02%,72.95%,4.40%,22.63%,3364.0,3670.8,2854.6,151.5,247.3,15682.8,13274.6,14427.4,6086.8,19497.3,349.7,830.1,48993.9,53387.9,246486.4,52046.5,45537.4,59038.2,37.07%,32.40%,65.48%,31.80%,29.87%,33.23%,0.2367650136011718,0.7632349863988281
#23,1.9202777777778124,0.01,#5-1,40676,36395,18,9324,1094,25959,100.00%,89.48%,0.04%,22.92%,2.69%,63.82%,100.00%,89.48%,0.05%,25.62%,3.01%,71.33%,10080.2,11126.6,3343.0,152.5,252.5,15531.9,4818.4,5220.9,7592.0,18172.6,328.4,773.5,52057.6,56808.9,252783.8,53041.5,46017.4,58480.9,36.28%,31.36%,72.41%,30.30%,33.66%,31.59%,0.7357400722021661,0.2642599277978339
#24,1.9408333333333303,0.012,#5-2,44474,39016,12,28043,2205,8756,100.00%,87.73%,0.03%,63.05%,4.96%,19.69%,100.00%,87.73%,0.03%,71.88%,5.65%,22.44%,3375.9,3772.8,5198.5,148.5,251.6,16265.2,12532.5,13993.4,12134.5,19179.3,365.2,819.1,51947.8,53615.5,138370.6,52456.4,44594.6,59483.3,38.90%,32.91%,52.99%,32.30%,32.00%,33.99%,0.23791348600508908,0.7620865139949109
#25,2.3302777777777806,0.019,#1-1,31677,26796,65,793,1628,24310,100.00%,84.59%,0.21%,2.50%,5.14%,76.74%,100.00%,84.59%,0.24%,2.96%,6.08%,90.72%,12787.4,14842.8,5070.7,1182.5,233.4,16292.9,1956.4,2173.3,11808.1,32262.1,276.5,1293.0,54452.3,60001.4,110200.6,57926.3,43787.8,61020.7,43.20%,33.91%,40.01%,32.81%,34.57%,33.15%,0.968403074295474,0.03159692570452599
#26,2.351111111111152,0.02,#1-2,108012,100600,415,8200,3894,88091,100.00%,93.14%,0.38%,7.59%,3.61%,81.56%,100.00%,93.14%,0.41%,8.15%,3.87%,87.57%,11309.6,11975.6,5527.3,810.4,227.5,13564.6,4582.1,4864.2,13015.4,36747.3,240.5,2062.3,53407.4,56656.1,62427.7,54644.6,42596.6,57437.6,36.32%,33.24%,34.56%,33.21%,33.42%,32.77%,0.9148558295027163,0.08514417049728373
#27,2.399444444444498,0.021,#2-1,109756,100459,460,8617,3415,87967,100.00%,91.53%,0.42%,7.85%,3.11%,80.15%,100.00%,91.53%,0.46%,8.58%,3.40%,87.57%,11674.5,12566.6,5653.1,814.2,241.9,14232.4,4920.0,5265.1,13286.6,38784.8,251.4,2134.3,54525.5,58564.4,65385.0,56148.4,45160.0,59285.8,35.88%,32.00%,36.17%,31.90%,31.71%,31.73%,0.9107644305772231,0.08923556942277688
#28,2.4355555555555384,0.026000000000000002,#2-2,112005,100559,317,54260,6010,39972,100.00%,89.78%,0.28%,48.44%,5.37%,35.69%,100.00%,89.78%,0.32%,53.96%,5.98%,39.75%,5251.5,5746.8,3945.4,295.3,247.7,13988.0,11981.9,13201.2,8977.1,23191.5,328.2,1608.9,51118.8,55612.8,65083.2,53962.3,45179.6,59346.7,38.84%,33.80%,37.44%,33.07%,31.22%,34.09%,0.4241809838864582,0.5758190161135418
#29,2.453888888888855,0.022000000000000002,#3-1,101125,91081,105,21440,5373,64163,100.00%,90.07%,0.10%,21.20%,5.31%,63.45%,100.00%,90.07%,0.12%,23.54%,5.90%,70.45%,10388.0,11347.6,3863.2,312.5,260.1,15975.7,4824.2,5276.2,8756.8,19692.8,327.5,867.6,54832.2,58649.0,77734.6,54662.7,46433.3,60972.8,38.72%,33.94%,39.79%,32.94%,30.98%,33.71%,0.7495478242366209,0.2504521757633791
#30,2.473611111111154,0.025,#3-2,107980,100552,73,71126,5378,23975,100.00%,93.12%,0.07%,65.87%,4.98%,22.20%,100.00%,93.12%,0.07%,70.74%,5.35%,23.84%,3832.2,4055.1,7362.9,178.9,253.4,16397.1,12906.5,13715.0,18017.3,19016.2,305.1,983.0,53051.2,55888.1,127425.4,54786.8,46753.3,60986.6,34.42%,31.74%,55.87%,31.30%,29.08%,32.66%,0.25206174666948616,0.7479382533305139
#31,2.4930555555555998,0.022000000000000002,#4-1,110227,100453,29,25283,5723,69418,100.00%,91.13%,0.03%,22.94%,5.19%,62.98%,100.00%,91.13%,0.03%,25.17%,5.70%,69.10%,9935.2,10740.6,8761.6,181.4,250.7,15452.0,4886.3,5283.5,21791.6,18675.0,291.3,810.8,53719.9,57881.4,183610.2,54487.0,47080.8,59955.6,36.77%,32.67%,29.24%,31.82%,29.89%,32.71%,0.7330009547045719,0.26699904529542806
#32,2.5191666666666492,0.031,#4-2,110275,100520,41,72650,5683,22146,100.00%,91.15%,0.04%,65.88%,5.15%,20.08%,100.00%,91.15%,0.04%,72.27%,5.65%,22.03%,3371.0,3636.5,8778.4,161.0,236.1,15900.8,13170.8,14314.7,21744.2,19481.7,319.3,942.1,51616.5,55530.8,167011.1,54549.6,45771.2,61047.9,36.65%,32.67%,34.55%,32.17%,30.77%,33.56%,0.23361611876988336,0.7663838812301167
#33,2.5422222222222786,0.026000000000000002,#5-1,109371,100470,33,25486,6126,68825,100.00%,91.86%,0.03%,23.30%,5.60%,62.93%,100.00%,91.86%,0.03%,25.37%,6.10%,68.50%,9131.5,9816.7,8682.3,151.2,242.7,14248.6,4681.8,5041.2,20428.4,17649.5,276.8,789.1,51392.0,55204.1,160414.2,52170.1,45758.4,57118.0,37.26%,33.52%,34.22%,32.57%,32.06%,33.39%,0.7297326089272398,0.2702673910727602
#34,2.5697222222221967,0.032,#5-2,108567,100472,35,72829,4580,23028,100.00%,92.54%,0.03%,67.08%,4.22%,21.21%,100.00%,92.54%,0.03%,72.49%,4.56%,22.92%,3609.9,3847.6,11225.4,148.5,234.4,16254.1,12966.1,13847.6,26972.4,18787.8,339.6,890.2,52282.0,55469.1,114096.4,54241.2,45395.6,61267.1,35.99%,32.67%,29.29%,32.19%,28.37%,33.63%,0.24022639136358875,0.7597736086364113
#35,2.771111111111111,0.037000000000000005,#1-1,113123,100383,113,1792,4998,93480,100.00%,88.74%,0.10%,1.58%,4.42%,82.64%,100.00%,88.74%,0.11%,1.79%,4.98%,93.12%,12453.5,13869.0,5889.7,974.3,246.6,14854.2,1522.1,1644.6,14050.0,35142.4,253.0,1061.9,51139.7,56540.8,65536.7,55062.7,46007.9,57121.4,37.01%,31.36%,37.91%,32.04%,29.40%,31.23%,0.9811400273943736,0.01885997260562644
#36,2.806666666666672,0.040999999999999995,#1-2,112383,100462,156,6629,7536,86141,100.00%,89.39%,0.14%,5.90%,6.71%,76.65%,100.00%,89.39%,0.16%,6.60%,7.50%,85.74%,10933.4,12070.8,5461.0,486.8,248.7,14008.5,3532.8,3904.6,12784.5,38554.1,301.3,1537.2,49954.5,54833.6,57736.7,53240.8,45151.4,55797.9,38.81%,33.15%,29.38%,33.82%,31.08%,32.87%,0.9285250162443144,0.07147498375568562
#37,2.8291666666666515,0.04,#2-1,110695,100510,567,6607,4543,88793,100.00%,90.80%,0.51%,5.97%,4.10%,80.21%,100.00%,90.80%,0.56%,6.57%,4.52%,88.34%,11616.6,12639.6,4304.5,1089.8,237.0,14186.8,2624.4,2818.5,9917.9,24929.4,253.0,1259.2,53470.0,57776.3,63777.1,54362.3,45730.2,58608.3,36.69%,32.40%,32.58%,32.45%,31.98%,32.19%,0.9307765251290697,0.06922347487093028
#38,2.8563888888889437,0.052000000000000005,#2-2,114058,100382,424,52709,4501,42748,100.00%,88.01%,0.37%,46.21%,3.95%,37.48%,100.00%,88.01%,0.42%,52.51%,4.48%,42.59%,5185.0,5779.2,3785.7,334.1,234.4,13096.7,10876.5,12228.0,8705.3,21979.3,286.4,1496.7,49395.1,54894.5,62359.5,53617.0,44642.4,57475.0,40.09%,33.70%,39.02%,33.26%,31.07%,33.85%,0.44784437434279706,0.5521556256572029
#39,2.8952777777777783,0.044000000000000004,#3-1,105465,96413,230,19576,6306,70301,100.00%,91.42%,0.22%,18.56%,5.98%,66.66%,100.00%,91.42%,0.24%,20.30%,6.54%,72.92%,10280.7,11101.2,3067.8,421.5,250.6,15074.6,4125.4,4445.6,6778.2,18427.8,311.7,915.3,53184.0,57330.0,69151.9,53871.5,46763.8,59202.2,36.65%,32.59%,35.98%,31.70%,30.53%,32.31%,0.7822355717657155,0.21776442823428455
#40,2.9183333333333508,0.054000000000000006,#3-2,108514,100350,122,67859,7966,24403,100.00%,92.48%,0.11%,62.53%,7.34%,22.49%,100.00%,92.48%,0.12%,67.62%,7.94%,24.32%,3728.8,3964.7,6887.2,187.3,223.5,15675.3,12905.5,13760.0,16767.4,19890.9,287.9,1094.2,50929.5,54077.8,94199.0,53092.0,46673.7,59035.6,35.84%,32.50%,48.78%,32.12%,30.75%,33.08%,0.2645203393517511,0.7354796606482489
#41,2.9383333333333326,0.048,#4-1,106717,100515,82,25292,5220,69921,100.00%,94.19%,0.08%,23.70%,4.89%,65.52%,100.00%,94.19%,0.08%,25.16%,5.19%,69.56%,9911.5,10392.4,7305.8,192.8,220.9,14844.9,4800.3,5025.3,17696.1,17587.5,288.9,820.1,55341.2,57978.6,121121.6,54660.5,44169.2,60135.7,35.48%,32.97%,41.03%,31.75%,30.46%,32.89%,0.734375,0.265625
#42,2.9580555555555748,0.061,#4-2,108253,100587,58,73207,5520,21802,100.00%,92.92%,0.05%,67.63%,5.10%,20.14%,100.00%,92.92%,0.06%,72.78%,5.49%,21.67%,3228.2,3417.0,8321.8,147.0,238.4,15188.6,12381.3,13158.7,20463.3,17753.9,354.3,951.1,51905.8,54879.1,108154.0,54143.4,44006.0,59960.9,35.98%,33.05%,24.18%,32.52%,30.81%,33.84%,0.22943356273160403,0.770566437268396
#43,2.9786111111111495,0.051,#5-1,111927,100947,31,20219,21707,58990,100.00%,90.19%,0.03%,18.06%,19.39%,52.70%,100.00%,90.19%,0.03%,20.03%,21.50%,58.44%,7460.6,8150.2,8657.4,143.2,204.0,13818.3,3283.5,3581.8,20439.5,15594.8,136.1,723.4,49386.4,53181.8,112893.7,52271.6,43296.7,57099.9,38.16%,33.62%,28.40%,32.60%,29.75%,33.42%,0.7447432139671212,0.2552567860328788
#44,2.9977777777777987,0.063,#5-2,8,0,0,0,0,0,100.00%,0.00%,0.00%,0.00%,0.00%,0.00%,100.00%,0.00%,,,,,-29.8,,,,,,19.4,,,,,,5738.3,,,,,,79.33%,,,,,,,
#45,3.3483333333333576,0.095,#1-1,115087,99647,54,1340,3970,94283,100.00%,86.58%,0.05%,1.16%,3.45%,81.92%,100.00%,86.58%,0.05%,1.34%,3.98%,94.62%,12205.2,13841.4,5426.3,845.4,229.2,14604.1,1265.6,1323.3,12370.6,32806.3,293.4,912.9,50846.8,57548.7,74654.5,55428.1,48101.7,57966.8,40.88%,33.22%,41.28%,37.42%,30.40%,33.18%,0.9860358482701126,0.013964151729887408
#46,3.3741666666666674,0.107,#1-2,114037,100430,74,6214,3435,90707,100.00%,88.07%,0.06%,5.45%,3.01%,79.54%,100.00%,88.07%,0.07%,6.19%,3.42%,90.32%,11544.7,12887.8,6302.8,364.7,231.4,14230.4,3051.3,3406.6,15053.6,38126.1,304.3,1136.1,51770.2,57875.7,85271.6,54536.6,46734.1,58504.0,40.79%,34.32%,37.66%,33.92%,29.79%,34.21%,0.9358615687493524,0.06413843125064755
#47,3.3905555555555793,0.10099999999999999,#2-1,93143,79614,157,2848,3562,73047,100.00%,85.48%,0.17%,3.06%,3.82%,78.42%,100.00%,85.48%,0.20%,3.58%,4.47%,91.75%,10975.5,12638.9,4809.8,927.7,210.7,13718.4,1889.1,2103.5,11229.8,28755.5,276.9,1133.8,49898.0,56743.5,58071.6,54401.5,46452.7,57333.8,41.88%,33.46%,32.96%,34.46%,30.65%,33.29%,0.9624462393789992,0.0375537606210008
#48,3.4091666666666924,0.13,#2-2,108717,100594,456,47801,4734,47603,100.00%,92.53%,0.42%,43.97%,4.35%,43.79%,100.00%,92.53%,0.45%,47.52%,4.71%,47.32%,5553.7,5904.7,3657.6,299.8,217.2,12120.1,10687.0,11367.8,8411.3,22315.5,308.1,1502.7,52083.9,55055.4,67665.6,53610.4,44417.4,57443.4,36.36%,33.50%,39.11%,32.75%,30.28%,33.95%,0.49894559257697174,0.5010544074230283
#49,3.4294444444444707,0.10400000000000001,#3-1,90218,77939,248,13443,3720,60528,100.00%,86.39%,0.27%,14.90%,4.12%,67.09%,100.00%,86.39%,0.32%,17.25%,4.77%,77.66%,9151.5,10441.9,2958.8,427.1,238.4,13323.9,3587.2,4075.1,6608.2,19037.0,310.0,973.2,49132.2,55684.7,59514.7,53024.2,47390.5,56769.6,40.36%,32.88%,34.14%,32.45%,29.51%,32.98%,0.8182488673480139,0.18175113265198606
#50,3.447499999999991,0.129,#3-2,113086,100472,99,69897,4435,26041,100.00%,88.85%,0.09%,61.81%,3.92%,23.03%,100.00%,88.85%,0.10%,69.57%,4.41%,25.92%,3347.6,3715.8,3434.1,168.5,213.7,13834.5,12030.7,13360.0,7902.1,18798.0,315.9,1006.2,48507.3,53465.2,74257.9,52607.1,44825.5,57160.8,37.87%,32.54%,34.42%,32.21%,29.32%,32.87%,0.27144203581526866,0.7285579641847313
#51,3.466111111111161,0.11699999999999999,#4-1,104117,90992,76,23271,3771,63874,100.00%,87.39%,0.07%,22.35%,3.62%,61.35%,100.00%,87.39%,0.08%,25.57%,4.14%,70.20%,8670.2,9763.1,4705.7,182.5,219.2,13823.1,4492.3,5020.0,11222.4,17383.8,316.6,785.9,49896.0,55903.4,84986.1,53155.1,45874.6,57462.2,39.46%,32.78%,47.41%,31.82%,28.68%,33.06%,0.7330061605930877,0.26699383940691235
#52,3.485833333333346,0.146,#4-2,114560,100555,37,71407,7424,21687,100.00%,87.77%,0.03%,62.33%,6.48%,18.93%,100.00%,87.77%,0.04%,71.01%,7.38%,21.57%,2773.1,3104.0,7084.8,133.4,198.0,13873.2,11500.3,12874.3,17376.9,17822.7,298.3,878.4,47052.1,52238.0,93556.5,51880.4,43801.3,56233.3,38.95%,32.87%,46.78%,32.59%,29.60%,33.13%,0.23298768632534023,0.7670123136746598
#53,3.5019444444444616,0.124,#5-1,102824,90227,9,22320,9720,58178,100.00%,87.75%,0.01%,21.71%,9.45%,56.58%,100.00%,87.75%,0.01%,24.74%,10.77%,64.48%,7595.3,8525.6,6831.1,119.7,182.6,13144.6,4024.4,4404.2,16481.5,15820.2,185.4,727.5,48626.5,53684.1,233613.2,52176.8,42729.7,56064.8,39.43%,33.10%,46.78%,32.37%,29.50%,32.91%,0.7227079130239857,0.27729208697601426
#54,3.51805555555552,0.152,#5-2,112183,100524,17,74255,5201,21051,100.00%,89.61%,0.02%,66.19%,4.64%,18.76%,100.00%,89.61%,0.02%,73.87%,5.17%,20.94%,2808.2,3071.1,8761.9,112.5,208.4,14209.6,11712.6,12798.7,22574.4,17053.1,347.7,860.1,48939.6,53209.9,136025.4,52534.9,45782.2,57359.0,37.81%,33.03%,47.14%,32.93%,27.77%,33.79%,0.22086277818795486,0.7791372218120451
#55,3.7350000000000136,0.005,#4-2,39835,15833,3,10096,2735,2999,100.00%,39.75%,0.01%,25.34%,6.87%,7.53%,100.00%,39.75%,0.02%,63.77%,17.27%,18.94%,1365.8,2424.9,8449.1,169.9,170.2,12066.8,5689.2,8116.7,20245.4,12468.0,304.6,580.5,67812.9,48595.9,123626.9,47441.8,50995.0,50218.1,97.39%,51.62%,93.21%,50.96%,53.32%,51.30%,0.2289928666424858,0.7710071333575141
#56,3.778611111111104,0.004,#5-2,32185,23486,1,16997,1600,4888,100.00%,72.97%,0.00%,52.81%,4.97%,15.19%,100.00%,72.97%,0.00%,72.37%,6.81%,20.81%,2796.7,2910.0,1612.4,143.0,220.2,13412.6,9342.0,11504.3,3491.9,15654.4,323.1,734.9,41488.9,48944.3,241879.6,48760.4,40405.1,52339.3,55.02%,32.00%,0.00%,31.55%,31.27%,31.95%,0.22333118694998927,0.7766688130500108
#57,3.8041666666666742,0.198,#1-1,111633,100453,35,910,3365,96143,100.00%,89.99%,0.03%,0.82%,3.01%,86.12%,100.00%,89.99%,0.03%,0.91%,3.35%,95.71%,12195.9,13345.6,5004.9,695.1,235.8,13927.2,1025.7,1083.8,11795.2,33288.6,347.7,800.8,50361.2,54588.9,107879.2,53948.8,46474.9,54859.6,37.86%,33.10%,46.69%,33.00%,29.01%,33.13%,0.9905816601117781,0.009418339888221938
#58,3.9361111111111313,0.005,#1-2,33298,25492,2,1270,4564,19656,100.00%,76.56%,0.01%,3.81%,13.71%,59.03%,100.00%,76.56%,0.01%,4.98%,17.90%,77.11%,8043.4,10335.0,3377.3,313.1,269.5,13320.3,2128.7,2608.9,7846.6,36493.7,320.3,950.4,41868.9,50385.6,205367.7,50671.6,40228.3,52709.8,54.45%,35.00%,108.85%,34.67%,32.67%,34.02%,0.93933487635522,0.06066512364478005
#59,3.9566666666666492,0.004,#2-1,26243,20721,13,493,1438,18777,100.00%,78.96%,0.05%,1.88%,5.48%,71.55%,100.00%,78.96%,0.06%,2.38%,6.94%,90.62%,9691.0,12092.3,4548.8,758.6,250.2,13302.0,1359.9,1556.7,10505.6,28208.8,207.8,954.1,45651.5,54895.3,56033.5,53301.9,45595.5,55648.5,47.69%,32.01%,35.74%,35.59%,32.85%,31.62%,0.9744086021505376,0.025591397849462405
#60,3.978333333333353,0.004,#2-2,8,0,0,0,0,0,100.00%,0.00%,0.00%,0.00%,0.00%,0.00%,100.00%,0.00%,,,,,-29.8,,,,,,19.4,,,,,,5738.3,,,,,,79.33%,,,,,,,
#61,3.9966666666666697,0.003,#3-1,29688,24394,37,2731,5675,15951,100.00%,82.17%,0.12%,9.20%,19.12%,53.73%,100.00%,82.17%,0.15%,11.20%,23.26%,65.39%,7067.0,8465.3,2989.7,405.1,205.4,12796.7,2544.6,2959.9,6636.3,20430.3,160.6,956.1,44311.7,51687.2,59903.6,52775.1,40305.7,55531.1,44.76%,33.40%,28.75%,32.59%,28.33%,31.89%,0.8537668102885494,0.1462331897114506
#62,4.020277777777778,0.004,#3-2,31244,24445,18,16633,1113,6681,100.00%,78.24%,0.06%,53.24%,3.56%,21.38%,100.00%,78.24%,0.07%,68.04%,4.55%,27.33%,2984.8,3691.3,2213.5,190.4,219.5,12989.5,10398.5,12912.3,4713.0,18565.6,342.7,953.9,46848.2,51262.9,47567.7,50415.7,40958.4,55098.7,47.40%,32.41%,25.92%,31.65%,36.41%,32.57%,0.2865681031770997,0.7134318968229003
#63,4.0469444444444775,0.003,#4-1,30315,24552,8,5565,2774,16205,100.00%,80.99%,0.03%,18.36%,9.15%,53.46%,100.00%,80.99%,0.03%,22.67%,11.30%,66.00%,7316.7,8888.9,2133.6,221.1,264.7,13345.2,3688.9,4418.1,4714.1,17096.8,304.7,768.1,44429.1,51800.1,126860.3,50080.7,41166.5,54173.8,45.76%,33.08%,41.63%,32.00%,31.02%,32.73%,0.7443329198150446,0.25566708018495543
#64,4.0674999999999955,0.005,#4-2,81873,69832,32,51067,3076,15657,100.00%,85.29%,0.04%,62.37%,3.76%,19.12%,100.00%,85.29%,0.05%,73.13%,4.40%,22.42%,2746.1,3152.8,4036.3,154.0,210.3,13510.0,11187.5,12804.8,10206.1,17225.1,344.3,841.1,50113.3,55106.9,175595.7,54659.6,42901.5,58717.8,41.90%,34.04%,56.87%,33.43%,36.15%,33.70%,0.23464154892726322,0.7653584510727368
#65,4.098888888888894,0.004,#5-1,26534,19979,1,5396,1572,13010,100.00%,75.30%,0.00%,20.34%,5.92%,49.03%,100.00%,75.30%,0.01%,27.01%,7.87%,65.12%,6446.2,8443.5,1519.1,165.8,248.2,12867.5,3537.5,4493.1,3180.8,14887.0,267.6,692.8,42824.0,52693.0,45836.1,50439.1,43542.6,54734.0,51.09%,31.58%,0.00%,30.95%,33.19%,31.20%,0.7068273092369478,0.2931726907630522
#66,4.119166666666672,0.005,#5-2,47450,40020,3,27095,5212,7710,100.00%,84.34%,0.01%,57.10%,10.98%,16.25%,100.00%,84.34%,0.01%,67.70%,13.02%,19.27%,2404.5,2804.4,4400.8,158.8,199.5,13862.0,10017.8,11686.7,9802.6,16985.5,274.9,780.7,45717.4,52029.2,80747.6,52374.1,42153.2,57482.1,41.75%,32.74%,9.73%,31.91%,30.30%,32.20%,0.221570656548235,0.7784293434517651
#67,4.532777777777824,0.006,#1-1,41909,33278,8,306,1284,31680,100.00%,79.41%,0.02%,0.73%,3.06%,75.59%,100.00%,79.41%,0.02%,0.92%,3.86%,95.20%,11788.9,14547.4,3193.7,770.0,268.8,15262.1,893.0,1001.4,6748.0,23993.5,234.0,809.0,51480.1,62084.4,212501.5,62178.1,48457.4,62597.8,47.64%,32.57%,98.92%,52.36%,37.17%,32.25%,0.9904286308780691,0.009571369121930906
#68,4.555000000000007,0.006999999999999999,#1-2,70674,62208,15,3355,2747,56091,100.00%,88.02%,0.02%,4.75%,3.89%,79.37%,100.00%,88.02%,0.02%,5.39%,4.42%,90.17%,11731.5,13152.2,4422.0,332.3,263.9,14552.5,2381.8,2609.8,9981.5,34198.0,231.4,834.9,54181.7,59976.9,99154.7,55931.6,50390.5,60677.9,38.41%,31.93%,31.54%,32.72%,34.31%,31.74%,0.9435956467141063,0.05640435328589366
#69,4.57027777777779,0.006,#2-1,63960,55777,23,910,4140,50704,100.00%,87.21%,0.04%,1.42%,6.47%,79.27%,100.00%,87.21%,0.04%,1.63%,7.42%,90.90%,11685.1,13215.6,5290.0,641.5,278.4,14501.2,1257.8,1325.4,12525.9,29983.2,243.7,894.3,53108.8,59614.5,65493.9,59946.5,49769.2,60409.7,39.14%,31.77%,32.05%,41.15%,32.91%,31.33%,0.9823840916459526,0.01761590835404736
#70,4.5913888888889005,0.008,#2-2,85440,74746,86,28298,4849,41513,100.00%,87.48%,0.10%,33.12%,5.68%,48.59%,100.00%,87.48%,0.12%,37.86%,6.49%,55.54%,6492.0,7198.9,4355.2,239.4,247.8,12760.7,8541.2,9528.9,10251.7,23465.3,307.6,1104.6,51371.4,57151.8,66586.7,55379.1,45306.1,59724.4,39.47%,32.76%,40.30%,32.01%,34.24%,32.03%,0.5946466809421842,0.4053533190578158
#71,4.6141666666666765,0.006999999999999999,#3-1,48006,39825,48,4630,2120,33027,100.00%,82.96%,0.10%,9.64%,4.42%,68.80%,100.00%,82.96%,0.12%,11.63%,5.32%,82.93%,10063.1,11944.2,4006.8,314.4,267.2,14335.6,3133.0,3674.1,9288.0,24382.5,289.5,980.2,51888.8,60408.5,140193.3,56763.1,47166.7,61653.6,44.06%,33.46%,29.30%,34.05%,34.45%,32.91%,0.8770093062605754,0.12299069373942462
#72,4.63277777777779,0.008,#3-2,67710,60066,27,36833,7479,15727,100.00%,88.71%,0.04%,54.40%,11.05%,23.23%,100.00%,88.71%,0.04%,61.32%,12.45%,26.18%,3415.6,3793.1,3672.4,186.0,220.0,13940.4,11431.6,12740.3,8526.4,20284.5,263.7,1012.1,49664.0,54615.9,75686.5,54345.4,45954.8,59332.0,37.73%,32.35%,51.36%,31.93%,31.45%,32.49%,0.29919999999999997,0.7008000000000001
#73,4.648888888888905,0.006999999999999999,#4-1,62266,53793,27,11921,4737,37108,100.00%,86.39%,0.04%,19.15%,7.61%,59.60%,100.00%,86.39%,0.05%,22.16%,8.81%,68.98%,9092.1,10357.5,3406.7,222.5,260.2,14907.4,4471.8,5038.7,7447.4,19933.9,278.6,859.5,53365.0,59941.4,74270.5,57017.3,48431.8,62339.6,41.54%,33.71%,39.45%,32.74%,31.66%,33.33%,0.7568575817423744,0.24314241825762561
#74,4.669166666666683,0.01,#4-2,69993,61182,21,38228,10434,12499,100.00%,87.41%,0.03%,54.62%,14.91%,17.86%,100.00%,87.41%,0.03%,62.48%,17.05%,20.43%,2819.3,3166.4,7000.0,181.3,211.4,14756.7,10635.4,12044.7,17403.2,18891.1,266.1,928.8,49489.3,55243.9,97826.4,55914.5,44335.7,62227.1,41.39%,34.28%,41.09%,32.92%,31.84%,33.95%,0.2464117718007478,0.7535882281992522
#75,4.685833333333335,0.008,#5-1,56948,50472,6,12988,4191,33287,100.00%,88.63%,0.01%,22.81%,7.36%,58.45%,100.00%,88.63%,0.01%,25.73%,8.30%,65.95%,8644.1,9557.6,8384.7,160.5,240.9,14397.4,4161.9,4539.1,19885.9,15648.4,259.9,740.5,53291.4,58346.1,97887.9,54814.5,48715.1,60929.5,39.57%,33.52%,24.72%,32.28%,34.22%,32.93%,0.7193499127399651,0.28065008726003493
#76,5.207222222222242,0.025,#5-2,108597,100478,26,74503,4549,21400,100.00%,92.52%,0.02%,68.61%,4.19%,19.71%,100.00%,92.52%,0.03%,74.15%,4.53%,21.30%,2903.4,3095.0,6778.4,136.6,230.7,13999.0,9150.6,9775.7,16020.1,12939.2,396.7,748.0,50508.8,53631.9,99903.3,52695.4,45275.1,58612.3,35.55%,32.25%,47.92%,31.75%,33.18%,32.40%,0.22315348349921424,0.7768465165007857
#77,5.2286111111111495,0.018000000000000002,#1-1,109753,100311,10,456,5099,94746,100.00%,91.40%,0.01%,0.42%,4.65%,86.33%,100.00%,91.40%,0.01%,0.45%,5.08%,94.45%,12447.8,13430.0,5580.2,387.4,262.2,14202.2,635.0,683.5,12592.0,23460.2,302.1,593.1,54825.6,59130.0,106883.6,65284.4,50678.0,59550.3,36.60%,32.70%,32.32%,30.24%,31.32%,32.67%,0.9952581664910433,0.004741833508956739
#78,5.2455555555555975,0.02,#1-2,108996,100354,32,4733,4891,90698,100.00%,92.07%,0.03%,4.34%,4.49%,83.21%,100.00%,92.07%,0.03%,4.72%,4.87%,90.38%,11560.1,12402.1,3688.8,297.9,252.1,13692.0,1627.8,1744.9,8410.1,24784.5,299.5,618.2,54340.9,58231.5,61054.7,54752.7,49027.1,58908.4,35.62%,32.03%,29.04%,32.25%,31.25%,31.89%,0.9503680336487907,0.049631966351209256
#79,5.260555555555584,0.02,#2-1,109338,100230,9,1221,3820,95180,100.00%,91.67%,0.01%,1.12%,3.49%,87.05%,100.00%,91.67%,0.01%,1.22%,3.81%,94.96%,12377.4,13320.5,4059.0,319.9,254.5,14012.6,866.2,931.5,9223.2,24661.2,320.7,650.8,57367.4,60918.0,89219.7,60291.1,51632.2,61296.1,35.80%,32.03%,39.54%,35.57%,33.48%,31.81%,0.9873154501975463,0.012684549802453704
#80,5.28000000000003,0.026000000000000002,#2-2,107118,100380,133,37324,4264,58659,100.00%,93.71%,0.12%,34.84%,3.98%,54.76%,100.00%,93.71%,0.13%,37.18%,4.25%,58.44%,7022.7,7384.6,5398.3,197.0,215.6,12483.6,6720.1,7075.7,12673.5,17647.3,274.1,830.9,53805.0,55904.6,73954.1,53755.8,47557.1,57837.7,35.29%,32.61%,45.56%,32.42%,31.19%,32.67%,0.6111692114620372,0.3888307885379628
#81,5.2958333333333485,0.02,#3-1,109002,100213,76,10313,4170,85654,100.00%,91.94%,0.07%,9.46%,3.83%,78.58%,100.00%,91.94%,0.08%,10.29%,4.16%,85.47%,10765.9,11552.5,4709.5,225.4,236.9,13473.3,2282.9,2455.3,10890.8,18013.5,262.2,681.4,55188.6,59277.1,84096.0,55204.8,48787.4,60256.1,36.01%,32.37%,40.36%,31.24%,30.81%,32.26%,0.8925438596491229,0.10745614035087714
#82,5.310555555555595,0.023,#3-2,107021,100460,53,64688,5195,30524,100.00%,93.87%,0.05%,60.44%,4.85%,28.52%,100.00%,93.87%,0.05%,64.39%,5.17%,30.38%,4002.2,4211.1,5266.4,155.1,212.9,13485.3,9075.3,9543.7,12114.3,14413.2,278.4,796.3,51851.8,54427.9,81275.1,53340.6,46081.5,58106.0,34.71%,32.21%,41.26%,31.87%,30.90%,32.38%,0.32056557982483913,0.6794344201751609
#83,5.339722222222235,0.023,#4-1,107700,100318,51,22379,5039,72849,100.00%,93.15%,0.05%,20.78%,4.68%,67.64%,100.00%,93.15%,0.05%,22.31%,5.02%,72.62%,9563.3,10132.8,4669.8,169.6,226.9,13882.4,3610.7,3826.4,11070.2,14943.5,269.9,652.1,54475.7,57688.6,97166.6,54708.8,49021.0,59175.9,35.56%,32.63%,41.36%,32.43%,29.83%,32.36%,0.7649847255872749,0.23501527441272507
#84,5.364722222222213,0.031,#4-2,107818,100539,54,69640,6743,24102,100.00%,93.25%,0.05%,64.59%,6.25%,22.35%,100.00%,93.25%,0.05%,69.27%,6.71%,23.97%,3084.1,3268.3,4460.3,155.6,205.0,13116.2,8936.3,9461.6,10260.6,13357.0,279.6,773.5,51736.1,54462.1,78005.0,53897.0,45575.9,58528.3,35.88%,33.00%,40.01%,32.60%,31.96%,32.96%,0.25707850707850705,0.7429214929214929
#85,5.382222222222197,0.025,#5-1,108770,100470,18,27504,5323,67625,100.00%,92.37%,0.02%,25.29%,4.89%,62.17%,100.00%,92.37%,0.02%,27.38%,5.30%,67.31%,8654.9,9258.7,7301.0,133.4,221.6,13682.0,3666.6,3922.4,17842.5,12688.2,283.3,640.0,51988.6,55586.1,100904.4,52740.7,46371.7,57456.6,36.62%,33.25%,43.09%,32.85%,32.86%,33.09%,0.7108459182595839,0.2891540817404161
#86,5.401944444444496,0.034,#5-2,108622,100486,15,73928,6221,20322,100.00%,92.51%,0.01%,68.06%,5.73%,18.71%,100.00%,92.51%,0.01%,73.57%,6.19%,20.22%,2713.0,2889.5,8864.1,131.6,204.2,13739.9,8661.8,9249.1,21743.3,12350.1,309.3,695.9,50533.1,53605.1,116984.9,53086.1,45452.2,57942.1,36.94%,33.70%,20.21%,33.43%,31.41%,33.51%,0.2155880157799339,0.7844119842200661
#87,5.621388888888873,0.037000000000000005,#1-1,108909,100391,4,378,6856,93153,100.00%,92.18%,0.00%,0.35%,6.30%,85.53%,100.00%,92.18%,0.00%,0.38%,6.83%,92.79%,11664.9,12478.7,3877.4,333.6,227.0,13430.1,599.9,630.9,9004.1,26525.3,236.8,554.4,52677.3,56060.6,57033.4,62326.3,47458.8,56668.3,37.55%,33.82%,24.33%,35.05%,31.62%,33.66%,0.9959214339379628,0.004078566062037159
#88,5.640833333333319,0.037000000000000005,#1-2,107346,100331,31,4502,4404,91394,100.00%,93.47%,0.03%,4.19%,4.10%,85.14%,100.00%,93.47%,0.03%,4.49%,4.39%,91.09%,11608.9,12253.9,6080.3,289.7,228.8,13424.8,1533.7,1618.4,14433.4,23623.4,285.4,594.3,55442.4,58661.3,107426.3,54140.0,50224.9,59274.0,36.22%,33.22%,58.12%,31.59%,31.14%,33.15%,0.9530236451140406,0.046976354885959415
#89,5.666388888888889,0.039,#2-1,108188,100387,11,1113,5263,94000,100.00%,92.79%,0.01%,1.03%,4.86%,86.89%,100.00%,92.79%,0.01%,1.11%,5.24%,93.64%,11685.9,12438.3,7590.9,327.7,237.3,13265.4,839.4,860.0,18660.3,26691.6,266.4,585.3,54174.9,57195.0,93998.1,55600.2,48862.9,57676.1,36.97%,33.74%,44.95%,34.43%,33.24%,33.45%,0.9882849604221636,0.011715039577836373
#90,5.689166666666665,0.051,#2-2,108546,100372,105,36501,4134,59632,100.00%,92.47%,0.10%,33.63%,3.81%,54.94%,100.00%,92.47%,0.10%,36.37%,4.12%,59.41%,6949.3,7395.2,5206.0,175.9,209.8,12316.2,6388.3,6776.0,12455.4,17362.1,261.2,737.9,51799.4,54747.8,78160.2,52944.3,47263.8,56329.4,36.51%,33.13%,51.17%,32.85%,30.43%,33.21%,0.6202756316558781,0.37972436834412193
#91,5.709166666666647,0.039,#3-1,110074,100417,35,9675,4018,86689,100.00%,91.23%,0.03%,8.79%,3.65%,78.76%,100.00%,91.23%,0.03%,9.63%,4.00%,86.33%,10836.3,11697.0,4577.2,196.2,228.8,13515.0,2127.2,2295.2,10603.9,17993.2,257.3,634.3,54245.0,58147.8,118267.3,55053.4,49066.8,58889.8,38.28%,34.11%,49.34%,33.35%,31.82%,34.06%,0.8996456857023759,0.10035431429762409
#92,5.748055555555538,0.047,#3-2,109495,100497,47,64040,5007,31403,100.00%,91.78%,0.04%,58.49%,4.57%,28.68%,100.00%,91.78%,0.05%,63.72%,4.98%,31.25%,3962.6,4261.6,6162.6,155.4,212.7,13278.1,8748.6,9406.0,14927.7,14360.8,285.4,747.8,50673.3,54208.8,91750.1,53168.5,45899.4,57599.0,36.70%,33.14%,46.22%,33.00%,29.27%,32.90%,0.3290512793513741,0.6709487206486259
#93,5.7713888888888505,0.046,#4-1,110206,100586,41,21312,5572,73661,100.00%,91.27%,0.04%,19.34%,5.06%,66.84%,100.00%,91.27%,0.04%,21.19%,5.54%,73.23%,9134.8,9885.8,7711.5,178.8,240.3,13425.2,4329.6,4461.0,18789.0,18375.2,314.2,740.9,52757.8,56204.8,142263.1,53334.4,45905.3,57766.5,37.82%,33.81%,45.15%,33.40%,31.31%,33.59%,0.7755772082185978,0.22442279178140223
#94,5.795000000000016,0.066,#4-2,105710,98174,86,66825,7230,24033,100.00%,92.87%,0.08%,63.22%,6.84%,22.73%,100.00%,92.87%,0.09%,68.07%,7.36%,24.48%,2976.6,3165.8,5695.3,154.0,205.1,12421.6,10627.9,11199.6,13347.0,16071.2,307.0,923.1,50746.4,53555.6,91193.9,53352.0,43628.2,56973.4,36.33%,33.31%,47.76%,32.93%,30.96%,32.92%,0.26450567260940033,0.7354943273905996
#95,5.813055555555536,0.051,#5-1,106526,99451,28,27035,5751,66637,100.00%,93.36%,0.03%,25.38%,5.40%,62.55%,100.00%,93.36%,0.03%,27.18%,5.78%,67.00%,8442.2,8929.3,7595.2,144.6,233.8,13244.3,4420.5,4551.8,18187.7,14846.9,324.7,734.1,52926.0,55565.3,92253.8,52931.8,45632.2,57475.6,35.71%,32.79%,19.33%,32.58%,30.53%,32.51%,0.711403695052028,0.28859630494797195
#96,5.829999999999984,0.071,#5-2,107858,99307,47,73219,5390,20651,100.00%,92.07%,0.04%,67.88%,5.00%,19.15%,100.00%,92.07%,0.05%,73.73%,5.43%,20.80%,2655.5,2835.9,8335.8,133.5,222.0,13087.1,10533.2,11242.8,20247.3,14965.6,379.8,857.9,49355.7,52731.2,94297.8,52281.2,44099.8,56484.9,37.58%,34.13%,40.55%,33.98%,30.47%,34.04%,0.220035967417751,0.779964032582249
#97,6.163333333333355,0.087,#1-1,111468,100460,15,483,4412,95550,100.00%,90.12%,0.01%,0.43%,3.96%,85.72%,100.00%,90.12%,0.01%,0.48%,4.39%,95.11%,11268.0,12318.8,4481.4,528.9,249.4,12936.9,852.7,809.3,10890.8,39075.3,335.5,636.2,51377.3,54872.2,153187.7,59492.3,47380.9,55179.3,38.64%,33.61%,76.88%,40.07%,31.77%,33.56%,0.9949785542420755,0.005021445757924514
#98,6.185000000000002,0.096,#1-2,111530,99647,26,3616,4201,91804,100.00%,89.35%,0.02%,3.24%,3.77%,82.31%,100.00%,89.35%,0.03%,3.63%,4.22%,92.13%,11285.7,12441.5,4308.2,373.8,236.6,13477.6,1685.8,1747.9,10385.4,29921.6,310.7,701.5,51947.2,57075.0,99747.0,53387.4,47401.5,57650.8,39.18%,33.68%,59.65%,33.82%,29.48%,33.70%,0.9620927318295739,0.03790726817042611
#99,6.211388888888905,0.096,#2-1,107556,100366,10,1136,3949,95271,100.00%,93.32%,0.01%,1.06%,3.67%,88.58%,100.00%,93.32%,0.01%,1.13%,3.93%,94.92%,11700.4,12383.6,6981.2,313.5,225.2,13032.1,1026.9,1006.5,17633.1,30629.4,286.5,681.3,53793.6,56726.7,171292.5,55092.7,46776.2,57146.6,35.78%,32.91%,55.09%,33.35%,29.24%,32.82%,0.9882352941176471,0.0117647058823529
#100,6.232500000000016,0.128,#2-2,109537,100419,85,36760,3835,59739,100.00%,91.68%,0.08%,33.56%,3.50%,54.54%,100.00%,91.68%,0.08%,36.61%,3.82%,59.49%,6820.4,7325.8,7109.9,186.9,236.5,12174.1,7447.9,7965.4,16794.4,20383.0,342.5,801.0,51124.4,54921.1,89054.4,52702.1,46546.4,56775.6,36.89%,33.09%,48.37%,32.74%,28.61%,33.21%,0.6190426638917794,0.3809573361082206
#101,6.251111111111129,0.102,#3-1,100313,90986,28,9282,4357,77319,100.00%,90.70%,0.03%,9.25%,4.34%,77.08%,100.00%,90.70%,0.03%,10.20%,4.79%,84.98%,10181.6,11089.0,7722.7,196.7,248.9,13008.7,2743.0,2872.3,17590.2,21859.8,368.4,728.7,53381.0,57822.0,103057.3,54581.8,48262.4,58733.3,38.04%,33.47%,26.27%,33.38%,29.91%,33.42%,0.8928346291237655,0.10716537087623446
#102,6.276388888888903,0.13699999999999998,#3-2,106132,98493,82,63587,6155,28669,100.00%,92.80%,0.08%,59.91%,5.80%,27.01%,100.00%,92.80%,0.08%,64.56%,6.25%,29.11%,3536.9,3754.5,7185.0,142.8,193.6,12519.8,10612.5,11178.6,17524.1,16855.0,303.3,905.3,49780.3,52519.2,87167.1,51737.9,43688.2,56048.9,36.16%,33.36%,33.49%,33.16%,27.83%,33.14%,0.31077185865271695,0.689228141347283
#103,6.303611111111138,0.115,#4-1,108527,99806,46,22272,4556,72932,100.00%,91.96%,0.04%,20.52%,4.20%,67.20%,100.00%,91.96%,0.05%,22.32%,4.56%,73.07%,8812.8,9443.9,7839.6,155.3,218.0,12857.8,4235.1,4382.4,18961.8,17161.6,325.8,724.2,51896.6,54869.4,100062.7,52102.2,45897.6,56246.4,36.04%,32.51%,41.09%,32.40%,28.59%,32.44%,0.7660132089317537,0.23398679106824627
#104,6.326111111111118,0.157,#4-2,108407,100783,73,68540,6540,25630,100.00%,92.97%,0.07%,63.22%,6.03%,23.64%,100.00%,92.97%,0.07%,68.01%,6.49%,25.43%,2953.9,3125.6,5641.1,128.5,184.0,11883.7,10202.9,10756.4,13535.1,15431.8,295.0,915.0,48390.8,51014.4,80990.8,50520.7,43104.8,54267.7,36.00%,33.18%,57.59%,32.87%,30.02%,33.67%,0.2721532534246575,0.7278467465753424
#105,6.350277777777819,0.124,#5-1,108292,99639,22,26916,6242,66459,100.00%,92.01%,0.02%,24.86%,5.76%,61.37%,100.00%,92.01%,0.02%,27.01%,6.26%,66.70%,7865.6,8434.9,8896.2,127.0,201.9,12572.7,4106.3,4321.7,21479.3,14174.0,295.4,703.9,49073.0,52465.8,108078.5,50126.6,44063.7,54183.8,37.22%,33.62%,46.65%,33.19%,30.55%,33.39%,0.7117703553516167,0.2882296446483833
#106,6.378055555555591,0.17600000000000002,#5-2,108895,100790,45,74947,5524,20274,100.00%,92.56%,0.04%,68.83%,5.07%,18.62%,100.00%,92.56%,0.04%,74.36%,5.48%,20.12%,2435.1,2587.1,7437.0,113.4,193.8,12372.8,10361.6,10953.8,17928.2,14459.9,358.6,864.1,47792.6,50489.3,92551.8,49907.0,43485.4,54456.7,36.17%,33.27%,26.82%,33.04%,29.87%,33.48%,0.21295512277730735,0.7870448772226927
#116,6.912500000000023,0.006,#5-2,43614,35712,2,26372,2331,7007,100.00%,81.88%,0.00%,60.47%,5.34%,16.07%,100.00%,81.88%,0.01%,73.85%,6.53%,19.62%,2383.7,2854.0,8009.0,159.9,193.1,13877.4,6742.2,8070.3,17182.7,10743.5,309.0,588.9,51842.4,55791.9,90090.7,55573.8,44091.7,60495.2,43.25%,31.79%,39.41%,30.86%,40.50%,31.16%,0.2099069220070611,0.7900930779929389
#107,6.928055555555602,0.003,#1-1,39008,26736,0,100,1340,25296,100.00%,68.54%,0.00%,0.26%,3.44%,64.85%,100.00%,68.54%,0.00%,0.37%,5.01%,94.61%,9275.3,13187.0,,365.5,252.6,13922.9,723.6,492.6,,15557.7,280.6,444.3,50078.8,59748.1,,80160.8,49187.3,60226.8,69.95%,32.38%,,37.22%,41.38%,31.94%,0.99610444304064,0.003895556959359947
#108,6.946944444444455,0.003,#1-2,41840,26341,8,974,1425,23934,100.00%,62.96%,0.02%,2.33%,3.41%,57.20%,100.00%,62.96%,0.03%,3.70%,5.41%,90.86%,8041.5,12351.8,2605.4,379.8,263.4,13562.0,1437.9,1222.6,5901.4,19791.7,337.1,518.0,46768.9,59281.0,126332.2,59274.5,48391.2,59907.2,94.26%,32.93%,44.11%,31.56%,41.32%,32.48%,0.9608714043993232,0.03912859560067683
#109,6.961944444444441,0.003,#2-1,45443,29253,1,330,1455,27467,100.00%,64.37%,0.00%,0.73%,3.20%,60.44%,100.00%,64.37%,0.00%,1.13%,4.97%,93.89%,8662.8,13109.7,3649.7,267.7,254.8,13945.3,507.6,678.7,8593.4,17761.5,339.5,491.2,49276.5,59911.6,61366.6,63820.7,47766.1,60508.0,89.94%,33.22%,0.00%,35.08%,39.61%,32.83%,0.9881077667859398,0.011892233214060188
#110,6.981111111111147,0.004,#2-2,52242,36410,12,13227,1798,21373,100.00%,69.69%,0.02%,25.32%,3.44%,40.91%,100.00%,69.69%,0.03%,36.33%,4.94%,58.70%,5667.8,7880.3,2816.9,200.4,218.4,13280.5,4175.1,5846.2,6142.4,15107.0,264.2,584.5,44809.7,58159.3,67372.2,55397.5,47335.5,60773.9,68.09%,32.91%,25.68%,31.53%,36.47%,32.84%,0.6176996737872251,0.3823003262127749
#111,6.998611111111131,0.004,#3-1,42868,28027,4,2784,1196,24043,100.00%,65.38%,0.01%,6.49%,2.79%,56.09%,100.00%,65.38%,0.01%,9.93%,4.27%,85.79%,8031.4,11959.1,2395.1,194.1,222.4,13906.8,1386.0,2000.9,5053.7,15334.2,261.8,543.0,46693.0,60465.3,288088.5,56855.9,45647.1,61582.5,82.72%,32.03%,110.08%,29.65%,39.29%,31.70%,0.8962599247806102,0.10374007521938977
#112,7.013055555555525,0.004,#3-2,16057,12687,1,8274,577,3835,100.00%,79.01%,0.01%,51.53%,3.59%,23.88%,100.00%,79.01%,0.01%,65.22%,4.55%,30.23%,3396.2,4202.5,1632.9,164.6,218.1,13514.4,6603.5,8231.0,3329.2,12313.4,356.9,609.3,44622.1,54771.9,83625.5,53658.0,45299.7,58592.6,47.60%,32.20%,0.00%,31.15%,33.76%,32.94%,0.3167103195390257,0.6832896804609743
#113,7.046388888888885,0.004,#4-1,41231,27700,3,4942,5815,16940,100.00%,67.18%,0.01%,11.99%,14.10%,41.09%,100.00%,67.18%,0.01%,17.84%,20.99%,61.16%,5340.7,7834.0,1891.1,173.2,195.5,12692.1,1736.1,2371.3,3985.1,11401.1,162.1,495.0,42588.4,53385.9,306020.2,52219.5,45319.6,56450.4,71.29%,30.94%,40.23%,29.00%,43.25%,28.87%,0.7741772151898734,0.22582278481012663
#114,7.069722222222197,0.005,#4-2,44257,36322,8,25272,2307,8735,100.00%,82.07%,0.02%,57.10%,5.21%,19.74%,100.00%,82.07%,0.02%,69.58%,6.35%,24.05%,2800.5,3358.9,1596.7,165.9,199.8,13432.5,7004.8,8374.4,3324.0,11783.9,318.0,642.3,50356.3,54372.4,92475.3,53708.5,42748.7,59328.3,46.03%,34.38%,49.07%,33.50%,39.75%,33.39%,0.25686211684289223,0.7431378831571078
#115,7.094722222222231,0.004,#5-1,50858,41320,1,12368,2170,26781,100.00%,81.25%,0.00%,24.32%,4.27%,52.66%,100.00%,81.25%,0.00%,29.93%,5.25%,64.81%,7574.4,9161.4,1411.1,161.3,214.8,14043.1,2858.5,3400.0,2926.0,10165.7,315.3,525.4,57107.1,58769.9,311416.9,55997.5,46131.8,61064.8,45.23%,32.67%,0.00%,31.77%,42.91%,31.90%,0.6840827527971289,0.31591724720287107
#117,7.428055555555602,0.005,#1-1,44603,38677,0,126,1727,36824,100.00%,86.71%,0.00%,0.28%,3.87%,82.56%,100.00%,86.71%,0.00%,0.33%,4.47%,95.21%,12550.3,14315.0,,433.2,246.4,15022.3,532.5,570.2,,16979.0,225.9,530.2,58158.2,63541.5,,86556.8,49479.0,64122.3,39.04%,31.55%,,37.77%,36.13%,31.27%,0.9965459493405904,0.0034540506594096243
#118,7.455277777777781,0.006,#1-2,50738,43183,6,1547,1806,39824,100.00%,85.11%,0.01%,3.05%,3.56%,78.49%,100.00%,85.11%,0.01%,3.58%,4.18%,92.22%,11842.0,13731.9,3104.1,312.1,233.4,14867.0,1206.2,1360.3,6680.3,22835.7,258.2,575.3,59929.5,62732.4,59716.1,57997.9,46612.7,63647.8,41.62%,32.70%,18.63%,33.56%,38.66%,32.19%,0.9626304801670147,0.03736951983298531
#119,7.483611111111145,0.006,#2-1,49805,43340,3,508,1506,41323,100.00%,87.02%,0.01%,1.02%,3.02%,82.97%,100.00%,87.02%,0.01%,1.17%,3.47%,95.35%,12460.8,14147.6,3868.0,247.7,237.4,14826.2,745.6,790.3,8110.4,21304.6,221.8,558.3,57953.5,62961.6,175231.9,62246.3,46561.8,63560.0,39.09%,31.88%,110.74%,38.09%,40.29%,31.29%,0.9878781599668462,0.012121840033153752
#120,7.518333333333317,0.009000000000000001,#2-2,47605,42664,10,15388,1745,25521,100.00%,89.62%,0.02%,32.32%,3.67%,53.61%,100.00%,89.62%,0.02%,36.07%,4.09%,59.82%,7773.8,8570.2,4334.4,200.0,200.7,14191.0,5626.0,6203.6,9337.6,16134.4,191.4,625.6,58928.7,61032.4,80154.8,57724.1,48536.7,63874.1,37.83%,32.45%,32.81%,31.40%,34.67%,32.03%,0.6238398164563562,0.3761601835436438
#121,7.538055555555559,0.006999999999999999,#3-1,55772,49142,5,4940,1777,42420,100.00%,88.11%,0.01%,8.86%,3.19%,76.06%,100.00%,88.11%,0.01%,10.05%,3.62%,86.32%,11421.5,12808.4,5168.5,194.3,237.5,14804.8,1876.8,2094.1,12350.1,15892.8,240.1,563.6,63026.4,62825.5,282665.3,58855.5,48758.4,63851.2,38.73%,32.37%,80.26%,31.75%,36.67%,31.99%,0.8957144339524749,0.10428556604752515
#122,7.576666666666654,0.009000000000000001,#3-2,88973,77844,20,49521,4963,23340,100.00%,87.49%,0.02%,55.66%,5.58%,26.23%,100.00%,87.49%,0.03%,63.62%,6.38%,29.98%,3804.1,4279.3,5109.1,170.9,209.1,13860.9,7331.8,8251.0,12884.5,12636.0,308.2,632.1,51881.7,53462.6,73649.4,52454.3,42977.6,57814.1,42.07%,34.97%,32.78%,34.12%,40.47%,34.77%,0.3202991452991453,0.6797008547008547
#123,7.597500000000025,0.008,#4-1,80334,72017,8,15934,2461,53614,100.00%,89.65%,0.01%,19.83%,3.06%,66.74%,100.00%,89.65%,0.01%,22.13%,3.42%,74.45%,9865.3,10874.5,4514.5,175.3,236.6,14543.5,2943.1,3217.1,10373.9,12629.1,273.1,554.0,59699.3,60939.8,168523.5,57309.1,52819.4,62375.5,37.99%,32.63%,49.48%,32.33%,36.21%,32.42%,0.7708635328225306,0.22913646717746938
#124,7.615555555555545,0.012,#4-2,78572,71479,12,50367,3383,17717,100.00%,90.97%,0.02%,64.10%,4.31%,22.55%,100.00%,90.97%,0.02%,70.46%,4.73%,24.79%,3385.7,3640.7,2048.0,171.0,208.1,14161.3,8209.1,8847.4,4327.8,12295.6,291.5,681.3,55534.9,58497.7,207801.3,57624.3,47970.6,62889.8,36.72%,32.27%,46.39%,31.98%,31.99%,32.26%,0.26026246719160107,0.7397375328083989
#125,7.630277777777792,0.009000000000000001,#5-1,61811,53896,10,15956,2058,35872,100.00%,87.19%,0.02%,25.81%,3.33%,58.03%,100.00%,87.19%,0.02%,29.61%,3.82%,66.56%,8613.7,9736.0,4641.0,162.7,215.9,14541.9,3221.9,3624.7,10478.3,10921.6,290.9,568.3,61050.8,61043.4,126055.2,57832.9,47514.7,63229.5,39.30%,32.40%,35.46%,31.56%,35.99%,31.96%,0.6921077259020484,0.3078922740979516
#126,7.642777777777781,0.013000000000000001,#5-2,84341,76336,10,56926,4223,15177,100.00%,90.51%,0.01%,67.50%,5.01%,17.99%,100.00%,90.51%,0.01%,74.57%,5.53%,19.88%,2777.3,3003.1,2879.6,156.5,201.2,14459.7,7878.3,8565.9,6162.8,11295.7,297.8,628.9,54924.4,57873.2,100173.8,57290.9,47319.1,62966.2,37.30%,32.55%,48.99%,32.17%,33.72%,32.34%,0.2104817363684489,0.7895182636315511
#127,7.901666666666699,0.012,#1-1,41302,34613,0,123,1569,32921,100.00%,83.80%,0.00%,0.30%,3.80%,79.71%,100.00%,83.80%,0.00%,0.36%,4.53%,95.11%,12137.4,14291.5,,378.2,241.9,15013.1,617.6,600.1,,17147.7,260.0,554.5,59736.1,64543.6,,76864.3,49845.2,65198.1,42.06%,32.28%,,51.19%,34.57%,31.91%,0.9962291819419713,0.003770818058028702
#128,7.921111111111145,0.013999999999999999,#1-2,78146,70586,28,2492,2131,65935,100.00%,90.33%,0.04%,3.19%,2.73%,84.37%,100.00%,90.33%,0.04%,3.53%,3.02%,93.41%,12583.4,13716.7,5031.3,354.6,241.9,14660.9,1240.0,1350.2,11910.2,22420.2,226.5,585.7,62423.1,65383.3,101492.3,60482.0,50574.6,66031.9,37.08%,32.35%,41.63%,31.20%,35.59%,32.04%,0.9635857231277078,0.03641427687229215
#129,7.942222222222256,0.013999999999999999,#2-1,83399,75268,2,727,2721,71818,100.00%,90.25%,0.00%,0.87%,3.26%,86.11%,100.00%,90.25%,0.00%,0.97%,3.62%,95.42%,12734.8,13916.3,1529.1,249.1,217.3,14574.0,685.7,744.1,3085.9,21420.7,182.8,556.0,59919.1,64078.9,180085.8,62327.9,49411.4,64649.1,36.79%,32.00%,98.00%,31.77%,33.85%,31.72%,0.9899367154269114,0.010063284573088582
#130,7.979166666666686,0.021,#2-2,73139,65869,27,23924,2624,39294,100.00%,90.06%,0.04%,32.71%,3.59%,53.73%,100.00%,90.06%,0.04%,36.32%,3.98%,59.65%,7740.3,8480.9,3761.6,205.5,214.0,14074.7,5613.0,6152.8,8869.5,15879.3,246.2,623.5,58195.9,62097.3,71712.9,58669.2,47884.0,65127.1,38.25%,33.37%,24.13%,32.14%,36.38%,33.06%,0.621548400541836,0.378451599458164
#131,8.03333333333336,0.015,#3-1,69656,62532,10,6606,2570,53346,100.00%,89.77%,0.01%,9.48%,3.69%,76.58%,100.00%,89.77%,0.02%,10.56%,4.11%,85.31%,11329.0,12469.5,3725.4,189.4,241.7,14580.9,1972.6,2146.1,8496.5,15577.0,255.2,572.9,61750.4,65110.3,153209.3,60219.8,51717.5,66344.6,37.47%,32.47%,63.30%,31.49%,32.88%,32.21%,0.8898508396787316,0.11014916032126842
#132,8.05444444444447,0.019,#3-2,108345,100098,46,63668,3967,32417,100.00%,92.39%,0.04%,58.76%,3.66%,29.92%,100.00%,92.39%,0.05%,63.61%,3.96%,32.39%,4413.7,4708.0,4205.9,176.5,213.0,14158.8,7575.8,8107.6,9510.9,12390.7,273.4,652.1,57410.8,59906.3,89658.1,58583.6,47631.9,63963.9,35.06%,31.86%,47.10%,31.24%,32.35%,32.11%,0.3373958333333334,0.6626041666666667
#133,8.097222222222229,0.018000000000000002,#4-1,109094,98661,12,21789,4390,72470,100.00%,90.44%,0.01%,19.97%,4.02%,66.43%,100.00%,90.44%,0.01%,22.08%,4.45%,73.45%,9520.4,10410.9,6651.4,166.2,209.6,14109.7,2941.2,3174.9,15204.8,12444.8,221.9,564.7,58972.8,60905.4,172594.8,57709.5,46933.2,62694.2,36.29%,31.83%,48.35%,30.84%,34.44%,31.59%,0.7688684182979169,0.23113158170208314
#134,8.119722222222208,0.027999999999999997,#4-2,107923,100404,34,70809,4394,25167,100.00%,93.03%,0.03%,65.61%,4.07%,23.32%,100.00%,93.03%,0.03%,70.52%,4.38%,25.07%,3331.2,3525.4,5047.4,160.8,202.4,13569.8,8217.1,8725.7,12078.9,12096.9,282.3,710.2,56623.8,57903.4,83524.9,57066.1,46983.7,62131.0,35.73%,32.71%,35.49%,32.17%,31.95%,32.93%,0.2622659273982634,0.7377340726017366
#135,8.134444444444455,0.021,#5-1,110754,100048,10,30503,4675,64860,100.00%,90.33%,0.01%,27.54%,4.22%,58.56%,100.00%,90.33%,0.01%,30.49%,4.67%,64.83%,8581.8,9353.4,3648.1,155.3,212.8,14338.8,3352.1,3634.7,9088.9,10652.5,242.7,578.0,58888.7,61695.2,335782.0,58291.1,48292.8,64220.0,37.59%,32.84%,92.42%,31.67%,33.09%,32.90%,0.6801300881242132,0.31986991187578684
#136,8.1516666666667,0.032,#5-2,109770,100484,18,74305,5707,20454,100.00%,91.54%,0.02%,67.69%,5.20%,18.63%,100.00%,91.54%,0.02%,73.95%,5.68%,20.36%,2681.8,2889.4,8322.5,143.5,190.6,13612.6,7407.2,7997.5,20310.6,10611.9,255.9,648.9,52571.2,56099.3,102753.0,55562.7,45724.2,60902.4,35.94%,32.25%,27.47%,31.85%,31.01%,32.80%,0.21588378750927792,0.784116212490722
#137,8.387222222222192,0.026000000000000002,#1-1,110743,100196,6,298,3803,96089,100.00%,90.48%,0.01%,0.27%,3.43%,86.77%,100.00%,90.48%,0.01%,0.30%,3.80%,95.90%,12425.3,13547.9,3273.4,399.5,241.2,14115.9,528.1,565.5,6971.6,18430.0,241.0,522.5,58222.6,62109.0,236874.5,69195.4,48970.8,62596.0,36.83%,32.22%,76.55%,33.81%,32.89%,32.07%,0.9968814968814969,0.0031185031185031464
#138,8.407222222222288,0.03,#1-2,109359,100330,25,2818,3505,93982,100.00%,91.74%,0.02%,2.58%,3.21%,85.94%,100.00%,91.74%,0.02%,2.81%,3.49%,93.67%,12022.9,12919.3,5051.8,309.8,239.7,13772.3,1037.8,1115.3,11608.1,21064.2,256.1,546.4,57753.9,62360.6,120985.9,57401.6,49809.4,62961.8,36.33%,32.44%,59.08%,32.17%,32.08%,32.24%,0.9708747927031509,0.029125207296849087
#139,8.425277777777808,0.03,#2-1,110734,100386,9,1034,4015,95328,100.00%,90.66%,0.01%,0.93%,3.63%,86.09%,100.00%,90.66%,0.01%,1.03%,4.00%,94.96%,12433.2,13533.4,1890.7,234.8,251.1,14238.1,698.3,729.8,4093.9,20045.0,279.8,538.9,59048.9,63428.9,322908.0,62271.1,50592.2,63957.6,38.26%,33.69%,22.19%,32.89%,32.80%,33.49%,0.9892697155953746,0.010730284404625423
#140,8.442499999999995,0.044000000000000004,#2-2,108643,100396,62,34253,3741,62340,100.00%,92.41%,0.06%,31.53%,3.44%,57.38%,100.00%,92.41%,0.06%,34.12%,3.73%,62.09%,7561.8,8076.7,4099.6,201.2,228.4,12878.8,5170.3,5532.6,9756.8,15044.2,294.7,616.5,54007.0,57699.7,84452.4,55141.1,47077.7,59716.3,36.45%,33.05%,46.79%,32.52%,31.77%,33.00%,0.6453591102795968,0.3546408897204032
#141,8.458333333333314,0.031,#3-1,109483,100371,18,9477,3731,87145,100.00%,91.68%,0.02%,8.66%,3.41%,79.60%,100.00%,91.68%,0.02%,9.44%,3.72%,86.82%,11131.7,11983.7,6764.7,174.2,238.1,13771.9,1767.2,1903.6,16607.5,14955.5,279.0,550.8,57462.8,61847.5,110806.8,57391.6,48986.8,62872.6,36.53%,32.65%,68.65%,31.38%,32.89%,32.57%,0.9019322667774776,0.09806773322252238
#142,8.47861111111115,0.038,#3-2,107432,100002,43,62972,4166,32821,100.00%,93.08%,0.04%,58.62%,3.88%,30.55%,100.00%,93.08%,0.04%,62.97%,4.17%,32.82%,4176.8,4431.9,4013.6,173.5,213.6,13138.3,7415.3,7870.8,9272.1,12129.5,286.5,660.9,53664.8,56839.3,75901.6,55599.5,46267.5,60535.0,35.32%,32.28%,36.46%,31.79%,31.26%,32.59%,0.3426244910742249,0.6573755089257751
#143,8.495000000000005,0.035,#4-1,108174,100345,30,21979,3079,75257,100.00%,92.76%,0.03%,20.32%,2.85%,69.57%,100.00%,92.76%,0.03%,21.90%,3.07%,75.00%,9801.8,10430.9,6815.2,165.5,227.3,13847.8,2903.6,3085.4,15976.8,12102.5,266.2,562.2,57584.1,60810.2,116795.2,57477.5,47838.6,62291.9,35.67%,32.45%,34.19%,31.86%,32.87%,32.26%,0.7739938080495357,0.22600619195046434
#144,8.51472222222219,0.052000000000000005,#4-2,86135,79110,29,54777,3251,21053,100.00%,91.84%,0.03%,63.59%,3.77%,24.44%,100.00%,91.84%,0.04%,69.24%,4.11%,26.61%,3431.7,3686.9,3372.9,168.4,222.9,13376.7,7895.0,8505.4,7487.1,12000.7,297.0,680.0,54516.5,57772.3,81268.3,56879.8,47101.1,61710.0,35.20%,31.60%,53.37%,31.09%,29.71%,32.23%,0.2776212832550861,0.7223787167449138
#145,8.531388888888898,0.04,#5-1,109749,100465,14,29400,4722,66329,100.00%,91.54%,0.01%,26.79%,4.30%,60.44%,100.00%,91.54%,0.01%,29.26%,4.70%,66.02%,8666.6,9360.2,5767.1,146.8,212.6,14095.9,3202.6,3463.2,13827.3,10481.5,233.7,580.0,57263.9,61473.9,114943.9,57822.5,48138.3,64030.5,36.00%,32.12%,43.62%,30.95%,32.13%,32.25%,0.6929051217464315,0.3070948782535685
#146,8.546944444444478,0.057999999999999996,#5-2,107967,100417,16,74962,4169,21270,100.00%,93.01%,0.01%,69.43%,3.86%,19.70%,100.00%,93.01%,0.02%,74.65%,4.15%,21.18%,2810.3,2981.6,5871.5,145.1,210.6,13519.6,7813.3,8220.7,14338.0,10810.9,321.2,635.8,53760.2,56857.8,146089.6,56214.4,46231.6,61140.8,35.05%,31.94%,41.99%,31.55%,30.97%,32.36%,0.22101638317854533,0.7789836168214547
#147,8.786388888888894,0.05,#1-1,106963,100490,9,382,5048,95051,100.00%,93.95%,0.01%,0.36%,4.72%,88.86%,100.00%,93.95%,0.01%,0.38%,5.02%,94.59%,11817.7,12445.8,2579.4,445.5,253.5,13142.4,828.5,734.7,5639.0,20379.1,358.8,675.3,55327.5,57688.0,245147.4,65151.4,46637.3,58227.1,34.96%,32.48%,118.63%,37.81%,30.67%,32.46%,0.9959987364430872,0.004001263556912771
#148,8.805000000000007,0.059000000000000004,#1-2,110491,100448,31,2875,5081,92461,100.00%,90.91%,0.03%,2.60%,4.60%,83.68%,100.00%,90.91%,0.03%,2.86%,5.06%,92.05%,11357.5,12319.3,5085.8,350.6,266.1,13356.3,1404.7,1405.9,12370.7,26077.9,362.2,692.5,55282.9,59869.2,163707.4,56238.3,48333.8,60581.1,41.63%,36.56%,75.71%,37.92%,32.79%,36.49%,0.969866189021178,0.03013381097882195
#149,8.824166666666656,0.057999999999999996,#2-1,111133,100354,6,1078,4432,94838,100.00%,90.30%,0.01%,0.97%,3.99%,85.34%,100.00%,90.30%,0.01%,1.07%,4.42%,94.50%,11322.9,12351.9,6103.9,276.3,262.0,13054.6,883.5,904.8,15951.3,23774.3,322.5,671.2,53762.9,58175.0,305701.2,59802.3,48247.5,58604.8,38.39%,33.58%,75.91%,35.49%,31.91%,33.54%,0.9888040179972795,0.01119598200272054
#150,8.843333333333305,0.085,#2-2,108762,100427,119,33656,4286,62366,100.00%,92.34%,0.11%,30.94%,3.94%,57.34%,100.00%,92.34%,0.12%,33.51%,4.27%,62.10%,7039.4,7520.6,6231.8,199.0,239.5,11974.6,6347.6,6671.9,14738.1,18349.3,380.3,787.2,51076.0,54502.1,84919.3,52053.7,46272.5,56330.9,35.93%,32.59%,45.69%,31.90%,28.67%,32.95%,0.6495136491998745,0.35048635080012547
#151,8.860833333333346,0.059000000000000004,#3-1,110098,100297,26,9666,3856,86749,100.00%,91.10%,0.02%,8.78%,3.50%,78.79%,100.00%,91.10%,0.03%,9.64%,3.84%,86.49%,10266.6,11131.8,5902.0,184.2,264.3,12836.3,2399.6,2482.6,14358.7,19263.7,389.3,702.3,54545.0,58113.4,178419.9,54684.0,49072.3,58861.3,36.36%,32.15%,51.09%,32.10%,27.91%,32.20%,0.8997191303443254,0.10028086965567462
#152,8.878888888888923,0.079,#3-2,110775,100528,65,62397,5454,32612,100.00%,90.75%,0.06%,56.33%,4.92%,29.44%,100.00%,90.75%,0.06%,62.07%,5.43%,32.44%,3786.2,4113.0,4071.6,160.8,202.5,12328.7,9185.9,9930.3,9190.5,15529.1,305.7,829.0,50307.6,54272.5,79301.3,53195.5,45795.2,57700.9,36.46%,32.23%,37.25%,31.86%,28.46%,32.81%,0.34324410115331705,0.656755898846683
#153,8.8969444444445,0.068,#4-1,48481,37588,9,8518,1649,27412,100.00%,77.53%,0.02%,17.57%,3.40%,56.54%,100.00%,77.53%,0.02%,22.66%,4.39%,72.93%,7832.3,9919.9,4022.2,176.6,265.2,13530.3,3354.9,4113.2,8775.0,15806.1,389.1,702.3,46775.8,58717.8,279423.8,55319.8,49183.6,60274.7,52.77%,33.98%,70.15%,33.50%,29.18%,34.01%,0.762945914844649,0.23705408515535098
#154,8.915833333333353,0.10300000000000001,#4-2,115345,100505,41,68573,5219,26672,100.00%,87.13%,0.04%,59.45%,4.52%,23.12%,100.00%,87.13%,0.04%,68.23%,5.19%,26.54%,2985.5,3365.3,5663.5,148.1,211.4,12250.1,9323.2,10541.3,12995.3,15102.0,345.0,807.5,46775.4,52427.7,81599.4,51686.5,44449.3,55849.8,40.71%,33.49%,52.44%,33.34%,30.81%,33.47%,0.2800464281945763,0.7199535718054237
#155,8.932222222222208,0.077,#5-1,112730,100450,32,29971,4691,65756,100.00%,89.11%,0.03%,26.59%,4.16%,58.33%,100.00%,89.11%,0.03%,29.84%,4.67%,65.46%,7875.0,8698.1,8287.6,136.8,233.4,13204.3,4210.1,4612.3,19950.9,13755.3,350.6,741.5,51828.2,56703.9,111265.6,53764.0,46714.7,58730.0,40.28%,34.49%,29.97%,33.89%,31.74%,34.63%,0.6868835257082896,0.3131164742917104
#156,8.949722222222192,0.11199999999999999,#5-2,109627,100609,12,74900,5452,20245,100.00%,91.77%,0.01%,68.32%,4.97%,18.47%,100.00%,91.77%,0.01%,74.45%,5.42%,20.12%,2525.1,2705.6,4253.7,120.2,191.3,12946.8,7906.2,8469.6,9622.8,11175.0,314.0,656.1,48608.6,51763.1,88590.9,51186.5,44155.0,55923.5,36.77%,33.10%,55.25%,32.89%,31.28%,32.83%,0.2127524584963519,0.7872475415036481
#157,9.198333333333323,0.099,#1-1,108916,100288,8,257,3616,96407,100.00%,92.08%,0.01%,0.24%,3.32%,88.52%,100.00%,92.08%,0.01%,0.26%,3.61%,96.13%,11628.3,12450.0,4740.3,492.9,239.0,12940.6,635.8,673.3,10676.3,19378.1,340.6,635.1,52748.0,56523.9,181368.6,59506.9,48269.3,56815.2,37.43%,33.72%,93.68%,38.48%,30.07%,33.76%,0.9973026247536051,0.0026973752463949063
#158,9.23527777777781,0.11900000000000001,#1-2,86781,74652,25,2056,3159,69412,100.00%,86.02%,0.03%,2.37%,3.64%,79.99%,100.00%,86.02%,0.03%,2.75%,4.23%,92.98%,10604.7,12122.4,4482.0,295.4,238.6,13016.3,1222.2,1366.6,10365.1,25770.9,346.3,686.9,50912.1,58175.4,98225.7,54589.8,48690.5,58698.8,42.07%,33.88%,42.59%,33.64%,29.10%,33.93%,0.9712733730283089,0.02872662697169115
#159,9.263333333333321,0.122,#2-1,111700,100701,8,908,9812,89973,100.00%,90.15%,0.01%,0.81%,8.78%,80.55%,100.00%,90.15%,0.01%,0.90%,9.74%,89.35%,10444.8,11408.3,6062.2,168.2,184.5,12746.3,767.9,822.4,14178.2,23874.6,250.1,651.0,50237.4,54822.5,186804.9,52797.3,45892.7,55805.0,40.23%,35.19%,76.77%,34.89%,31.70%,35.03%,0.9900277008310249,0.00997229916897513
#160,9.294166666666683,0.18100000000000002,#2-2,113013,98848,94,33727,4129,60898,100.00%,87.47%,0.08%,29.84%,3.65%,53.89%,100.00%,87.47%,0.10%,34.12%,4.18%,61.61%,6644.1,7465.7,4497.9,177.2,210.1,11998.7,6287.1,7059.5,10365.2,19228.4,328.3,771.3,48195.6,54099.3,77356.3,51885.7,46176.3,55826.5,40.52%,33.77%,43.59%,33.24%,30.91%,34.06%,0.6435809046275984,0.3564190953724016
#161,9.329722222222188,0.125,#3-1,112797,100423,18,9434,4004,86967,100.00%,89.03%,0.02%,8.36%,3.55%,77.10%,100.00%,89.03%,0.02%,9.39%,3.99%,86.60%,9785.7,10839.9,9840.4,162.0,222.4,12487.3,2081.6,2295.3,25919.0,18210.2,306.6,655.6,48738.4,53978.3,110330.8,50906.5,46763.3,54632.1,38.78%,33.17%,26.29%,32.58%,28.24%,33.32%,0.9021773101364725,0.09782268986352749
#162,9.348333333333358,0.182,#3-2,109734,100457,62,63767,3361,33267,100.00%,91.55%,0.06%,58.11%,3.06%,30.32%,100.00%,91.55%,0.06%,63.48%,3.35%,33.12%,3778.1,4038.0,6088.4,141.6,210.5,11889.8,9675.7,10206.6,14931.1,15612.4,350.9,831.5,49046.7,52194.6,95445.4,51109.4,45307.0,54890.0,35.77%,32.11%,44.02%,31.92%,28.31%,32.15%,0.34285714285714286,0.6571428571428571
#163,9.383611111111122,0.154,#4-1,110747,100460,25,22722,3476,74237,100.00%,90.71%,0.02%,20.52%,3.14%,67.03%,100.00%,90.71%,0.02%,22.62%,3.46%,73.90%,8659.0,9425.0,7357.5,134.5,219.2,12700.3,3673.3,3947.5,17043.5,15141.1,339.9,685.9,49761.3,53961.3,125481.4,51132.6,46429.0,55155.7,36.99%,32.61%,38.67%,32.52%,29.56%,32.52%,0.7656444260256943,0.23435557397430573
#164,9.41138888888895,0.23,#4-2,111489,100747,35,70047,4483,26182,100.00%,90.36%,0.03%,62.83%,4.02%,23.48%,100.00%,90.36%,0.03%,69.53%,4.45%,25.99%,2900.2,3154.2,5134.2,123.6,202.4,11765.0,9963.3,10815.9,11776.3,15222.0,357.6,817.1,47733.6,51659.5,76993.6,50947.8,44055.4,54831.5,37.62%,33.32%,39.67%,33.08%,29.52%,33.50%,0.27208961474036847,0.7279103852596316
#166,9.450555555555525,0.245,#5-2,107324,98679,22,73731,6681,18245,100.00%,91.94%,0.02%,68.70%,6.23%,17.00%,100.00%,91.94%,0.02%,74.72%,6.77%,18.49%,2234.0,2379.1,6762.0,107.0,159.0,12368.7,7249.3,7712.2,15713.9,10137.2,241.9,638.4,46567.3,49167.1,88086.0,48816.6,42893.0,52834.4,38.66%,35.04%,68.53%,34.99%,32.90%,35.34%,0.19836927368308122,0.8016307263169188
#165,9.473333333333358,0.184,#5-1,110259,100252,5,28620,7556,64071,100.00%,90.92%,0.00%,25.96%,6.85%,58.11%,100.00%,90.92%,0.00%,28.55%,7.54%,63.91%,7573.9,8208.6,8120.6,120.0,175.1,12769.2,3069.0,3321.7,20450.4,10372.9,178.6,541.3,48198.0,51885.8,92254.4,49755.4,43513.5,53821.7,37.18%,33.16%,14.27%,32.70%,29.43%,33.13%,0.6912178239238589,0.3087821760761411
#167,9.561111111111131,0.17800000000000002,#1-1,107459,100197,2,194,5423,94578,100.00%,93.24%,0.00%,0.18%,5.05%,88.01%,100.00%,93.24%,0.00%,0.19%,5.41%,94.39%,11659.7,12305.0,4951.5,378.6,170.3,13025.4,474.7,500.6,12333.1,18805.0,166.2,482.0,50458.5,53326.3,46556.1,63778.3,44565.7,53807.3,36.13%,33.21%,24.09%,39.78%,30.64%,33.20%,0.9979911186297314,0.002008881370268556
#169,9.657777777777824,0.204,#2-1,108459,100548,10,861,6025,93652,100.00%,92.71%,0.01%,0.79%,5.56%,86.35%,100.00%,92.71%,0.01%,0.86%,5.99%,93.14%,11233.1,11946.3,2596.6,189.0,164.4,12813.4,597.6,627.2,5626.7,18876.5,168.7,488.4,48971.5,51904.3,163866.7,50982.4,44428.9,52381.7,36.59%,33.25%,70.13%,35.33%,31.54%,33.16%,0.9908510638297872,0.00914893617021284
#168,9.69083333333333,0.005,#1-2,25780,19035,3,450,1297,17285,100.00%,73.84%,0.01%,1.75%,5.03%,67.05%,100.00%,73.84%,0.02%,2.36%,6.81%,90.81%,8486.6,11304.5,2888.9,282.5,248.8,12422.5,759.6,906.3,6319.4,18354.7,225.1,502.2,41422.2,51890.5,96527.5,51135.0,42854.7,52580.4,56.31%,32.70%,41.61%,34.84%,37.69%,31.97%,0.9746699581410325,0.025330041858967478
#170,9.714444444444496,0.004,#2-2,46162,30029,12,9115,2678,18224,100.00%,65.05%,0.03%,19.75%,5.80%,39.48%,100.00%,65.05%,0.04%,30.35%,8.92%,60.69%,5201.1,7808.4,3221.6,204.0,250.8,12725.4,3561.9,5217.7,7756.9,15818.6,295.6,637.1,46795.4,55587.7,89410.2,53946.3,44493.7,58016.7,81.26%,32.91%,60.15%,31.13%,40.05%,32.49%,0.6666300527240774,0.3333699472759226
#171,9.729166666666686,0.004,#3-1,26632,19120,1,1604,1714,15801,100.00%,71.79%,0.00%,6.02%,6.44%,59.33%,100.00%,71.79%,0.01%,8.39%,8.96%,82.64%,7660.6,10477.2,1529.5,172.9,237.7,12634.5,1211.9,1526.0,3219.6,13085.2,212.1,495.0,42107.8,52445.8,39254.7,49710.1,42717.7,53779.6,58.65%,32.65%,0.00%,33.93%,36.44%,32.07%,0.9078325826650555,0.09216741733494449
#172,9.746388888888873,0.004,#3-2,35625,19554,5,10684,2836,6029,100.00%,54.89%,0.01%,29.99%,7.96%,16.92%,100.00%,54.89%,0.03%,54.64%,14.50%,30.83%,2320.0,4018.3,3863.2,186.2,163.2,12622.7,4122.2,7051.3,8261.5,12478.5,228.5,642.1,37958.7,54888.8,78013.3,52978.5,54045.6,58651.5,115.05%,35.38%,32.24%,32.71%,52.49%,32.13%,0.3607113607113607,0.6392886392886393
#173,9.76916666666665,0.002,#4-1,55289,40182,4,8240,2956,28982,100.00%,72.68%,0.01%,14.90%,5.35%,52.42%,100.00%,72.68%,0.01%,20.51%,7.36%,72.13%,6755.7,9133.5,1851.0,147.9,214.1,12598.9,1961.4,2580.9,3934.1,10736.8,201.0,504.6,44044.3,53726.7,387673.8,51637.4,43808.0,55286.3,57.93%,32.91%,81.51%,32.38%,36.21%,32.16%,0.778605354058722,0.221394645941278
#174,9.795555555555609,0.004,#4-2,42793,29983,4,19812,2307,7860,100.00%,70.07%,0.01%,46.30%,5.39%,18.37%,100.00%,70.07%,0.01%,66.08%,7.69%,26.21%,2522.5,3487.2,2724.4,162.1,208.5,12831.5,5920.5,8149.9,6036.4,12044.4,312.8,635.0,43493.9,54745.5,64928.7,54098.2,45900.0,58968.2,63.27%,32.39%,19.80%,31.58%,37.90%,31.57%,0.2839960992523567,0.7160039007476433
#175,9.815277777777794,0.004,#5-1,73939,63885,7,18567,3346,41965,100.00%,86.40%,0.01%,25.11%,4.53%,56.76%,100.00%,86.40%,0.01%,29.06%,5.24%,65.69%,7461.2,8519.1,4578.5,137.9,224.9,12889.2,2888.4,3272.6,9877.1,10010.6,242.8,531.9,48149.5,53698.9,118221.0,51096.5,45170.4,55519.5,40.15%,32.72%,41.54%,32.12%,36.80%,32.47%,0.6932981530343008,0.30670184696569924
#176,9.83055555555552,0.005,#5-2,44538,35345,2,26491,2088,6764,100.00%,79.36%,0.00%,59.48%,4.69%,15.19%,100.00%,79.36%,0.01%,74.95%,5.91%,19.14%,2121.0,2610.8,6594.9,147.0,238.4,12991.4,6650.8,8203.6,17271.0,10758.4,379.8,610.3,45629.3,54050.8,89907.8,53448.6,45573.6,59015.5,47.00%,32.63%,30.66%,32.01%,38.29%,32.34%,0.2034222552874907,0.7965777447125093
#177,10.254166666666663,0.006999999999999999,#1-2,100931,90066,26,2010,3867,84163,100.00%,89.24%,0.03%,1.99%,3.83%,83.39%,100.00%,89.24%,0.03%,2.23%,4.29%,93.45%,11773.3,12999.5,4074.5,281.4,241.2,13892.2,904.6,995.1,9276.0,21209.9,260.9,543.5,53944.0,59266.5,135042.3,55532.2,47118.6,59890.4,40.17%,34.22%,66.39%,34.09%,38.02%,33.81%,0.976693143812709,0.023306856187291003
#178,10.274722222222238,0.006999999999999999,#2-1,98696,87204,5,790,2082,84327,100.00%,88.36%,0.01%,0.80%,2.11%,85.44%,100.00%,88.36%,0.01%,0.91%,2.39%,96.70%,12577.6,14027.8,1755.5,208.1,250.3,14498.2,649.8,693.9,3769.3,17919.6,298.1,542.2,56789.6,62452.6,293307.4,61133.2,47089.9,62830.6,39.37%,32.89%,49.18%,31.89%,38.81%,32.62%,0.9906771847146809,0.009322815285319086
#179,10.29333333333335,0.006999999999999999,#2-2,109776,100289,64,30567,2875,66783,100.00%,91.36%,0.06%,27.84%,2.62%,60.84%,100.00%,91.36%,0.06%,30.48%,2.87%,66.59%,8268.1,8946.1,4253.2,193.4,249.2,13331.2,4615.9,4981.6,9657.7,14908.1,346.7,633.2,56199.1,60379.2,94086.4,57227.4,47971.9,62323.7,36.94%,32.77%,45.54%,32.11%,36.37%,32.36%,0.6859997939631194,0.3140002060368806
#180,10.3125,0.008,#3-1,111126,98869,11,9287,2588,86983,100.00%,88.97%,0.01%,8.36%,2.33%,78.27%,100.00%,88.97%,0.01%,9.39%,2.62%,87.98%,11205.5,12402.5,5437.2,162.5,255.9,14071.7,1645.0,1796.2,12126.6,13924.1,326.3,543.8,56327.1,60620.0,86959.4,56686.5,46904.2,61444.7,38.96%,33.31%,80.26%,32.50%,37.74%,33.04%,0.9035637259936325,0.09643627400636745
#181,10.329722222222188,0.006999999999999999,#3-2,109728,96827,44,58752,3484,34547,100.00%,88.24%,0.04%,53.54%,3.18%,31.48%,100.00%,88.24%,0.05%,60.68%,3.60%,35.68%,4508.5,5020.7,4183.2,164.5,243.9,13762.1,6979.0,7790.8,9543.5,12414.3,375.6,673.5,54512.5,58461.0,80666.7,56891.9,46417.3,62315.8,40.89%,34.45%,44.88%,33.78%,35.61%,34.37%,0.37027812370278124,0.6297218762972188
#182,10.346388888888896,0.004,#4-1,39769,32089,3,7153,1156,23777,100.00%,80.69%,0.01%,17.99%,2.91%,59.79%,100.00%,80.69%,0.01%,22.29%,3.60%,74.10%,9073.4,11057.6,2643.5,164.6,270.3,14860.1,2640.3,3149.2,5713.8,12102.4,420.3,588.0,52948.3,62384.8,84992.1,58262.7,46195.2,64409.1,46.97%,33.42%,3.83%,32.90%,41.45%,32.76%,0.7687519452225334,0.23124805477746657
#183,10.365277777777806,0.008,#4-2,108887,100423,38,68015,3585,28785,100.00%,92.23%,0.03%,62.46%,3.29%,26.44%,100.00%,92.23%,0.04%,67.73%,3.57%,28.66%,3861.9,4065.1,4170.8,139.6,213.7,13819.8,7738.5,8198.9,9724.3,11802.7,353.8,658.7,54760.9,57962.0,130412.7,56743.1,45821.7,62258.5,36.76%,33.07%,43.93%,32.60%,35.09%,32.65%,0.2973337483141405,0.7026662516858595
#184,10.385833333333323,0.008,#5-1,108417,100221,15,30679,2538,66989,100.00%,92.44%,0.01%,28.30%,2.34%,61.79%,100.00%,92.44%,0.01%,30.61%,2.53%,66.84%,9148.7,9798.9,5918.6,132.2,209.8,14590.2,3381.7,3620.0,14182.4,10542.0,257.7,575.0,58329.4,61603.4,172844.2,58350.5,46230.0,63650.7,35.38%,31.84%,32.38%,31.36%,36.33%,31.55%,0.6858902001026168,0.3141097998973832
#185,10.412222222222283,0.01,#5-2,107980,100387,14,76527,3199,20647,100.00%,92.97%,0.01%,70.87%,2.96%,19.12%,100.00%,92.97%,0.01%,76.23%,3.19%,20.57%,2918.1,3102.0,6076.6,116.9,174.1,14617.7,7948.4,8464.3,14600.3,10903.5,300.4,684.2,56173.0,59561.7,125462.6,58609.1,45570.7,65215.4,36.22%,32.98%,49.83%,32.31%,34.85%,33.50%,0.21249999999999997,0.7875000000000001
#186,10.764999999999986,0.013000000000000001,#1-2,109591,100230,11,2016,2214,95989,100.00%,91.46%,0.01%,1.84%,2.02%,87.59%,100.00%,91.46%,0.01%,2.01%,2.21%,95.77%,12777.0,13780.6,3462.1,299.0,221.0,14377.6,914.2,962.7,7893.5,21712.3,204.0,543.6,60876.5,63703.2,157466.1,61199.4,48567.4,64094.1,36.12%,32.03%,64.87%,31.82%,37.71%,31.81%,0.9794436490079771,0.02055635099202291
#187,10.789166666666688,0.013999999999999999,#2-1,98156,87085,6,790,2147,84142,100.00%,88.72%,0.01%,0.80%,2.19%,85.72%,100.00%,88.72%,0.01%,0.91%,2.47%,96.62%,12556.1,13950.9,3643.6,247.2,229.7,14430.4,629.1,681.6,9156.1,18500.1,205.3,525.9,57687.2,62899.1,321488.4,63796.0,47979.8,63253.0,37.77%,31.81%,50.63%,33.12%,39.68%,31.49%,0.9906695375781811,0.009330462421818897
#188,10.8125,0.015,#2-2,67471,56005,38,17501,1749,36717,100.00%,83.01%,0.06%,25.94%,2.59%,54.42%,100.00%,83.01%,0.07%,31.25%,3.12%,65.56%,7535.9,8936.2,4148.1,224.1,214.9,13509.2,4317.5,5100.4,9558.9,14957.6,250.8,628.3,55227.6,63204.0,104179.1,59775.9,47559.5,65540.8,42.60%,32.29%,50.19%,31.25%,39.89%,32.24%,0.677202768309059,0.322797231690941
#189,10.836666666666645,0.013999999999999999,#3-1,60368,50280,5,4912,1550,43813,100.00%,83.29%,0.01%,8.14%,2.57%,72.58%,100.00%,83.29%,0.01%,9.77%,3.08%,87.14%,11027.8,13037.9,4531.4,188.6,230.4,14932.5,1605.0,1857.1,11421.9,13943.4,244.1,558.1,57273.4,64765.5,172616.7,60188.3,48585.0,65838.8,42.83%,32.76%,83.52%,32.40%,38.08%,32.36%,0.8991848106490559,0.10081518935094413
#190,10.863333333333344,0.013999999999999999,#3-2,66827,56680,22,34459,2173,20026,100.00%,84.82%,0.03%,51.56%,3.25%,29.97%,100.00%,84.82%,0.04%,60.80%,3.83%,35.33%,4243.1,4921.4,3870.6,181.8,202.2,13590.0,6667.4,7743.8,8981.5,12330.3,286.2,659.7,54166.3,59424.3,96557.5,58033.2,46914.7,63134.4,41.06%,32.60%,48.46%,32.11%,38.31%,32.18%,0.36752314574014355,0.6324768542598564
#191,10.888888888888857,0.006,#4-1,24945,18103,1,4271,637,13194,100.00%,72.57%,0.00%,17.12%,2.55%,52.89%,100.00%,72.57%,0.01%,23.59%,3.52%,72.88%,8482.4,11488.2,1614.4,192.5,252.0,15687.9,2486.1,3285.0,3356.2,12054.3,337.9,588.6,54576.7,65926.1,374508.9,61850.3,46773.3,68146.8,60.38%,32.99%,0.00%,32.40%,49.38%,32.02%,0.7554680211464704,0.24453197885352962
#192,10.910277777777821,0.02,#4-2,103303,93662,27,64571,4314,24750,100.00%,90.67%,0.03%,62.51%,4.18%,23.96%,100.00%,90.67%,0.03%,68.94%,4.61%,26.42%,3542.6,3845.3,4134.0,157.3,195.1,14103.0,7705.0,8350.3,9308.2,11834.4,264.8,668.8,55542.6,59822.8,99492.3,58594.3,46969.8,65224.8,36.74%,32.41%,35.04%,31.62%,33.94%,32.83%,0.27705536912751677,0.7229446308724832
#193,10.927500000000009,0.018000000000000002,#5-1,60993,53106,7,18363,2123,32613,100.00%,87.07%,0.01%,30.11%,3.48%,53.47%,100.00%,87.07%,0.01%,34.58%,4.00%,61.41%,8290.4,9387.3,4767.4,152.6,219.4,15184.7,3614.3,4095.0,11012.4,10769.7,273.6,584.1,57493.5,63859.7,127842.5,60279.6,48906.5,66835.1,39.66%,32.88%,17.01%,31.56%,35.07%,32.80%,0.6397541410563601,0.3602458589436399
#194,10.943333333333328,0.022000000000000002,#5-2,109075,100426,17,76307,4284,19818,100.00%,92.07%,0.02%,69.96%,3.93%,18.17%,100.00%,92.07%,0.02%,75.98%,4.27%,19.73%,2725.4,2915.8,4373.6,143.2,196.7,14178.2,7720.9,8293.5,10000.1,10729.3,330.3,634.8,55031.3,58475.4,130623.0,57711.9,46394.3,63965.0,35.69%,32.24%,42.53%,31.71%,33.80%,32.26%,0.20614355866680598,0.793856441333194
#195,11.203055555555522,0.026000000000000002,#1-2,99608,88191,10,1870,2933,83378,100.00%,88.54%,0.01%,1.88%,2.94%,83.71%,100.00%,88.54%,0.01%,2.12%,3.33%,94.54%,12430.6,13848.7,7208.1,286.0,232.8,14632.7,907.5,915.9,18495.3,19683.0,221.7,517.3,59126.5,64401.7,107601.6,58474.9,50769.6,65009.0,38.61%,32.72%,32.66%,31.60%,37.77%,32.46%,0.9780674529277881,0.021932547072211928
#196,11.228055555555613,0.025,#2-1,111896,100337,5,857,3042,96433,100.00%,89.67%,0.00%,0.77%,2.72%,86.18%,100.00%,89.67%,0.00%,0.85%,3.03%,96.11%,12622.9,13854.4,1538.7,210.8,230.9,14406.0,618.7,675.0,3215.1,19105.0,252.9,524.4,58423.1,63773.9,350106.6,62411.7,48267.7,64260.3,38.31%,32.99%,18.71%,33.19%,35.63%,32.71%,0.991233498349835,0.008766501650165015
#197,11.249166666666667,0.027999999999999997,#2-2,112795,100372,89,29585,3325,67373,100.00%,88.99%,0.08%,26.23%,2.95%,59.73%,100.00%,88.99%,0.09%,29.48%,3.31%,67.12%,7963.4,8751.8,4392.4,213.4,210.5,12928.6,4364.3,4744.8,10476.1,14613.7,246.1,625.6,57071.7,60999.8,115603.3,57901.6,46583.0,62999.6,38.65%,33.28%,46.12%,32.63%,34.85%,32.80%,0.6948240165631471,0.3051759834368529
#198,11.301944444444473,0.03,#3-1,110608,100342,13,9373,2831,88125,100.00%,90.72%,0.01%,8.47%,2.56%,79.67%,100.00%,90.72%,0.01%,9.34%,2.82%,87.82%,11443.0,12431.9,3910.3,178.3,225.1,14128.6,1621.6,1765.8,8929.9,13799.1,250.9,533.5,57295.4,62474.2,176521.9,57774.3,48002.8,63422.2,38.43%,33.78%,46.87%,33.06%,34.83%,33.58%,0.9038699053108274,0.09613009468917255
#199,11.326388888888914,0.027999999999999997,#3-2,109306,100513,70,58217,5811,36415,100.00%,91.96%,0.06%,53.26%,5.32%,33.31%,100.00%,91.96%,0.07%,57.92%,5.78%,36.23%,4432.1,4752.4,4710.3,158.4,186.6,12825.6,6366.9,6856.8,11016.8,11372.5,226.0,687.6,53162.5,56482.7,80994.1,55369.0,45482.0,59971.6,38.38%,34.58%,50.27%,34.02%,34.35%,34.67%,0.3848114710568242,0.6151885289431758
#200,11.352777777777817,0.012,#4-1,110806,100490,21,21612,4026,74831,100.00%,90.69%,0.02%,19.50%,3.63%,67.53%,100.00%,90.69%,0.02%,21.51%,4.01%,74.47%,10017.3,10883.7,6543.5,141.6,220.9,14561.0,2744.6,2984.4,16458.1,11825.5,253.4,574.2,58182.0,62991.6,120873.1,59309.8,47841.9,64853.7,39.47%,34.68%,40.04%,34.27%,40.15%,34.06%,0.7758908105855387,0.22410918941446134
#201,11.375,0.042,#4-2,108634,100400,35,67733,4195,28437,100.00%,92.42%,0.03%,62.35%,3.86%,26.18%,100.00%,92.42%,0.03%,67.46%,4.18%,28.32%,3617.3,3858.0,5583.7,144.5,189.1,13241.9,7365.3,7896.9,12903.5,11403.1,264.9,665.3,53866.9,57389.6,162421.7,56311.8,46116.4,61490.4,36.50%,33.01%,28.77%,32.43%,33.44%,33.34%,0.2956775944873669,0.7043224055126331
#202,11.391666666666652,0.037000000000000005,#5-1,70791,62705,6,19403,2596,40700,100.00%,88.58%,0.01%,27.41%,3.67%,57.49%,100.00%,88.58%,0.01%,30.94%,4.14%,64.91%,8422.7,9337.2,7249.4,143.0,211.8,14302.6,3423.2,3558.6,16115.9,10318.3,263.4,544.4,55492.1,60785.7,200309.7,57896.7,48531.2,62924.1,39.04%,32.99%,72.56%,32.13%,34.04%,32.95%,0.6772039645279082,0.3227960354720918
#203,11.415277777777817,0.046,#5-2,80834,73363,11,56207,3426,13719,100.00%,90.76%,0.01%,69.53%,4.24%,16.97%,100.00%,90.76%,0.01%,76.61%,4.67%,18.70%,2485.2,2694.2,5414.0,132.7,196.6,13810.4,7408.9,8060.0,12957.6,10356.7,295.9,585.3,53290.7,57339.4,90815.6,56662.4,47625.1,62511.9,37.14%,32.80%,38.49%,32.52%,31.52%,33.06%,0.19620186758996955,0.8037981324100305
