Tube Name:,Sample ID:,All Events  % Parent,P1 % Parent,H2-UR % Parent,H2-UL % Parent,H2-LL % Parent,H2-LR % Parent,H1-UR % Parent,H1-UL % Parent,H1-LL % Parent,H1-LR % Parent,All Events  Mean FITC-A,P1 Mean FITC-A,H2-UR Mean FITC-A,H2-UL Mean FITC-A,H2-LL Mean FITC-A,H2-LR Mean FITC-A,H1-UR Mean FITC-A,H1-UL Mean FITC-A,H1-LL Mean FITC-A,H1-LR Mean FITC-A,All Events  Mean ECD-A,P1 Mean ECD-A,H2-UR Mean ECD-A,H2-UL Mean ECD-A,H2-LL Mean ECD-A,H2-LR Mean ECD-A,H1-UR Mean ECD-A,H1-UL Mean ECD-A,H1-LL Mean ECD-A,H1-LR Mean ECD-A,All Events  Mean PE-A,P1 Mean PE-A,H2-UR Mean PE-A,H2-UL Mean PE-A,H2-LL Mean PE-A,H2-LR Mean PE-A,H1-UR Mean PE-A,H1-UL Mean PE-A,H1-LL Mean PE-A,H1-LR Mean PE-A,All Events  rCV FITC-A,P1 rCV FITC-A,H2-UR rCV FITC-A,H2-UL rCV FITC-A,H2-LL rCV FITC-A,H2-LR rCV FITC-A,H1-UR rCV FITC-A,H1-UL rCV FITC-A,H1-LL rCV FITC-A,H1-LR rCV FITC-A,All Events  rCV PE-A,P1 rCV PE-A,H2-UR rCV PE-A,H2-UL rCV PE-A,H2-LL rCV PE-A,H2-LR rCV PE-A,H1-UR rCV PE-A,H1-UL rCV PE-A,H1-LL rCV PE-A,H1-LR rCV PE-A,All Events  rCV ECD-A,P1 rCV ECD-A,H2-UR rCV ECD-A,H2-UL rCV ECD-A,H2-LL rCV ECD-A,H2-LR rCV ECD-A,H1-UR rCV ECD-A,H1-UL rCV ECD-A,H1-LL rCV ECD-A,H1-LR rCV ECD-A,All Events  Mean FSC-A,P1 Mean FSC-A,H2-UR Mean FSC-A,H2-UL Mean FSC-A,H2-LL Mean FSC-A,H2-LR Mean FSC-A,H1-UR Mean FSC-A,H1-UL Mean FSC-A,H1-LL Mean FSC-A,H1-LR Mean FSC-A,All Events  Mean SSC-A,P1 Mean SSC-A,H2-UR Mean SSC-A,H2-UL Mean SSC-A,H2-LL Mean SSC-A,H2-LR Mean SSC-A,H1-UR Mean SSC-A,H1-UL Mean SSC-A,H1-LL Mean SSC-A,H1-LR Mean SSC-A,All Events  rCV FSC-A,P1 rCV FSC-A,H2-UR rCV FSC-A,H2-UL rCV FSC-A,H2-LL rCV FSC-A,H2-LR rCV FSC-A,H1-UR rCV FSC-A,H1-UL rCV FSC-A,H1-LL rCV FSC-A,H1-LR rCV FSC-A,All Events  rCV SSC-A,P1 rCV SSC-A,H2-UR rCV SSC-A,H2-UL rCV SSC-A,H2-LL rCV SSC-A,H2-LR rCV SSC-A,H1-UR rCV SSC-A,H1-UL rCV SSC-A,H1-LL rCV SSC-A,H1-LR rCV SSC-A,All Events  Mean Green-H,P1 Mean Green-H,H2-UR Mean Green-H,H2-UL Mean Green-H,H2-LL Mean Green-H,H2-LR Mean Green-H,H1-UR Mean Green-H,H1-UL Mean Green-H,H1-LL Mean Green-H,H1-LR Mean Green-H,All Events  Mean Cherry-H,P1 Mean Cherry-H,H2-UR Mean Cherry-H,H2-UL Mean Cherry-H,H2-LL Mean Cherry-H,H2-LR Mean Cherry-H,H1-UR Mean Cherry-H,H1-UL Mean Cherry-H,H1-LL Mean Cherry-H,H1-LR Mean Cherry-H,All Events  rCV Green-H,P1 rCV Green-H,H2-UR rCV Green-H,H2-UL rCV Green-H,H2-LL rCV Green-H,H2-LR rCV Green-H,H1-UR rCV Green-H,H1-UL rCV Green-H,H1-LL rCV Green-H,H1-LR rCV Green-H,All Events  rCV Cherry-H,P1 rCV Cherry-H,H2-UR rCV Cherry-H,H2-UL rCV Cherry-H,H2-LL rCV Cherry-H,H2-LR rCV Cherry-H,H1-UR rCV Cherry-H,H1-UL rCV Cherry-H,H1-LL rCV Cherry-H,H1-LR rCV Cherry-H
seed-M1,,100.00%,63.72%,0.00%,99.54%,0.35%,0.10%,0.02%,95.58%,4.39%,0.00%,108.0,125.4,####,125.4,121.8,149.1,1899.0,126.5,94.1,####,6120.2,6805.4,####,6836.6,47.1,-106.0,21463.7,7086.1,625.2,####,2554.0,2843.3,####,2856.2,39.1,86.2,9124.9,2961.8,234.9,####,122.69%,98.20%,####,98.20%,111.05%,77.38%,38.74%,96.66%,132.55%,####,91.38%,69.34%,####,68.95%,1313.27%,291.24%,78.43%,65.17%,146.45%,####,85.07%,63.91%,####,63.45%,167.38%,93.98%,76.04%,59.65%,71.84%,####,26224.1,26830.4,####,26847.4,23069.1,23343.4,28883.6,26846.6,26466.7,####,43242.6,50253.8,####,50278.6,45355.7,43156.1,49341.1,50216.3,51073.6,####,41.76%,32.37%,####,32.35%,33.98%,29.41%,34.22%,32.37%,32.36%,####,48.78%,34.69%,####,34.72%,30.79%,25.58%,22.06%,34.61%,35.48%,####,10.4,8.6,####,8.6,9.5,9.9,40.0,8.6,8.2,####,170.1,194.9,####,195.8,13.5,11.2,499.8,202.8,23.0,####,37.65%,31.15%,####,31.15%,31.56%,29.41%,14.43%,31.09%,32.54%,####,65.72%,49.02%,####,48.66%,44.36%,40.88%,46.05%,45.92%,43.20%,####
seed-M2,,100.00%,68.13%,0.00%,99.66%,0.26%,0.08%,0.01%,94.42%,5.57%,0.00%,109.2,128.1,####,128.0,130.5,188.9,1890.0,129.8,96.4,####,4429.8,5051.1,####,5068.3,54.2,-92.5,7815.7,5303.2,777.2,####,1799.3,2053.9,####,2060.6,133.1,57.9,2811.2,2155.4,334.3,####,120.21%,95.79%,####,95.86%,90.96%,75.69%,35.23%,94.60%,123.65%,####,85.83%,66.82%,####,66.44%,189.23%,2000.53%,79.14%,61.91%,114.26%,####,81.18%,62.13%,####,61.82%,150.63%,90.06%,45.18%,57.40%,61.73%,####,26701.5,28443.1,####,28452.9,25750.6,24987.5,19639.7,28475.9,27896.6,####,44617.5,51590.4,####,51608.0,46692.7,45678.0,40040.7,51747.7,48937.4,####,39.91%,30.73%,####,30.73%,25.42%,31.36%,5.50%,30.81%,29.29%,####,48.41%,34.81%,####,34.80%,36.32%,30.86%,5.78%,34.65%,37.03%,####,10.2,8.2,####,8.2,8.7,9.2,55.2,8.2,7.8,####,114.2,127.6,####,128.0,11.9,9.9,234.2,133.6,25.1,####,37.25%,31.15%,####,31.17%,30.02%,34.14%,28.76%,31.09%,32.17%,####,62.08%,49.24%,####,48.98%,41.88%,40.84%,19.69%,45.58%,40.15%,####
seed-M3,,100.00%,65.37%,0.01%,99.83%,0.13%,0.03%,0.04%,95.86%,4.11%,0.00%,114.9,132.4,19979.3,131.2,101.2,122.7,5066.5,131.8,102.5,####,7292.5,8077.9,6242.3,8091.6,40.7,-127.5,23633.5,8377.2,951.1,####,3039.8,3369.6,2710.1,3375.3,60.3,-121.4,9876.8,3493.5,419.7,####,118.89%,95.67%,58.34%,95.67%,108.51%,68.57%,26.50%,94.94%,111.98%,####,80.34%,60.99%,108.86%,60.85%,425.97%,114.80%,46.83%,57.65%,89.94%,####,77.32%,57.87%,81.37%,57.72%,118.50%,48.86%,48.87%,54.69%,53.89%,####,26580.2,26824.3,35683.0,26829.0,24011.1,22464.7,30372.0,26830.4,26651.6,####,45347.2,51564.5,64556.1,51575.1,43480.0,50342.3,58079.9,51611.3,50414.9,####,39.95%,31.68%,14.80%,31.68%,29.87%,26.25%,43.86%,31.80%,28.99%,####,48.65%,35.18%,28.37%,35.18%,42.51%,25.96%,39.80%,35.09%,37.10%,####,10.4,8.7,335.7,8.6,9.4,9.6,91.4,8.6,8.3,####,151.0,170.9,101.1,171.2,11.2,8.5,445.8,177.1,25.1,####,37.51%,31.22%,55.09%,31.20%,33.32%,27.98%,13.98%,31.26%,30.73%,####,63.96%,49.66%,80.12%,49.52%,28.66%,49.86%,41.27%,46.80%,36.24%,####
seed-M4,,100.00%,68.56%,0.00%,99.87%,0.09%,0.04%,0.05%,97.42%,2.53%,0.00%,118.1,135.7,####,135.7,112.6,176.4,3161.9,135.0,105.2,923.9,8227.3,9567.8,####,9580.1,35.5,-102.5,28935.1,9784.0,883.5,762.1,3435.9,4009.4,####,4014.6,2.3,-139.2,11791.0,4100.6,353.6,304.6,116.36%,92.95%,####,92.95%,116.65%,43.85%,43.26%,92.70%,108.34%,0.00%,78.38%,57.99%,####,57.84%,542.96%,196.46%,85.52%,56.10%,104.65%,0.00%,73.65%,55.42%,####,55.33%,217.86%,92.54%,91.39%,53.45%,60.80%,0.00%,25957.2,28215.4,####,28216.0,26242.7,30990.1,29441.0,28242.6,27157.5,18880.6,44896.9,51384.1,####,51393.0,42002.6,49797.9,54871.0,51466.6,48137.1,51578.2,39.91%,30.27%,####,30.26%,32.11%,31.12%,26.33%,30.27%,29.34%,0.00%,49.10%,34.78%,####,34.74%,34.56%,30.36%,31.96%,34.69%,37.72%,0.00%,10.8,8.3,####,8.3,8.3,9.4,64.5,8.3,8.1,32.7,176.7,199.3,####,199.6,11.2,7.9,561.5,203.7,24.1,34.1,37.35%,30.82%,####,30.82%,23.02%,33.96%,34.01%,30.81%,29.85%,0.00%,61.85%,47.22%,####,47.14%,39.41%,28.49%,59.34%,45.60%,41.27%,0.00%
seed-M5,,100.00%,65.56%,0.00%,27.25%,38.73%,34.02%,0.00%,0.06%,99.94%,0.00%,99.8,113.2,####,64.4,98.2,169.4,####,102.9,113.2,####,24.8,21.8,####,256.6,5.0,-147.3,####,6645.4,17.7,####,21.6,20.1,####,25.7,19.8,15.9,####,2837.1,18.4,####,131.07%,105.46%,####,176.30%,151.35%,56.79%,####,89.45%,105.46%,####,4943.12%,4029.49%,####,2783.99%,4441.99%,5283.29%,####,67.00%,4100.06%,####,2899.31%,3079.43%,####,54.91%,440.77%,77.02%,####,52.87%,3128.29%,####,26432.7,27229.6,####,26946.2,26907.5,27823.3,####,23074.2,27232.1,####,45872.6,50944.6,####,49713.7,50285.9,52680.8,####,45522.4,50947.9,####,40.73%,30.70%,####,30.79%,30.80%,30.46%,####,33.74%,30.70%,####,50.94%,35.38%,####,35.10%,35.55%,34.88%,####,41.57%,35.38%,####,10.9,8.3,####,7.9,8.2,8.8,####,9.1,8.3,####,12.5,9.1,####,12.7,8.7,6.6,####,177.2,9.0,####,38.15%,31.16%,####,31.98%,32.67%,28.71%,####,42.63%,31.16%,####,51.64%,44.91%,####,33.37%,37.23%,43.30%,####,80.45%,44.88%,####
seed-M6,,100.00%,65.29%,0.00%,99.87%,0.09%,0.05%,0.01%,95.61%,4.38%,0.00%,111.9,132.6,####,132.6,72.6,183.9,2459.6,134.2,95.2,####,4518.3,5384.3,####,5391.5,5.9,-146.6,4660.1,5582.2,1069.5,####,1875.1,2240.1,####,2243.0,45.2,88.6,1415.9,2319.7,504.7,####,121.07%,92.56%,####,92.56%,230.39%,54.72%,8.70%,91.47%,125.17%,####,83.52%,60.67%,####,60.55%,461.52%,8755.14%,6.18%,57.29%,73.93%,####,80.01%,57.40%,####,57.28%,505.10%,90.47%,0.77%,54.03%,47.24%,####,26157.3,29383.6,####,29388.5,24329.8,28209.8,31735.6,29425.5,28467.9,####,45387.4,52667.9,####,52678.5,42109.5,49267.0,54313.8,53069.2,43911.3,####,41.13%,29.47%,####,29.47%,33.57%,36.64%,44.33%,29.63%,26.35%,####,51.86%,34.81%,####,34.79%,38.17%,42.09%,43.92%,34.46%,37.89%,####,11.1,8.0,####,8.0,7.8,8.3,57.0,8.0,7.6,####,105.3,118.3,####,118.5,10.4,7.1,120.3,122.5,27.9,####,37.82%,30.61%,####,30.61%,29.91%,30.20%,18.52%,30.60%,29.53%,####,60.53%,47.90%,####,47.80%,40.38%,48.08%,15.33%,45.26%,27.06%,####
seed-M7,,100.00%,67.16%,0.00%,99.93%,0.06%,0.01%,0.07%,97.73%,2.19%,0.00%,120.3,143.9,####,143.9,152.8,138.6,2486.7,143.3,95.8,####,10271.1,12257.2,####,12266.2,92.9,-119.8,30014.8,12495.5,1064.0,####,4297.2,5141.5,####,5145.2,48.2,172.1,12763.6,5240.3,493.9,####,116.79%,88.25%,####,88.36%,73.19%,15.82%,50.72%,87.79%,117.33%,####,79.44%,57.32%,####,57.23%,629.70%,60.02%,85.06%,55.57%,75.25%,####,76.42%,54.91%,####,54.83%,128.85%,6.93%,93.56%,53.08%,48.01%,####,26375.2,28779.8,####,28780.7,25769.3,36712.6,30917.6,28780.0,28702.4,####,46292.4,54628.9,####,54634.0,49122.7,40788.6,55050.4,54631.5,54497.1,####,39.41%,29.76%,####,29.76%,34.94%,13.56%,20.23%,29.75%,29.54%,####,49.61%,33.98%,####,33.99%,20.34%,30.53%,31.25%,33.97%,34.57%,####,10.8,8.3,####,8.3,8.7,8.7,53.5,8.3,7.7,####,222.1,256.7,####,256.8,11.1,7.6,538.1,261.6,26.8,####,37.18%,30.44%,####,30.43%,28.25%,15.10%,32.00%,30.37%,31.23%,####,63.76%,46.71%,####,46.68%,43.20%,36.90%,64.30%,45.22%,28.76%,####
seed-M8,,100.00%,67.38%,0.00%,99.90%,0.07%,0.03%,0.00%,96.59%,3.41%,0.00%,104.1,123.6,####,123.6,153.9,198.8,####,124.8,89.8,####,7740.3,9279.0,####,9288.0,64.2,-151.7,####,9567.4,1110.9,####,3208.2,3859.4,####,3863.1,63.2,-33.7,####,3978.6,481.5,####,123.75%,98.07%,####,98.15%,148.42%,50.06%,####,97.43%,130.53%,####,76.62%,55.17%,####,55.09%,356.63%,1811.82%,####,52.41%,81.28%,####,72.81%,52.06%,####,52.01%,284.76%,121.01%,####,49.66%,47.24%,####,25888.9,28640.6,####,28640.1,30158.5,26257.5,####,28639.0,28684.9,####,45805.0,53647.9,####,53648.8,57393.3,40169.5,####,53682.2,52675.6,####,40.35%,30.03%,####,30.03%,31.64%,24.76%,####,30.14%,27.73%,####,49.20%,34.29%,####,34.29%,26.47%,33.51%,####,34.23%,36.23%,####,10.6,8.0,####,8.0,8.3,9.5,####,8.0,7.4,####,169.1,191.6,####,191.8,9.7,6.7,####,197.4,26.7,####,37.65%,30.98%,####,30.98%,26.42%,12.92%,####,30.93%,31.67%,####,61.68%,44.85%,####,44.78%,36.39%,41.03%,####,42.39%,30.56%,####
seed-M9,,100.00%,66.01%,0.10%,99.80%,0.07%,0.03%,0.13%,96.73%,3.14%,0.00%,121.0,136.8,2328.0,134.5,121.6,160.5,2117.1,135.5,97.5,####,7114.0,8425.8,16138.0,8426.0,93.3,-129.6,16086.5,8655.9,1038.7,####,2959.1,3513.2,7126.0,3512.9,34.6,13.2,6979.4,3608.6,440.2,####,120.67%,93.29%,26.19%,93.21%,104.87%,120.18%,36.77%,92.56%,130.54%,####,83.44%,57.48%,65.07%,57.38%,423.85%,686.72%,54.13%,54.96%,93.13%,####,79.19%,54.31%,65.45%,54.20%,117.22%,51.75%,52.38%,51.91%,53.78%,####,25475.3,27970.8,32372.4,27966.0,27095.8,30811.3,29097.9,27978.6,27685.1,####,44925.4,50996.6,58369.1,50996.5,43091.3,43513.6,52776.6,51117.5,47206.2,####,42.09%,30.10%,24.81%,30.10%,28.87%,29.81%,33.82%,30.13%,28.40%,####,53.02%,35.29%,31.48%,35.32%,32.40%,11.42%,31.16%,35.15%,38.31%,####,11.5,8.3,46.6,8.3,8.7,9.1,45.6,8.3,7.9,####,148.4,169.9,295.5,169.9,10.6,8.2,318.1,174.4,25.7,####,38.84%,30.98%,26.96%,30.95%,36.30%,21.69%,25.30%,30.94%,29.64%,####,64.77%,46.70%,41.03%,46.62%,38.36%,41.70%,28.97%,44.57%,35.32%,####
seed-M10,,100.00%,64.59%,0.61%,99.25%,0.08%,0.06%,0.54%,98.32%,1.14%,0.00%,198.6,189.2,2902.0,172.6,147.1,143.7,3052.3,174.2,125.6,####,5156.6,6039.0,11173.9,6015.9,96.8,-121.8,11963.4,6069.7,580.4,####,2126.3,2497.6,4663.5,2487.7,110.7,-34.8,4993.7,2509.9,259.2,####,108.13%,80.39%,42.15%,80.40%,113.14%,81.54%,45.64%,79.87%,96.94%,####,79.25%,55.38%,49.49%,55.06%,1095.65%,244.32%,43.64%,54.39%,118.49%,####,75.18%,52.26%,42.75%,52.01%,107.75%,71.67%,40.35%,51.24%,69.96%,####,25898.5,27381.6,29252.0,27371.3,26402.6,26849.8,27243.9,27391.7,26580.3,####,44777.0,52898.5,58750.3,52870.9,45432.1,49225.6,55125.5,52922.1,49806.6,####,40.50%,30.64%,29.00%,30.63%,33.32%,30.85%,32.04%,30.63%,30.12%,####,51.38%,34.66%,30.74%,34.67%,38.25%,32.53%,30.59%,34.63%,35.06%,####,11.9,9.4,60.7,9.1,9.6,9.4,66.6,9.1,8.7,####,108.7,125.8,216.6,125.4,13.3,9.2,245.4,126.4,17.1,####,38.73%,30.84%,49.74%,30.68%,43.91%,23.40%,34.38%,30.69%,31.14%,####,60.30%,45.30%,39.25%,45.08%,47.06%,39.12%,34.07%,44.33%,30.09%,####
G1-M1,,100.00%,71.83%,0.09%,99.79%,0.06%,0.06%,0.07%,99.67%,0.25%,0.02%,184.6,206.4,5100.3,201.5,131.2,1161.6,5841.8,201.9,120.9,6236.1,4618.0,5317.5,2578.9,5326.3,71.0,102.1,2830.7,5332.6,264.5,656.4,1955.9,2248.6,974.5,2252.3,57.3,167.3,1092.1,2254.8,179.2,411.0,82.53%,64.35%,83.12%,64.30%,76.08%,81.76%,86.48%,64.24%,110.39%,66.43%,62.28%,50.13%,85.86%,49.98%,640.06%,202.42%,86.37%,49.93%,206.95%,88.66%,59.49%,47.28%,50.37%,47.17%,95.17%,825.85%,49.71%,47.09%,138.33%,16.90%,50087.3,51636.2,54062.9,51636.1,48936.5,50797.1,52581.9,51638.2,50737.1,49482.6,72055.3,82449.0,86549.2,82448.0,78278.9,81950.5,83563.5,82458.7,78256.0,82168.5,31.64%,27.34%,28.05%,27.32%,28.18%,38.05%,42.06%,27.32%,29.03%,27.82%,47.81%,32.47%,28.76%,32.48%,35.23%,35.63%,25.33%,32.47%,36.10%,18.65%,6.3,5.6,63.1,5.6,5.2,17.4,74.0,5.6,5.0,75.1,58.1,64.3,32.8,64.4,5.9,5.8,37.4,64.5,6.7,10.0,31.37%,27.28%,63.22%,27.25%,29.44%,54.24%,81.37%,27.25%,29.35%,56.93%,49.21%,40.81%,48.76%,40.72%,28.77%,42.79%,50.18%,40.67%,40.60%,16.76%
G1-M2,,100.00%,74.60%,0.03%,99.85%,0.05%,0.07%,0.03%,99.72%,0.25%,0.00%,188.7,215.1,8841.9,207.7,112.4,7121.0,9092.2,207.8,138.8,127287.9,6007.6,6636.0,3069.2,6645.3,66.1,-37.8,122473.8,6620.9,223.7,359.6,2386.3,2646.6,1184.9,2650.3,15.0,67.7,45855.2,2641.5,55.0,248.5,82.63%,65.44%,82.85%,65.44%,88.58%,95.24%,72.73%,65.40%,107.88%,61.64%,64.14%,52.49%,106.73%,52.38%,1491.70%,355.51%,71.53%,52.31%,892.68%,20.03%,59.46%,48.85%,72.69%,48.77%,67.92%,209.71%,64.21%,48.68%,179.49%,96.85%,52882.1,52870.8,53945.7,52877.3,45637.2,48655.6,55196.4,52875.1,50702.7,63382.3,78841.3,88133.5,83429.1,88145.0,80155.5,79862.0,89644.8,88154.1,79317.9,104341.6,32.72%,28.81%,32.39%,28.81%,26.51%,29.90%,28.57%,28.82%,29.37%,28.72%,46.87%,33.82%,36.97%,33.82%,35.85%,34.69%,36.16%,33.81%,35.58%,0.04%,5.9,5.6,106.7,5.5,5.0,88.8,110.1,5.5,5.0,1522.2,70.0,76.6,37.0,76.7,5.7,5.0,963.4,76.5,6.4,6.2,31.00%,27.38%,86.20%,27.36%,33.64%,31.95%,85.73%,27.34%,34.55%,92.57%,49.39%,41.59%,63.78%,41.54%,34.38%,37.28%,58.76%,41.48%,40.64%,38.13%
G1-M3,,100.00%,74.54%,0.09%,99.78%,0.06%,0.07%,0.08%,99.69%,0.22%,0.01%,201.1,231.0,8364.5,222.9,167.9,831.7,10025.2,223.1,198.1,3569.7,6272.1,7036.6,3469.8,7048.7,103.7,34.1,3940.6,7055.0,246.6,352.1,2607.3,2932.3,1468.0,2937.2,108.0,79.6,1689.0,2939.9,118.8,190.5,76.53%,60.15%,122.76%,60.13%,72.35%,106.35%,108.90%,60.11%,90.31%,74.81%,61.31%,50.76%,80.27%,50.66%,350.31%,253.97%,61.80%,50.60%,244.55%,95.00%,58.25%,48.16%,80.56%,48.08%,75.22%,422.38%,64.32%,48.04%,173.27%,123.84%,52882.2,53860.8,56205.0,53863.1,50666.6,49918.4,55413.4,53863.9,52232.0,48619.7,76676.8,87059.4,89544.7,87066.2,82281.6,77846.0,88643.3,87076.5,79245.4,80546.1,31.91%,27.97%,21.78%,27.98%,23.24%,24.23%,20.22%,27.98%,25.85%,27.42%,46.97%,33.40%,29.78%,33.39%,31.67%,37.66%,26.75%,33.40%,30.56%,25.39%,6.3,5.7,96.5,5.6,5.5,13.6,115.6,5.6,5.6,47.5,73.4,80.7,36.3,80.9,6.3,5.2,40.6,80.9,6.5,7.6,30.60%,26.67%,112.52%,26.63%,25.77%,46.08%,105.56%,26.63%,32.42%,77.57%,49.38%,41.53%,70.49%,41.43%,24.27%,30.98%,65.02%,41.40%,41.44%,49.25%
G1-M4,,100.00%,74.67%,0.65%,99.08%,0.06%,0.21%,0.54%,99.12%,0.20%,0.14%,233.7,265.4,3761.8,228.8,153.2,6815.0,4255.0,229.8,171.3,10217.4,6181.5,6850.3,2357.0,6897.4,92.2,372.1,2425.1,6896.4,159.8,633.6,2566.7,2854.2,965.4,2873.8,46.6,212.1,988.8,2873.4,85.1,326.5,75.50%,60.78%,67.84%,60.48%,60.93%,141.01%,64.17%,60.49%,79.58%,59.10%,60.37%,50.05%,65.72%,49.54%,2161.51%,152.39%,73.63%,49.55%,481.99%,90.78%,56.97%,47.25%,50.08%,46.80%,72.73%,103.75%,53.52%,46.80%,202.70%,42.77%,53343.2,53399.9,56954.2,53390.4,47013.2,48717.0,53889.0,53400.5,52643.7,52131.6,76686.8,86307.6,91696.6,86297.9,74942.6,77526.5,87693.1,86318.1,80196.6,82119.2,31.82%,28.48%,28.08%,28.47%,32.24%,29.10%,27.64%,28.48%,29.73%,32.33%,46.06%,33.29%,31.87%,33.32%,31.43%,30.52%,29.52%,33.33%,32.45%,26.56%,6.1,6.1,43.6,5.7,5.6,83.4,50.3,5.7,5.3,120.6,72.3,78.9,28.0,79.4,5.6,8.8,29.8,79.4,5.9,10.3,30.74%,27.43%,63.13%,27.21%,28.64%,132.22%,57.50%,27.24%,27.52%,55.33%,48.24%,40.57%,39.86%,40.12%,35.31%,56.98%,40.24%,40.14%,48.94%,29.19%
G1-M5,,100.00%,75.02%,0.01%,16.01%,29.45%,54.52%,0.00%,0.02%,99.98%,0.00%,156.6,179.6,712.3,95.4,173.3,207.5,####,134.1,179.6,627.7,17.8,19.4,544.1,236.3,90.5,-82.8,####,5017.8,18.5,17.1,24.5,27.0,223.8,33.6,28.7,24.1,####,1978.9,26.7,-260.2,88.18%,71.05%,8.15%,122.19%,57.20%,65.34%,####,45.11%,71.08%,0.00%,1614.80%,1347.54%,135.35%,953.83%,1123.74%,1739.76%,####,52.40%,1347.54%,0.00%,1859.99%,1577.68%,15.48%,48.66%,80.61%,119.09%,####,27.64%,1577.68%,0.00%,52935.2,53764.4,143613.2,51642.7,52929.8,54816.3,####,44456.9,53766.1,57128.7,77063.5,87327.8,216252.3,81865.0,86295.7,89458.2,####,72384.8,87330.0,137164.6,31.99%,28.12%,53.31%,27.14%,27.74%,28.61%,####,27.93%,28.12%,0.00%,46.60%,33.50%,63.69%,32.32%,32.73%,34.02%,####,22.59%,33.49%,0.00%,5.8,5.2,6.3,4.9,5.2,5.4,####,5.0,5.2,16.0,5.5,4.8,6.4,6.7,5.3,4.0,####,68.7,4.8,6.1,31.26%,27.77%,22.14%,29.73%,27.67%,26.95%,####,26.95%,27.77%,0.00%,40.82%,38.31%,24.93%,29.60%,30.13%,35.99%,####,30.94%,38.31%,0.00%
G1-M6,,100.00%,74.81%,0.04%,99.80%,0.07%,0.09%,0.03%,99.66%,0.30%,0.01%,179.8,207.4,30231.0,195.2,157.5,442.2,44646.9,195.3,143.0,3651.4,5953.5,6647.5,3077.3,6659.3,98.3,-23.1,4097.8,6668.2,192.6,650.1,2499.0,2795.6,1254.9,2800.4,66.3,89.9,1671.1,2804.2,127.1,246.6,82.41%,65.88%,107.60%,65.85%,89.68%,89.01%,99.19%,65.76%,101.34%,30.39%,59.71%,49.21%,55.48%,49.09%,398.87%,236.29%,66.84%,48.98%,235.64%,99.30%,57.03%,46.59%,60.12%,46.44%,72.53%,197.14%,66.26%,46.37%,154.23%,25.95%,52193.0,53111.8,59455.0,53113.7,49318.1,50984.2,55620.2,53113.9,52092.4,56547.8,75838.8,85999.2,94743.4,86002.6,81216.8,81839.7,87824.0,86008.1,82559.4,96615.5,31.31%,27.67%,33.31%,27.67%,24.28%,26.57%,35.29%,27.67%,28.69%,40.76%,46.27%,32.87%,28.01%,32.87%,32.50%,36.40%,26.80%,32.87%,38.00%,40.74%,6.0,5.6,288.2,5.4,5.3,8.7,425.1,5.5,5.0,43.9,71.0,77.7,34.2,77.9,5.8,4.7,45.0,78.0,6.2,8.9,30.82%,27.41%,109.31%,27.40%,26.30%,27.02%,96.81%,27.40%,27.88%,19.83%,48.40%,40.22%,67.55%,40.12%,27.10%,42.87%,47.05%,40.05%,40.29%,15.17%
G1-M7,,100.00%,76.23%,0.59%,99.16%,0.05%,0.20%,0.50%,99.15%,0.23%,0.11%,227.9,258.7,6007.9,215.5,142.6,4667.4,6840.7,216.5,123.8,8143.0,6073.5,6686.9,2261.7,6729.7,84.0,314.2,2427.4,6730.7,133.8,644.6,2526.4,2787.9,924.5,2805.7,32.9,178.8,989.4,2806.1,71.5,308.0,77.27%,62.85%,81.98%,62.58%,122.01%,141.53%,75.90%,62.49%,108.63%,64.36%,59.20%,49.44%,61.67%,48.92%,646.25%,184.46%,65.87%,48.92%,369.32%,90.19%,55.81%,46.63%,45.58%,46.14%,130.02%,144.14%,48.17%,46.13%,197.29%,48.74%,53051.3,53540.3,55901.7,53540.2,49186.1,47671.8,53684.8,53545.2,52425.9,50915.7,78183.8,87667.6,93762.1,87658.0,78257.2,76682.9,89980.2,87673.0,81274.2,85614.6,31.03%,27.84%,26.04%,27.86%,29.60%,25.86%,25.37%,27.85%,29.67%,31.31%,45.56%,33.24%,32.40%,33.24%,35.96%,31.54%,29.86%,33.23%,34.85%,38.20%,6.2,6.1,68.7,5.6,5.3,62.4,79.7,5.6,5.3,99.7,74.7,81.3,28.2,81.8,5.7,8.9,30.9,81.8,5.9,10.6,30.46%,27.32%,80.46%,27.10%,34.08%,130.27%,72.06%,27.13%,33.24%,66.07%,45.88%,38.36%,39.06%,37.98%,32.41%,65.67%,38.60%,37.98%,40.29%,29.71%
G1-M8,,100.00%,74.28%,0.01%,99.85%,0.06%,0.08%,0.01%,99.71%,0.28%,0.00%,160.1,184.7,4146.5,184.3,146.1,167.0,4146.5,184.4,123.9,####,4883.6,5495.3,9874.0,5502.5,98.6,-77.1,9874.0,5509.6,222.3,####,2059.9,2321.8,3965.0,2324.9,23.6,10.1,3965.0,2327.9,108.0,####,85.32%,68.45%,58.92%,68.45%,62.29%,68.10%,58.92%,68.37%,96.18%,####,57.02%,45.88%,32.36%,45.80%,584.61%,1009.08%,32.36%,45.71%,338.06%,####,54.08%,43.11%,38.13%,43.02%,69.28%,146.44%,38.13%,42.95%,168.36%,####,51544.2,52564.9,56721.5,52573.4,47464.8,45206.4,56721.5,52573.1,49481.0,####,74109.9,84626.2,98636.0,84642.0,73577.9,71388.7,98636.0,84650.9,75254.0,####,31.18%,27.61%,17.67%,27.61%,22.69%,22.21%,17.67%,27.62%,25.78%,####,46.76%,32.97%,25.34%,32.97%,16.15%,31.90%,25.34%,32.97%,29.94%,####,5.7,5.4,49.4,5.4,5.6,5.7,49.4,5.4,5.1,####,60.4,66.2,112.0,66.2,6.3,4.6,112.0,66.3,6.6,####,31.01%,27.68%,59.10%,27.67%,32.28%,32.85%,59.10%,27.68%,30.59%,####,45.92%,36.98%,31.36%,36.91%,17.20%,33.13%,31.36%,36.85%,34.63%,####
G1-M9,,100.00%,74.85%,0.10%,99.74%,0.06%,0.09%,0.10%,99.62%,0.26%,0.02%,184.0,208.5,10158.6,197.4,149.9,1537.8,9764.1,197.6,147.8,9590.2,5861.7,6432.8,3051.6,6446.1,90.6,70.9,3085.9,6453.5,195.7,526.9,2398.9,2643.7,1184.3,2649.3,20.3,-27.9,1198.7,2652.4,19.7,259.8,81.53%,66.40%,96.08%,66.39%,85.43%,98.15%,80.87%,66.28%,102.78%,92.25%,59.33%,49.12%,90.44%,48.99%,892.13%,372.39%,91.39%,48.94%,1136.66%,78.28%,55.30%,45.53%,66.65%,45.43%,95.29%,371.31%,70.02%,45.36%,150.07%,53.97%,52675.7,52744.9,52709.9,52757.9,44015.4,44767.5,50516.3,52757.3,49280.0,46679.8,77964.6,87089.6,88067.6,87108.5,75031.3,74005.6,84699.4,87108.7,80574.0,88703.0,32.30%,28.52%,30.89%,28.51%,21.85%,31.36%,29.54%,28.51%,30.31%,28.37%,46.21%,33.45%,40.88%,33.44%,31.84%,29.04%,43.78%,33.42%,37.17%,26.54%,5.7,5.6,118.2,5.5,5.5,24.7,118.8,5.5,5.4,104.5,69.6,75.5,37.6,75.7,6.3,6.4,39.2,75.8,6.5,9.1,31.12%,27.72%,79.28%,27.71%,19.96%,45.91%,76.99%,27.70%,29.20%,77.05%,46.55%,38.88%,57.28%,38.77%,33.53%,48.81%,56.10%,38.72%,39.41%,22.24%
G1-M10,,100.00%,74.18%,61.71%,33.09%,0.07%,5.13%,59.65%,34.99%,0.25%,5.11%,7353.4,8486.5,10676.5,541.6,162.4,33525.4,10707.3,599.3,201.9,36972.0,3921.7,4414.8,3538.4,6590.2,89.7,983.8,3450.4,6567.4,94.2,1139.7,1662.2,1873.7,1500.3,2788.1,73.7,492.5,1461.8,2780.7,60.9,559.7,129.63%,128.20%,100.10%,58.29%,57.68%,56.60%,97.56%,60.87%,102.35%,54.51%,70.18%,59.61%,50.79%,42.23%,376.49%,63.35%,50.54%,41.94%,508.83%,61.27%,68.12%,58.15%,47.44%,39.34%,98.21%,31.87%,46.63%,39.05%,222.69%,39.90%,51031.8,52079.4,53108.2,50753.3,47261.4,48324.9,52034.6,51957.0,48840.4,53597.9,72855.2,83020.2,85048.7,80344.1,75489.7,75984.1,83660.0,81887.5,79610.6,83471.8,31.35%,27.78%,28.00%,27.34%,23.59%,25.89%,27.98%,27.43%,27.13%,26.85%,45.94%,32.41%,32.41%,31.92%,29.44%,31.75%,32.02%,32.70%,35.11%,34.73%,90.5,102.2,125.8,9.3,5.6,420.0,128.9,9.5,5.9,430.5,49.5,53.9,43.0,80.2,5.9,15.8,42.8,78.7,5.8,15.0,115.79%,118.89%,97.22%,37.06%,28.74%,49.87%,94.85%,39.42%,43.63%,48.90%,59.76%,52.24%,40.39%,31.94%,31.93%,30.96%,40.23%,32.32%,35.04%,23.98%
G2-M1,,100.00%,72.16%,3.60%,93.72%,0.06%,2.61%,2.63%,94.20%,0.47%,2.71%,572.5,661.6,3461.4,245.8,120.5,11718.9,3703.1,253.1,228.4,11996.1,2976.0,3397.3,1617.8,3550.8,73.2,427.4,1595.2,3545.5,355.2,517.9,1248.4,1428.7,683.5,1492.0,56.6,219.5,668.3,1489.6,240.5,253.5,82.33%,63.90%,73.60%,61.70%,131.20%,66.74%,62.45%,61.79%,122.91%,62.95%,69.34%,54.32%,61.45%,50.88%,334.94%,123.11%,63.54%,50.87%,165.29%,115.52%,64.27%,49.73%,41.75%,46.60%,104.58%,71.08%,41.46%,46.60%,119.56%,71.21%,55998.5,56306.8,59373.2,56249.2,49051.3,54315.1,56556.8,56302.9,54009.1,56598.2,75511.7,86366.0,92964.4,86205.1,75355.2,83294.3,89255.4,86329.4,72816.1,87176.9,31.49%,27.60%,27.94%,27.55%,33.22%,26.86%,28.68%,27.60%,24.95%,27.39%,48.11%,33.32%,34.24%,33.25%,37.25%,31.84%,33.24%,33.27%,36.91%,32.96%,10.0,10.2,38.7,5.6,5.3,134.2,43.7,5.7,5.8,134.8,35.3,39.2,19.5,40.8,5.7,8.3,20.5,40.7,7.0,8.5,35.40%,30.47%,68.54%,28.47%,31.07%,62.34%,56.92%,28.68%,34.05%,61.57%,50.35%,40.78%,33.68%,38.00%,34.75%,41.92%,28.34%,38.11%,37.25%,38.75%
G2-M2,,100.00%,74.16%,0.60%,98.77%,0.06%,0.58%,0.43%,98.64%,0.40%,0.54%,262.4,300.2,3367.4,233.9,189.3,8516.0,3863.1,235.2,202.9,9491.8,3566.6,4011.4,1588.6,4049.8,109.2,352.8,1564.6,4055.8,411.6,461.1,1476.6,1663.0,665.7,1678.5,87.7,199.4,641.1,1680.7,283.6,233.3,76.80%,61.00%,77.71%,60.61%,86.18%,91.50%,67.50%,60.57%,97.75%,72.45%,64.07%,52.50%,63.04%,51.82%,182.17%,142.69%,65.86%,51.73%,139.44%,114.55%,59.79%,48.80%,42.64%,48.15%,87.21%,78.27%,40.79%,48.04%,114.57%,62.78%,56813.8,56725.1,60508.7,56722.2,57276.9,53226.3,56790.9,56730.4,56598.3,55791.0,76764.3,86993.9,93970.6,86988.1,83699.9,81085.3,88172.5,87034.9,78825.2,84547.8,30.69%,27.54%,28.32%,27.54%,27.45%,26.07%,28.51%,27.56%,26.07%,24.83%,46.80%,33.36%,36.49%,33.34%,29.65%,33.28%,35.26%,33.33%,38.71%,33.03%,6.3,6.2,38.0,5.5,5.2,99.7,45.4,5.5,5.4,109.1,41.1,45.4,18.9,45.8,5.4,7.8,20.0,45.9,7.3,8.1,31.12%,27.35%,73.08%,27.00%,37.48%,85.04%,58.21%,27.03%,31.55%,66.51%,48.53%,40.65%,35.11%,40.08%,35.65%,39.45%,29.80%,39.99%,35.41%,34.83%
G2-M3,,100.00%,74.27%,1.89%,96.75%,0.06%,1.29%,1.43%,96.96%,0.30%,1.31%,389.5,449.7,3703.3,239.4,162.7,11449.8,4078.2,242.9,203.0,11874.9,3945.3,4438.7,1824.4,4546.1,103.1,430.3,1817.5,4543.0,291.4,520.8,1649.5,1859.4,761.2,1904.0,57.3,212.2,755.6,1902.6,174.4,249.1,75.59%,59.77%,78.03%,58.65%,63.01%,68.57%,66.41%,58.76%,84.98%,62.28%,64.19%,51.75%,61.78%,49.89%,608.71%,114.07%,63.03%,49.92%,208.49%,108.24%,60.73%,48.41%,44.78%,46.63%,89.29%,67.08%,45.11%,46.68%,142.04%,66.50%,56664.8,56813.9,59551.6,56788.4,51600.7,54967.0,57264.8,56808.3,55319.2,57075.4,77018.4,87654.3,92358.3,87602.5,78062.0,85112.9,89516.7,87640.6,82731.3,87754.6,30.49%,27.17%,28.84%,27.17%,27.59%,24.52%,29.28%,27.17%,25.87%,25.62%,47.04%,33.78%,34.33%,33.78%,36.78%,31.56%,33.65%,33.79%,38.78%,32.56%,7.9,7.8,41.6,5.5,5.3,130.2,47.8,5.5,5.4,132.6,46.0,51.0,21.8,52.2,6.0,8.4,22.7,52.1,6.7,8.6,31.92%,28.01%,71.32%,27.11%,36.37%,62.36%,62.73%,27.20%,34.02%,60.34%,48.79%,40.00%,37.88%,38.54%,25.27%,41.52%,33.57%,38.58%,44.94%,38.62%
G2-M4,,100.00%,74.67%,18.50%,68.45%,0.05%,13.00%,15.58%,70.29%,0.24%,13.89%,2970.2,3382.9,5300.8,299.0,114.6,16902.1,5199.2,325.7,178.3,16874.2,3447.6,3837.7,2168.3,4923.3,66.7,512.4,2093.8,4878.3,182.1,589.8,1445.5,1612.8,912.9,2063.0,5.9,245.4,877.6,2044.9,111.4,276.5,101.20%,89.62%,84.49%,59.20%,115.44%,56.87%,73.30%,60.27%,100.83%,55.35%,85.84%,72.11%,58.11%,48.45%,2366.87%,113.10%,58.02%,48.62%,280.93%,108.60%,84.10%,69.91%,46.06%,45.55%,109.67%,63.63%,45.04%,45.79%,178.96%,67.09%,56499.1,56097.3,58784.0,55662.3,47929.3,54598.2,56447.8,55922.1,52415.4,56654.2,76586.4,86591.1,91225.9,85881.9,76640.1,83771.4,87942.9,86235.0,82308.3,86950.5,30.57%,27.59%,27.81%,27.50%,21.96%,27.02%,28.29%,27.53%,25.51%,27.13%,46.12%,33.44%,33.98%,33.25%,32.63%,33.05%,33.07%,33.43%,34.17%,33.65%,35.8,40.3,58.6,6.2,5.4,193.9,60.5,6.4,5.5,189.7,39.9,44.0,25.2,55.7,5.6,9.1,25.5,55.0,6.0,9.2,56.29%,51.90%,78.73%,29.34%,26.73%,49.80%,68.87%,30.38%,30.09%,51.63%,71.19%,59.95%,38.83%,37.23%,34.17%,40.56%,34.68%,37.82%,46.98%,40.18%
G2-M5,,100.00%,73.93%,0.01%,17.47%,29.78%,52.75%,0.00%,0.01%,99.99%,0.00%,145.2,165.3,652.6,83.4,164.0,193.2,####,174.2,165.3,####,17.7,19.4,491.8,227.4,86.6,-87.5,####,3550.3,19.1,####,24.0,26.1,86.1,33.4,27.6,22.8,####,1608.7,25.9,####,91.75%,75.63%,7.52%,135.37%,60.37%,68.17%,####,87.80%,75.63%,####,1730.14%,1392.58%,520.19%,963.32%,1198.47%,1851.85%,####,128.59%,1392.58%,####,1640.86%,1346.58%,1.63%,50.58%,82.70%,112.64%,####,123.65%,1346.58%,####,58148.4,56926.0,102619.7,55558.2,56314.6,57719.4,####,42483.9,56927.3,####,79069.5,88398.7,137587.7,84025.1,87452.2,90376.4,####,76950.6,88399.8,####,31.33%,28.04%,1.67%,27.41%,27.99%,28.16%,####,3.97%,28.04%,####,46.93%,34.04%,36.05%,33.34%,33.57%,34.32%,####,11.18%,34.04%,####,5.0,4.9,6.9,4.5,4.9,5.0,####,6.6,4.9,####,4.8,4.5,8.0,6.2,5.0,3.8,####,52.8,4.5,####,32.08%,28.57%,16.56%,30.93%,28.60%,27.43%,####,44.20%,28.56%,####,40.46%,38.44%,6.53%,31.21%,30.55%,36.28%,####,76.38%,38.43%,####
G2-M6,,100.00%,72.17%,1.04%,97.98%,0.10%,0.88%,0.73%,97.84%,0.64%,0.79%,301.6,341.6,3307.9,235.9,134.5,8624.5,3691.8,238.3,203.8,10211.2,3574.7,3945.7,2045.3,4002.0,92.7,351.2,1709.4,4013.9,318.8,493.0,1486.8,1647.3,848.3,1670.6,123.2,165.9,701.5,1675.2,220.4,215.6,74.64%,58.72%,75.87%,58.00%,90.11%,96.23%,60.75%,57.95%,112.31%,66.48%,65.40%,53.79%,69.73%,52.61%,133.00%,158.76%,70.27%,52.42%,137.53%,127.14%,61.40%,50.60%,46.56%,49.43%,122.73%,85.82%,48.33%,49.32%,127.61%,71.22%,62049.5,59992.5,65544.0,59970.9,56448.8,56243.6,62798.6,59995.9,57299.5,59179.8,80586.4,90394.9,98657.6,90376.6,82830.2,83533.3,94370.7,90431.8,82777.0,88355.4,30.39%,27.51%,30.00%,27.52%,25.53%,24.77%,32.46%,27.53%,25.24%,24.16%,46.94%,33.96%,35.48%,33.93%,36.76%,33.36%,35.57%,33.94%,36.13%,33.92%,6.2,6.3,34.6,5.2,4.6,95.0,40.3,5.3,5.2,109.9,39.5,44.2,20.7,44.8,5.4,7.7,20.7,44.9,6.7,8.3,30.71%,26.84%,67.59%,26.30%,34.65%,83.92%,53.20%,26.37%,31.85%,62.86%,49.03%,40.46%,37.43%,39.49%,29.84%,43.54%,31.39%,39.39%,42.96%,36.26%
G2-M7,,100.00%,77.79%,26.00%,57.62%,0.11%,16.27%,23.46%,59.73%,0.31%,16.50%,3465.0,3813.1,4817.1,324.2,139.2,14592.7,4834.0,358.4,202.0,14935.5,2995.0,3261.5,1981.5,4616.4,75.5,529.7,1870.5,4564.2,92.6,583.0,1261.8,1375.8,836.4,1935.9,33.5,262.9,787.8,1915.4,46.9,283.4,117.86%,110.75%,79.54%,55.38%,64.88%,56.70%,71.13%,57.31%,97.19%,53.44%,87.81%,79.79%,55.56%,48.12%,314.38%,96.57%,55.76%,48.01%,431.44%,94.28%,87.56%,79.00%,45.20%,45.55%,90.13%,57.71%,44.92%,45.53%,221.28%,62.45%,57976.4,56951.8,58865.3,56498.7,47056.7,55566.4,56478.3,56919.1,52414.5,57829.2,75387.1,81176.6,84747.8,80238.8,64037.0,78908.6,81255.6,80871.5,73182.5,82319.4,28.26%,25.52%,25.89%,25.23%,18.44%,25.20%,26.08%,25.29%,25.34%,25.29%,44.23%,33.94%,33.52%,34.16%,36.06%,33.32%,33.21%,34.28%,35.81%,34.04%,43.4,47.8,57.1,6.6,5.6,179.1,60.6,6.8,5.9,178.5,38.0,41.2,25.3,57.3,5.2,9.8,25.2,56.4,5.3,9.6,78.39%,77.25%,74.48%,31.74%,33.93%,49.16%,68.03%,33.10%,37.46%,49.39%,76.56%,69.17%,36.79%,36.74%,37.90%,39.43%,34.12%,37.50%,40.39%,37.33%
G2-M8,,100.00%,78.27%,0.01%,99.47%,0.36%,0.16%,0.01%,97.66%,2.32%,0.01%,156.9,173.7,4429.8,171.5,163.7,1174.1,5399.6,172.1,147.8,14244.6,2189.5,2379.9,3956.2,2391.6,105.3,-31.3,3214.6,2427.6,377.9,270.3,940.1,1021.6,1722.6,1026.2,122.1,94.1,1643.7,1039.8,254.8,184.1,76.90%,64.81%,86.81%,64.81%,71.09%,48.00%,112.13%,64.68%,75.15%,2.81%,67.84%,59.60%,58.87%,59.11%,208.74%,198.85%,89.87%,57.79%,110.38%,42.82%,63.51%,55.44%,62.93%,55.06%,83.27%,158.11%,47.88%,53.85%,70.41%,145.12%,57977.5,57296.8,56934.4,57320.4,51859.4,54741.8,52356.7,57302.9,57090.9,51510.4,76255.2,82163.1,82171.8,82200.9,72719.3,79684.7,76205.5,82230.0,79403.0,75369.7,27.81%,25.49%,18.78%,25.47%,26.68%,33.17%,19.28%,25.48%,24.87%,4.99%,44.05%,33.76%,39.09%,33.74%,31.84%,31.79%,4.99%,33.68%,38.70%,2.98%,4.9,5.0,60.1,5.0,5.3,17.4,75.3,5.0,4.7,176.1,31.9,34.5,50.3,34.6,5.9,4.2,46.0,35.1,7.5,9.5,31.39%,28.72%,99.39%,28.71%,32.41%,20.68%,99.32%,28.64%,28.59%,19.31%,50.17%,43.30%,57.11%,43.04%,38.99%,33.22%,33.65%,41.97%,27.24%,52.30%
G2-M9,,100.00%,78.50%,0.60%,98.75%,0.07%,0.58%,0.34%,98.33%,0.71%,0.62%,320.6,350.6,5892.8,208.8,168.3,18855.4,4524.5,209.5,186.2,20745.8,3353.2,3567.1,1203.4,3603.9,50.3,180.1,1423.9,3618.0,294.1,418.7,1402.2,1496.0,488.8,1511.2,96.6,132.4,571.2,1516.9,174.3,198.7,68.76%,58.14%,95.31%,57.80%,70.34%,144.53%,70.28%,57.61%,89.55%,90.98%,60.88%,52.59%,76.82%,51.77%,292.38%,180.68%,67.00%,51.45%,174.44%,112.23%,57.67%,49.68%,51.43%,48.92%,90.96%,153.69%,45.30%,48.71%,134.68%,83.05%,60284.6,58723.1,60394.0,58737.7,48230.5,55810.5,58316.2,58750.1,54788.6,59185.4,79146.0,85520.2,89804.9,85534.8,70635.8,80465.7,87971.8,85585.4,74850.0,86092.6,28.70%,26.23%,26.07%,26.23%,20.88%,27.33%,27.56%,26.25%,25.58%,25.63%,44.41%,34.70%,34.89%,34.70%,28.40%,35.97%,32.06%,34.70%,36.09%,34.88%,6.5,6.8,67.0,5.2,5.4,221.3,54.2,5.2,5.3,239.9,40.6,43.8,16.5,44.2,4.8,5.9,20.0,44.3,6.6,7.9,31.05%,28.39%,83.69%,28.06%,33.56%,141.50%,63.37%,28.05%,33.53%,97.00%,46.56%,40.22%,39.82%,39.58%,29.77%,44.38%,31.23%,39.35%,45.79%,43.38%
G2-M10,,100.00%,76.02%,0.17%,0.09%,0.04%,99.70%,0.15%,0.07%,0.25%,99.54%,61973.0,64653.8,56157.9,208.4,146.0,64751.9,45616.7,277.5,373.3,64885.1,273.0,276.7,3717.5,4834.8,75.7,267.1,3814.7,6131.1,25.2,268.2,137.7,139.7,1528.0,1958.1,-15.9,135.9,1566.6,2487.7,89.8,136.1,62.00%,52.20%,106.80%,65.48%,91.44%,52.08%,82.57%,42.87%,81.15%,51.99%,171.81%,160.06%,51.63%,110.20%,1282.04%,160.23%,75.66%,79.56%,231.66%,160.23%,90.79%,82.16%,37.11%,136.19%,109.03%,81.98%,52.02%,69.36%,477.53%,81.88%,66833.9,63047.0,67377.0,55331.7,47996.0,63052.9,58960.5,61921.0,53138.0,63078.3,85269.9,88967.2,93404.4,80530.9,66182.0,88977.0,79616.7,90171.7,72485.2,89020.9,28.93%,25.99%,29.69%,25.83%,14.91%,25.96%,27.53%,30.80%,21.74%,25.96%,44.25%,34.55%,39.77%,36.66%,21.33%,34.53%,34.11%,34.41%,33.67%,34.53%,637.2,701.4,573.0,5.8,5.4,702.5,534.0,6.1,7.4,703.9,6.0,6.3,42.3,52.4,5.2,6.2,46.2,64.9,4.6,6.2,52.83%,43.74%,83.73%,35.41%,46.99%,43.60%,78.98%,35.16%,39.00%,43.47%,39.05%,37.33%,38.62%,107.45%,32.98%,37.24%,30.34%,51.43%,39.48%,37.26%
G3-M1,,100.00%,71.82%,3.87%,80.08%,0.17%,15.89%,3.54%,80.16%,0.70%,15.60%,2639.4,2985.1,5776.5,224.3,110.6,16251.6,5953.8,229.2,118.2,16597.4,2708.9,3012.0,1939.5,3621.7,67.6,231.2,1876.5,3626.0,135.6,244.6,1122.3,1252.3,785.1,1506.1,101.4,98.6,755.4,1507.9,106.1,103.3,84.17%,69.71%,90.21%,58.24%,80.77%,53.78%,80.92%,58.13%,121.29%,52.13%,87.39%,71.59%,67.45%,51.23%,253.24%,254.67%,72.47%,51.12%,268.94%,250.41%,81.21%,64.34%,46.84%,46.69%,115.31%,124.92%,53.15%,46.63%,227.45%,121.12%,54228.5,54256.8,64241.4,53950.8,50929.0,53404.2,60736.2,54016.9,51222.6,54156.8,66715.2,75602.2,90261.6,74977.6,69448.8,75247.3,85813.9,75069.8,68585.5,76337.4,31.25%,26.87%,33.05%,26.56%,23.03%,26.91%,34.90%,26.57%,25.96%,27.13%,47.88%,34.51%,40.49%,34.23%,34.50%,34.30%,40.54%,34.25%,36.36%,34.36%,35.4,39.6,65.7,5.7,4.8,204.6,72.3,5.7,4.9,207.8,36.5,39.8,24.1,47.1,5.3,6.7,24.8,47.2,5.5,6.7,42.57%,38.12%,81.88%,29.11%,28.19%,47.14%,76.10%,29.19%,34.95%,46.06%,65.21%,52.76%,39.25%,38.11%,40.13%,47.08%,35.41%,38.12%,46.42%,46.64%
G3-M2,,100.00%,73.33%,0.98%,95.41%,0.22%,3.38%,0.90%,95.19%,0.75%,3.17%,605.0,680.9,4840.4,209.3,131.8,12804.4,5016.4,210.7,117.1,13702.9,3601.7,3967.0,1845.7,4128.3,83.0,288.6,1812.5,4138.6,169.6,318.4,1465.9,1619.0,745.6,1684.3,102.0,128.5,719.4,1688.5,117.9,139.1,73.36%,59.95%,83.66%,58.05%,72.06%,54.15%,76.04%,57.93%,107.41%,48.35%,65.60%,54.58%,62.77%,51.40%,202.87%,183.45%,72.18%,51.20%,179.62%,177.86%,61.68%,50.88%,44.46%,48.01%,95.52%,103.47%,50.07%,47.84%,163.19%,93.33%,55854.3,55250.1,62027.3,55240.8,49650.2,53913.7,58633.4,55256.1,50361.1,55265.3,70044.4,77156.9,86713.9,77102.5,67655.0,76541.2,82307.2,77140.6,67098.4,78560.2,30.86%,26.76%,29.80%,26.75%,26.34%,26.53%,30.66%,26.77%,25.54%,26.09%,47.33%,34.86%,37.37%,34.82%,33.03%,34.83%,35.71%,34.83%,33.13%,35.81%,10.5,11.2,55.7,5.5,5.2,159.9,62.2,5.5,4.9,169.6,46.4,50.5,23.3,52.4,5.5,7.3,24.1,52.5,5.9,7.3,34.20%,30.43%,78.79%,29.04%,42.87%,46.35%,69.57%,29.05%,36.83%,42.36%,49.51%,41.98%,35.54%,39.71%,28.01%,44.68%,32.90%,39.57%,41.67%,42.66%
G3-M3,,100.00%,73.33%,2.59%,89.20%,0.21%,7.99%,2.48%,89.01%,0.77%,7.75%,1398.8,1572.3,5936.6,218.9,130.9,15301.4,5953.4,221.0,111.6,15836.4,3945.1,4317.0,2304.8,4746.2,79.5,291.1,2274.8,4758.6,137.5,311.5,1616.6,1775.1,927.6,1953.0,77.8,109.5,913.0,1958.1,87.2,116.0,76.55%,63.29%,86.10%,58.65%,80.35%,52.21%,81.24%,58.44%,118.80%,49.59%,70.83%,57.99%,72.04%,49.74%,304.36%,234.15%,76.86%,49.57%,285.83%,226.74%,65.84%,53.80%,52.64%,46.34%,79.25%,99.05%,57.07%,46.17%,175.65%,94.76%,55300.0,54909.0,63778.6,54785.0,47777.7,53605.6,61101.8,54821.9,48431.0,54570.5,69151.4,77053.5,89886.7,76767.1,69003.6,76301.0,86224.1,76830.4,66143.8,77763.9,31.42%,27.09%,33.63%,26.94%,27.20%,26.97%,35.22%,26.93%,26.12%,27.18%,47.09%,34.81%,42.21%,34.59%,35.52%,34.75%,41.04%,34.61%,32.17%,35.19%,20.0,22.1,69.1,5.6,5.2,191.6,73.8,5.6,4.9,196.8,50.4,54.7,27.8,59.8,5.7,7.3,28.6,60.0,5.7,7.3,36.55%,32.62%,79.32%,28.83%,36.97%,46.40%,73.70%,28.83%,36.45%,44.48%,53.55%,44.68%,42.99%,38.34%,34.02%,46.04%,40.32%,38.24%,43.19%,45.34%
G3-M4,,100.00%,71.17%,10.29%,33.62%,0.23%,55.86%,9.76%,33.99%,0.82%,55.42%,11508.9,13117.9,6687.3,286.3,199.5,22078.0,6576.3,305.4,233.6,22319.5,1941.9,2126.5,2095.4,5210.5,121.3,284.6,1983.1,5204.9,109.1,293.8,820.3,900.4,877.4,2182.4,117.4,136.4,827.3,2179.6,101.3,140.7,144.15%,143.23%,86.85%,56.66%,57.79%,49.39%,80.21%,57.15%,86.62%,48.65%,160.79%,159.82%,57.59%,49.77%,154.81%,172.41%,61.67%,49.55%,233.73%,171.82%,140.79%,138.46%,45.00%,47.42%,76.69%,94.54%,49.06%,47.22%,188.54%,93.62%,55936.6,55604.2,59782.0,54515.2,46800.9,55527.1,56467.8,54786.6,49106.4,56050.2,67192.1,75863.1,81772.6,73426.4,61002.2,76303.4,77255.2,73785.9,64666.9,77058.3,31.34%,26.75%,28.02%,26.13%,21.95%,26.71%,28.48%,26.24%,23.63%,26.77%,48.35%,34.88%,35.90%,33.80%,32.55%,35.07%,34.82%,33.97%,33.46%,35.20%,141.6,161.5,77.1,6.3,6.0,271.1,82.4,6.4,6.2,272.9,26.9,29.0,26.7,66.2,5.8,7.0,26.8,66.0,5.5,7.0,139.96%,140.14%,81.22%,31.42%,33.58%,43.13%,76.80%,32.07%,38.29%,42.79%,91.85%,93.46%,39.44%,40.86%,28.41%,43.31%,35.66%,40.99%,40.80%,43.13%
G3-M5,,100.00%,72.46%,0.01%,14.19%,32.94%,52.86%,0.01%,1.03%,98.95%,0.02%,140.9,160.4,4909.4,78.0,155.8,184.5,6951.3,133.7,157.0,16669.5,17.3,17.7,1192.6,208.7,79.8,-72.6,1434.0,354.6,14.0,266.2,23.7,24.7,634.3,32.9,25.7,21.8,700.8,65.2,24.3,149.3,85.48%,70.35%,95.67%,130.17%,56.87%,65.60%,83.58%,73.51%,70.31%,73.40%,1518.97%,1291.98%,54.71%,827.85%,1117.03%,1727.07%,30.16%,636.31%,1311.62%,171.57%,1655.23%,1349.17%,45.39%,48.69%,80.94%,109.92%,17.42%,57.13%,1601.21%,79.51%,53965.3,54111.3,66184.5,52261.8,53655.7,54889.9,59670.7,42630.5,54230.3,54442.9,66716.5,74992.5,94571.9,70727.8,74476.9,76455.6,87759.3,60978.3,75134.8,88273.0,30.28%,26.07%,47.53%,24.55%,25.65%,26.62%,21.55%,17.83%,25.98%,33.31%,47.16%,33.86%,34.46%,32.65%,33.01%,34.63%,28.42%,25.01%,33.86%,30.64%,5.0,5.1,53.6,4.5,5.1,5.3,75.7,6.0,5.0,211.9,4.5,4.4,17.3,6.5,5.0,3.4,21.4,12.9,4.3,7.1,33.55%,30.50%,113.60%,32.91%,29.91%,29.52%,57.92%,29.05%,30.45%,50.72%,45.09%,43.18%,42.89%,31.40%,31.52%,41.35%,15.38%,9.76%,42.78%,28.51%
G3-M6,,100.00%,74.42%,1.85%,92.17%,0.29%,5.68%,1.69%,91.92%,1.01%,5.37%,862.3,967.9,4618.6,211.2,125.9,12087.7,4631.8,213.5,110.8,12878.3,3586.1,3915.1,1667.8,4193.9,77.8,321.9,1569.7,4207.9,138.0,357.9,1492.1,1632.4,690.6,1747.2,109.0,154.8,640.6,1752.9,118.7,168.5,74.28%,62.11%,81.47%,59.04%,70.48%,55.46%,71.06%,58.78%,112.88%,50.54%,65.31%,54.49%,58.08%,48.84%,187.46%,162.64%,64.35%,48.60%,192.02%,154.29%,61.28%,50.62%,39.78%,45.52%,92.88%,87.22%,44.72%,45.34%,194.05%,79.42%,57262.5,56353.6,60616.4,56382.5,50189.6,54807.0,57270.6,56404.3,51999.7,56019.0,70458.4,77525.1,83922.9,77567.2,69192.4,75178.8,79610.0,77611.6,69605.0,76884.2,29.71%,26.16%,28.39%,26.11%,24.23%,25.75%,29.34%,26.13%,24.91%,25.84%,45.86%,34.37%,35.85%,34.31%,29.74%,34.09%,35.13%,34.31%,32.22%,34.96%,13.3,14.5,53.5,5.4,5.2,149.8,58.1,5.4,4.9,157.9,45.2,49.1,21.5,52.4,5.3,7.5,21.7,52.5,5.6,7.5,34.90%,31.44%,75.19%,28.87%,32.88%,48.01%,70.12%,28.87%,34.70%,44.40%,50.86%,42.74%,34.37%,38.32%,34.07%,44.50%,29.94%,38.17%,46.68%,41.67%
G3-M7,,100.00%,75.49%,10.65%,14.88%,0.16%,74.31%,10.41%,15.10%,0.53%,73.96%,16564.0,18412.1,7722.4,333.7,168.7,23604.0,7459.0,360.0,217.1,23768.5,1223.0,1315.8,2188.6,5870.4,90.8,281.3,2096.7,5855.2,84.5,288.0,521.0,561.5,910.2,2448.1,113.1,134.7,867.4,2442.8,95.4,137.7,98.91%,77.77%,88.83%,59.06%,64.29%,48.12%,82.11%,59.78%,90.20%,47.66%,162.51%,154.11%,61.15%,53.57%,226.82%,173.34%,65.39%,53.17%,266.45%,173.27%,120.06%,112.52%,46.60%,52.64%,83.65%,94.86%,51.66%,52.12%,217.20%,94.31%,55920.6,55542.5,59370.2,54136.1,48965.5,55290.1,56137.4,54533.5,49651.8,55706.7,70787.8,78189.0,83025.6,74494.2,67346.0,78259.6,78562.5,74978.8,67989.5,78864.4,30.34%,26.68%,28.29%,25.43%,20.10%,26.73%,27.61%,25.39%,23.71%,26.83%,46.03%,34.83%,35.98%,33.28%,28.22%,34.89%,34.77%,33.60%,33.84%,34.96%,202.3,225.6,88.3,6.9,5.5,289.5,93.0,7.1,6.0,290.4,18.3,19.3,27.9,74.5,5.3,7.0,28.2,74.0,5.3,7.0,89.42%,69.02%,81.78%,33.23%,32.32%,40.94%,78.76%,34.02%,38.21%,40.76%,62.33%,61.24%,40.81%,47.44%,32.92%,42.62%,36.59%,47.83%,39.50%,42.51%
G3-M8,,100.00%,75.75%,0.01%,98.76%,0.76%,0.48%,0.00%,94.82%,5.16%,0.01%,156.4,174.2,1819.4,172.6,165.1,490.6,2844.7,174.0,143.0,16031.1,2301.1,2506.0,3362.5,2536.7,107.2,-59.8,2989.0,2621.3,393.5,123.1,966.4,1053.6,1271.3,1065.6,112.9,65.7,1203.3,1098.8,225.4,240.4,80.85%,68.11%,50.36%,68.03%,57.75%,92.69%,26.68%,67.29%,82.91%,53.75%,72.17%,62.53%,16.72%,61.27%,183.78%,313.88%,2.53%,58.08%,119.02%,86.04%,67.58%,58.14%,59.12%,57.05%,76.92%,114.94%,36.92%,53.81%,83.45%,207.99%,56818.7,56289.8,64801.9,56358.2,51248.4,49995.3,49769.8,56279.6,56486.9,53114.4,73239.1,80970.5,98112.5,81056.1,75601.7,71511.5,65820.0,81041.2,79697.1,72193.7,29.96%,26.48%,29.40%,26.45%,26.50%,23.34%,8.41%,26.48%,26.12%,31.14%,46.46%,34.71%,29.60%,34.69%,33.46%,35.33%,1.87%,34.57%,37.45%,26.46%,5.0,5.1,22.9,5.1,5.4,9.9,39.9,5.1,4.7,213.9,30.2,32.6,36.6,32.9,5.5,3.9,41.5,34.0,7.3,5.5,32.85%,29.81%,58.66%,29.78%,30.73%,32.79%,13.07%,29.75%,30.66%,32.90%,55.99%,48.99%,64.43%,48.06%,31.34%,38.89%,44.30%,45.33%,31.71%,62.14%
G3-M9,,100.00%,74.02%,0.58%,96.47%,0.30%,2.66%,0.51%,95.95%,1.16%,2.38%,806.4,911.1,6395.8,191.5,133.8,25882.3,6648.7,192.6,124.3,29053.6,3326.2,3674.8,1672.0,3791.6,81.5,275.3,1682.9,3810.5,196.8,329.1,1382.5,1530.2,685.0,1578.1,95.5,137.0,676.9,1585.8,139.2,150.4,77.90%,63.99%,95.20%,63.00%,72.58%,82.47%,85.73%,62.68%,107.08%,67.24%,63.97%,52.99%,61.60%,50.39%,197.97%,179.23%,65.62%,50.05%,184.05%,167.68%,60.12%,49.33%,42.25%,46.99%,101.98%,114.87%,49.75%,46.63%,155.37%,91.95%,55437.6,55195.3,61651.8,55193.6,47194.0,54748.2,57229.7,55212.4,50360.6,56439.3,69354.3,77781.8,88693.9,77769.3,64100.6,77396.9,81681.8,77827.0,67639.9,80090.5,29.39%,25.79%,30.66%,25.79%,23.70%,25.15%,27.66%,25.80%,24.69%,25.30%,46.81%,34.21%,36.24%,34.23%,32.39%,33.00%,30.71%,34.22%,31.97%,32.98%,12.7,13.9,70.6,5.3,5.3,313.7,79.9,5.3,5.0,350.3,43.3,47.2,21.4,48.6,5.7,7.0,23.1,48.8,6.2,7.3,33.93%,30.50%,90.64%,29.57%,31.06%,75.70%,80.49%,29.54%,35.62%,61.81%,49.53%,41.50%,38.04%,39.57%,32.20%,49.65%,34.10%,39.34%,46.66%,45.30%
G3-M10,,100.00%,71.12%,0.02%,0.37%,0.53%,99.08%,0.03%,0.18%,2.14%,97.65%,48242.9,47688.6,14948.8,197.3,248.7,48125.2,17252.7,296.4,391.0,48821.7,154.5,151.1,1305.8,889.8,134.8,148.2,896.2,1539.1,70.4,150.1,88.6,84.7,688.1,414.7,105.3,83.2,438.3,698.5,83.3,83.5,74.70%,60.02%,30.67%,70.48%,48.66%,59.25%,127.32%,76.45%,60.28%,58.20%,264.67%,256.28%,97.79%,145.82%,180.58%,257.85%,68.49%,120.61%,284.09%,256.53%,132.34%,121.42%,18.05%,54.79%,67.17%,122.21%,38.26%,89.71%,234.08%,120.08%,64390.5,59246.3,79003.5,48701.8,45991.3,59352.1,46610.0,46387.7,49835.5,59480.1,76905.9,76016.6,88475.5,65801.2,59550.3,76139.7,57776.8,63957.1,64006.0,76307.6,33.86%,27.99%,26.19%,31.27%,22.77%,27.93%,26.17%,25.02%,26.53%,27.94%,51.76%,38.63%,36.01%,32.75%,32.67%,38.62%,45.26%,35.39%,35.51%,38.56%,500.0,545.2,132.5,6.0,6.6,550.2,225.5,7.2,7.8,558.1,5.3,5.4,14.1,15.3,6.2,5.3,19.2,25.0,5.0,5.3,65.86%,52.89%,30.75%,33.72%,27.47%,52.26%,116.46%,42.74%,35.43%,51.25%,41.33%,39.02%,39.42%,47.85%,36.49%,38.91%,28.86%,36.51%,43.64%,38.84%
G4-M1,,100.00%,71.84%,0.77%,68.47%,2.16%,28.60%,5.32%,68.46%,1.29%,24.93%,7042.4,7880.8,3640.1,199.3,278.0,26957.5,7043.2,193.4,150.9,29573.6,2333.3,2599.5,2472.4,3626.0,218.3,325.2,1393.8,3610.7,61.8,211.5,970.9,1082.3,1011.9,1502.9,145.2,148.0,572.3,1497.1,72.9,104.4,102.80%,91.97%,50.08%,66.00%,80.50%,54.51%,102.31%,65.74%,84.60%,45.94%,115.31%,99.32%,44.29%,52.58%,199.26%,189.64%,68.67%,52.95%,381.19%,221.80%,120.13%,99.99%,30.52%,48.73%,152.99%,111.13%,48.64%,49.04%,279.46%,105.85%,38591.6,37787.3,42949.3,37595.6,33150.6,38456.0,36622.5,37562.9,35016.1,38796.1,54995.5,56762.8,67705.8,56326.9,49249.8,58076.7,55432.9,56259.2,52330.8,58659.7,30.32%,25.25%,25.41%,25.10%,24.45%,25.45%,26.67%,25.05%,27.84%,25.05%,45.68%,34.87%,31.82%,34.45%,32.88%,34.84%,34.12%,34.45%,35.31%,34.58%,117.5,133.6,58.2,7.3,9.7,447.2,124.7,7.2,7.2,489.1,46.2,51.0,43.9,69.2,10.6,10.6,30.6,68.9,6.4,8.4,56.66%,51.43%,47.54%,31.22%,38.88%,47.66%,98.98%,31.01%,31.15%,39.19%,98.73%,81.81%,29.28%,40.22%,53.58%,48.58%,36.94%,40.51%,34.11%,41.19%
G4-M2,,100.00%,73.75%,0.27%,92.36%,0.71%,6.66%,1.79%,92.18%,0.50%,5.54%,1550.9,1630.5,3545.4,154.3,258.4,22159.9,5969.9,152.8,92.2,24958.7,2955.8,3174.8,2471.4,3401.5,187.1,381.8,1394.4,3402.7,43.4,237.5,1204.4,1291.3,990.5,1381.9,135.0,170.8,561.5,1382.5,58.7,118.5,90.60%,78.63%,54.42%,76.53%,110.59%,59.51%,110.78%,76.54%,130.94%,47.94%,69.61%,57.08%,32.86%,51.34%,283.73%,155.62%,68.22%,51.34%,426.97%,180.20%,64.91%,51.98%,22.60%,46.88%,204.70%,100.96%,49.73%,46.87%,463.43%,95.18%,35829.1,34229.0,40089.3,34160.2,30866.1,35309.3,33239.3,34166.8,32643.9,35726.3,54319.4,52723.8,63734.5,52602.6,45646.4,54721.9,51866.8,52599.4,48073.8,55486.1,31.04%,26.11%,21.90%,26.05%,29.31%,26.26%,26.24%,26.04%,30.12%,26.57%,43.78%,34.44%,34.82%,34.30%,33.99%,35.63%,34.39%,34.33%,40.67%,35.46%,31.1,33.5,58.2,7.4,10.2,396.7,116.3,7.3,6.6,444.1,57.4,62.5,44.7,66.6,10.2,12.1,31.5,66.6,6.4,9.2,38.46%,34.40%,50.34%,31.72%,39.80%,52.17%,104.51%,31.63%,28.62%,41.44%,52.17%,42.90%,27.66%,38.60%,55.99%,49.51%,37.35%,38.65%,33.84%,39.98%
G4-M3,,100.00%,78.42%,0.73%,83.92%,0.67%,14.68%,3.50%,83.58%,0.35%,12.57%,3558.8,3717.9,6373.7,153.6,269.9,24119.3,7321.9,149.1,79.2,26544.4,3219.0,3399.7,2923.3,3962.2,315.7,348.1,1739.8,3962.8,49.5,211.0,1323.4,1401.1,1193.4,1632.4,180.8,144.7,708.9,1632.8,59.7,90.3,92.45%,83.31%,64.71%,76.12%,121.60%,56.88%,108.74%,75.87%,142.77%,48.03%,78.63%,66.73%,51.60%,51.21%,170.55%,203.59%,70.62%,51.24%,398.30%,260.44%,73.08%,61.10%,37.10%,47.40%,185.39%,107.56%,55.78%,47.41%,393.48%,102.32%,37991.3,37241.8,46031.9,37014.9,32015.5,38341.4,38232.1,37016.7,32777.5,38587.6,50133.1,51500.0,66159.3,51189.4,40376.0,53056.0,53891.2,51156.2,43133.5,53354.3,27.10%,24.12%,28.75%,24.07%,21.35%,23.75%,25.08%,24.06%,23.06%,23.69%,45.46%,37.08%,35.40%,36.80%,34.05%,37.88%,36.40%,36.86%,31.08%,38.30%,65.1,69.3,100.9,6.9,10.4,427.1,135.0,6.8,6.4,468.3,63.5,67.4,51.1,77.8,12.7,11.2,36.5,77.8,6.4,8.5,43.00%,40.47%,62.88%,33.31%,46.48%,48.31%,103.84%,33.13%,39.39%,39.56%,58.64%,49.51%,30.32%,38.10%,66.99%,50.34%,43.24%,38.11%,37.35%,42.52%
G4-M4,,100.00%,92.36%,2.30%,14.24%,0.93%,82.53%,7.44%,13.82%,0.73%,78.01%,31026.5,30009.6,6389.9,279.2,321.6,36131.2,10471.3,249.5,167.6,37423.3,1102.3,1093.0,3197.3,5566.1,57.4,274.2,2067.3,5623.9,30.3,207.4,459.8,455.8,1277.8,2263.3,60.6,125.5,837.4,2286.0,55.9,98.9,65.73%,62.51%,71.80%,64.46%,105.62%,44.38%,90.37%,63.03%,99.72%,41.71%,178.26%,179.77%,41.81%,53.08%,366.46%,203.17%,62.52%,52.92%,380.67%,219.07%,113.30%,112.67%,33.91%,51.16%,360.37%,101.78%,52.23%,50.67%,421.37%,100.07%,49137.7,47674.5,50091.1,45248.4,39264.7,48120.8,45714.4,45377.3,39781.6,48342.1,74091.8,72580.1,76591.8,68291.3,56158.2,73393.6,69291.5,68444.6,56405.1,73777.3,27.55%,25.19%,26.11%,24.53%,23.21%,25.20%,24.83%,24.66%,23.89%,25.16%,30.51%,28.72%,30.30%,28.03%,29.48%,28.52%,28.93%,28.10%,29.33%,28.44%,421.2,421.8,86.7,7.5,9.5,507.3,156.3,6.9,6.7,524.5,20.8,20.9,49.9,90.9,6.3,8.1,36.4,91.5,5.5,7.0,52.38%,51.66%,65.36%,35.78%,40.46%,36.36%,87.40%,34.28%,32.72%,34.26%,55.23%,54.45%,28.51%,42.05%,48.11%,43.18%,43.00%,42.01%,42.95%,40.63%
G4-M5,,100.00%,79.12%,0.00%,0.66%,99.32%,0.02%,0.01%,6.90%,92.99%,0.10%,75.3,77.0,1635.9,-66.8,73.7,22159.9,326.2,69.7,72.9,4479.2,10.0,10.0,2277.2,352.9,7.7,211.9,304.8,163.0,-1.4,23.5,13.1,12.8,729.3,41.4,12.6,83.1,136.9,16.7,12.5,11.2,138.23%,126.69%,0.00%,86.56%,124.65%,48.19%,44.81%,126.36%,126.55%,41.84%,10695.90%,8851.99%,0.00%,881.78%,8851.99%,81.67%,315.96%,1927.38%,11587.09%,860.98%,6177.50%,5867.97%,0.00%,25.53%,11045.37%,138.23%,75.76%,73.24%,1704.99%,1563.47%,36875.7,36291.1,23565.0,36895.7,36284.8,49194.3,26725.9,30371.9,36737.3,30922.3,49152.2,51005.6,36628.3,49963.4,51008.5,73142.7,36135.3,42554.8,51642.0,44045.4,27.84%,24.89%,0.00%,23.56%,24.89%,21.45%,14.81%,19.45%,24.67%,23.15%,44.68%,36.84%,0.00%,37.67%,36.84%,26.79%,9.83%,27.57%,36.98%,25.90%,6.0,6.0,45.8,4.2,6.0,322.0,18.7,7.0,5.9,75.8,5.9,5.8,73.5,11.6,5.8,7.1,17.3,12.3,5.4,6.4,37.34%,35.31%,0.00%,41.03%,35.16%,40.42%,8.73%,33.64%,35.10%,6.03%,47.01%,45.50%,0.00%,32.22%,45.31%,41.64%,9.98%,12.96%,43.03%,41.64%
G4-M6,,100.00%,77.89%,0.43%,87.48%,0.82%,11.27%,2.49%,87.39%,0.38%,9.74%,2532.0,2732.3,6367.7,153.0,292.6,22797.5,7057.6,150.4,108.6,24891.4,2920.9,3141.3,3003.8,3530.1,328.8,333.9,1600.4,3525.3,43.5,211.3,1207.7,1300.7,1240.8,1460.6,184.6,143.1,654.1,1459.2,34.7,93.8,88.18%,77.80%,73.98%,73.36%,98.37%,54.81%,109.84%,73.20%,109.93%,47.13%,73.27%,62.55%,54.30%,51.43%,184.44%,198.65%,71.76%,51.53%,837.04%,237.81%,67.69%,56.99%,40.83%,47.37%,162.69%,106.32%,55.66%,47.48%,589.79%,101.31%,37207.9,36726.6,47334.1,36576.8,31344.9,37875.7,37983.3,36564.4,33604.8,37982.6,48554.4,52171.2,70888.3,51908.8,43094.2,54153.8,55081.5,51872.1,47203.6,54304.7,27.45%,24.59%,30.90%,24.48%,23.55%,24.62%,27.19%,24.48%,26.74%,24.37%,44.76%,35.93%,36.77%,35.71%,31.67%,36.74%,37.96%,35.74%,35.34%,36.56%,48.7,53.2,103.8,7.0,10.8,412.5,132.8,7.0,6.6,449.1,60.3,64.9,52.2,72.3,13.8,11.2,35.0,72.3,6.1,8.7,39.94%,37.44%,66.49%,32.56%,51.61%,48.31%,104.69%,32.44%,35.32%,40.27%,53.35%,45.60%,33.11%,37.69%,76.54%,49.17%,41.54%,37.80%,44.45%,42.13%
G4-M7,,100.00%,77.66%,0.84%,2.47%,0.84%,95.84%,2.76%,2.38%,0.63%,94.24%,34382.6,35959.7,7422.6,350.0,358.3,37443.6,13440.9,287.4,175.2,37756.4,351.8,372.4,3617.4,6589.6,42.4,186.2,2227.9,6573.6,33.1,164.1,158.3,167.4,1456.1,2716.1,54.3,91.2,907.1,2708.6,55.8,82.5,59.98%,48.92%,76.08%,67.21%,102.82%,46.01%,93.59%,63.55%,95.26%,45.33%,247.23%,234.36%,40.82%,53.01%,462.44%,245.92%,73.97%,53.64%,435.00%,254.00%,119.94%,112.43%,32.53%,51.08%,468.85%,111.37%,61.49%,51.53%,502.19%,111.41%,46531.1,44550.1,46482.3,42808.4,37072.3,44643.8,43024.4,42744.7,37784.7,44685.4,61075.2,63121.4,66793.1,60360.3,51012.3,63267.0,60835.6,60182.7,51552.2,63339.7,28.34%,24.45%,26.06%,24.65%,23.46%,24.34%,24.31%,25.06%,23.86%,24.37%,44.59%,36.29%,37.16%,35.65%,32.26%,36.24%,35.44%,35.82%,34.55%,36.27%,506.5,549.5,108.3,9.0,10.4,572.0,217.0,7.9,7.1,576.5,9.9,10.3,59.2,111.8,6.5,7.3,40.6,111.1,5.8,6.9,50.28%,40.92%,71.05%,37.67%,43.09%,38.53%,90.36%,34.24%,34.20%,38.03%,44.01%,42.20%,30.58%,39.91%,48.74%,40.78%,47.85%,40.92%,41.46%,40.07%
G4-M8,,100.00%,82.58%,0.01%,92.09%,7.89%,0.01%,0.11%,97.57%,2.31%,0.01%,93.6,97.4,6605.4,92.0,120.2,25997.1,1076.8,94.5,77.7,15161.2,1805.4,1870.6,3540.2,2002.8,327.3,162.5,1269.3,1912.5,143.6,71.3,762.5,792.4,1374.3,844.2,186.8,99.0,561.1,808.9,109.1,72.9,109.44%,99.96%,33.29%,102.91%,69.97%,47.03%,51.07%,99.59%,121.56%,146.25%,75.88%,68.53%,36.19%,61.98%,115.99%,1619.74%,71.49%,66.22%,191.78%,1771.80%,69.36%,62.49%,48.35%,55.47%,63.04%,75.63%,69.01%,60.31%,111.25%,168.30%,32643.1,32018.4,34058.2,32229.7,29544.2,36402.6,25091.0,32008.3,32763.2,32366.5,44316.7,45147.8,47879.6,45592.8,39942.3,52608.4,35278.4,45211.0,42921.3,47823.1,25.54%,24.11%,17.98%,24.04%,22.69%,33.61%,11.99%,24.05%,25.34%,9.90%,42.81%,36.11%,19.46%,35.95%,35.01%,23.45%,25.03%,36.00%,38.48%,22.85%,6.8,6.9,135.3,6.8,7.7,530.7,33.7,6.9,6.4,314.5,43.6,45.7,79.9,48.4,14.0,10.8,40.0,46.6,7.6,7.5,35.68%,34.16%,40.48%,34.19%,32.08%,30.33%,9.19%,34.08%,35.92%,130.57%,56.65%,51.33%,40.13%,45.79%,43.69%,61.25%,62.31%,49.51%,24.99%,50.57%
G4-M9,,100.00%,77.34%,0.13%,94.95%,1.21%,3.71%,1.34%,95.25%,0.38%,3.04%,1795.3,1620.0,5945.3,133.2,276.7,39981.8,6448.3,132.3,82.2,46261.6,3005.4,3125.5,2752.3,3268.0,381.7,383.6,1393.9,3254.2,48.6,234.9,1245.1,1298.4,1089.1,1356.7,218.9,166.1,581.8,1351.5,61.2,104.5,92.23%,83.25%,55.28%,82.43%,90.25%,83.45%,121.18%,82.31%,128.43%,62.33%,65.39%,56.72%,39.88%,52.83%,131.19%,171.23%,69.77%,53.24%,493.07%,205.59%,60.95%,52.67%,31.40%,49.29%,96.67%,107.76%,52.31%,49.62%,483.96%,103.18%,32948.0,32067.2,41885.8,31983.4,27990.5,35212.9,31350.4,31969.2,29373.6,35782.4,45403.8,46608.6,61892.8,46527.8,37200.0,51233.8,46417.3,46465.7,39667.5,52025.5,29.03%,25.22%,32.67%,25.11%,21.29%,25.52%,28.31%,25.08%,25.18%,24.94%,43.51%,35.92%,33.67%,35.73%,34.69%,36.84%,32.35%,35.79%,36.42%,36.96%,35.0,34.5,106.9,7.6,11.2,728.9,133.8,7.5,7.0,838.1,64.1,67.7,50.1,70.5,15.1,12.6,35.3,70.3,6.6,9.4,37.30%,34.44%,55.90%,32.95%,46.39%,70.11%,89.20%,32.87%,36.24%,51.21%,49.40%,43.37%,30.38%,40.55%,62.90%,54.41%,41.55%,40.85%,36.14%,45.16%
G4-M10,,100.00%,74.91%,0.01%,0.09%,2.04%,97.87%,0.02%,0.15%,1.78%,98.05%,51867.1,53579.1,2961.2,250.2,523.9,54734.4,11860.9,317.7,407.5,54632.9,176.7,175.5,2305.6,3225.7,98.4,174.1,1121.9,2129.6,98.0,173.7,102.9,100.6,695.3,1344.1,127.8,98.9,337.2,910.8,133.5,98.8,67.71%,54.84%,72.27%,89.35%,64.12%,53.31%,57.97%,61.88%,60.30%,53.46%,221.95%,213.22%,31.76%,69.48%,199.70%,213.76%,114.19%,135.76%,179.78%,214.10%,115.14%,105.31%,27.54%,53.37%,237.73%,104.17%,98.14%,112.26%,210.70%,104.44%,70577.0,66381.5,58830.6,60406.2,57232.9,66577.6,46822.1,54102.3,58407.2,66549.3,85579.0,87030.0,98384.8,77963.6,76304.5,87260.8,66392.1,72604.3,77657.2,87226.6,30.15%,25.48%,32.86%,26.76%,25.79%,25.40%,8.66%,29.10%,25.32%,25.42%,45.89%,35.28%,23.29%,31.39%,34.75%,35.22%,13.17%,32.74%,36.21%,35.23%,505.8,555.0,41.5,6.0,8.8,566.9,189.9,6.9,7.1,565.8,5.0,5.1,28.2,41.1,5.1,5.0,21.0,29.7,4.9,5.0,58.89%,47.78%,88.34%,36.37%,41.73%,46.44%,29.25%,35.42%,36.29%,46.59%,40.30%,38.08%,53.61%,56.59%,45.61%,37.92%,53.69%,77.00%,43.93%,37.94%
G5-M1,,100.00%,73.61%,0.26%,69.33%,1.07%,29.33%,0.85%,69.37%,0.93%,28.85%,5596.8,6056.8,9157.8,178.4,269.8,20134.4,7607.7,178.1,177.7,20334.3,2809.2,2980.6,3656.4,4202.6,127.6,190.7,2032.1,4198.8,96.8,172.5,1163.9,1239.3,1475.5,1742.3,106.2,89.9,809.7,1740.7,93.5,83.3,100.81%,90.31%,91.56%,66.54%,80.05%,46.74%,88.71%,66.54%,84.87%,45.95%,114.83%,103.62%,46.03%,49.45%,247.04%,257.34%,86.57%,49.50%,265.55%,267.33%,121.56%,106.00%,52.16%,46.60%,224.73%,116.45%,56.59%,46.63%,233.65%,116.99%,61414.1,58364.8,86029.2,58033.3,49627.7,59222.0,65529.3,58019.3,50711.4,59230.8,75088.0,81638.2,121181.1,80942.8,68234.8,83420.8,91586.1,80925.9,69361.5,83453.0,29.24%,25.36%,39.13%,25.35%,24.38%,25.11%,31.06%,25.37%,25.35%,25.07%,44.81%,34.57%,41.60%,34.44%,32.39%,34.22%,39.65%,34.46%,31.90%,34.19%,64.6,72.8,92.7,5.0,7.0,235.1,88.7,5.0,5.7,237.4,35.4,38.8,38.2,53.2,6.1,5.9,26.5,53.1,5.3,5.6,54.54%,49.32%,87.61%,30.35%,39.92%,39.71%,82.04%,30.34%,39.46%,39.04%,99.08%,82.75%,43.81%,37.36%,43.22%,40.42%,36.59%,37.41%,38.90%,39.70%
G5-M2,,100.00%,75.26%,0.10%,90.14%,2.15%,7.61%,0.37%,90.13%,2.00%,7.50%,978.4,1027.9,8295.9,154.2,258.5,11496.4,5857.5,154.6,140.7,11519.8,3750.1,3881.3,4273.2,4278.5,101.4,239.2,1886.3,4278.6,104.6,212.1,1475.0,1530.7,1694.1,1685.9,85.9,97.3,707.2,1686.0,87.1,88.5,84.18%,75.14%,73.89%,72.85%,103.32%,66.78%,88.37%,72.65%,107.63%,67.58%,69.54%,60.32%,38.07%,51.74%,288.76%,242.78%,110.53%,51.73%,290.04%,257.21%,65.56%,55.63%,38.87%,47.74%,240.13%,94.24%,68.90%,47.74%,224.57%,95.28%,60161.2,57006.3,96437.5,56844.7,57152.5,58368.9,63819.8,56823.3,59134.5,58298.6,85279.0,86270.5,152473.0,86178.8,77447.2,88989.8,99740.8,86158.6,79443.0,88761.2,31.26%,26.57%,27.93%,26.65%,26.13%,25.71%,31.53%,26.65%,24.60%,25.76%,45.22%,35.97%,35.01%,35.93%,34.72%,35.11%,40.98%,35.93%,35.56%,35.30%,14.1,15.2,83.5,4.9,6.4,138.8,73.1,4.9,4.7,138.9,48.5,52.1,45.3,57.1,5.2,6.5,26.1,57.1,4.9,6.1,39.28%,35.74%,60.36%,32.64%,40.39%,64.21%,81.11%,32.63%,37.02%,64.71%,52.52%,45.36%,36.35%,39.33%,44.68%,41.38%,45.87%,39.33%,43.51%,40.50%
G5-M3,,100.00%,73.70%,0.21%,80.02%,3.20%,16.57%,0.73%,80.05%,2.96%,16.27%,1999.9,2062.3,7447.4,152.5,246.1,11569.0,5872.4,153.0,138.2,11638.5,3921.0,3969.1,4275.2,4895.5,82.9,241.1,1971.3,4893.9,82.0,215.2,1555.9,1576.7,1679.2,1942.3,67.2,101.0,770.2,1941.7,65.5,91.9,90.19%,82.11%,88.20%,74.03%,96.99%,59.11%,77.52%,73.93%,101.87%,58.83%,87.01%,74.50%,78.54%,49.98%,359.22%,239.50%,91.39%,50.02%,354.00%,250.16%,82.94%,68.67%,54.42%,46.77%,263.82%,92.95%,63.45%,46.80%,243.39%,94.61%,64223.1,59605.0,96653.5,59285.4,58379.8,60920.6,67377.9,59258.6,60068.5,60877.2,89294.8,88797.3,145698.2,88483.1,79461.2,91404.7,101294.2,88443.8,81978.6,91219.9,30.41%,25.69%,32.47%,25.76%,26.18%,24.93%,35.83%,25.76%,25.25%,24.98%,45.26%,36.14%,34.92%,36.17%,36.78%,34.91%,44.59%,36.17%,37.60%,35.16%,24.1,26.2,73.2,4.7,6.1,133.7,68.5,4.7,4.6,134.4,48.4,52.3,44.0,63.8,5.0,6.3,26.2,63.8,4.6,5.9,44.15%,40.27%,79.88%,32.43%,38.71%,52.75%,69.45%,32.42%,36.52%,52.51%,66.55%,55.56%,46.99%,38.18%,44.40%,40.31%,39.21%,38.20%,42.94%,39.23%
G5-M4,,100.00%,69.69%,0.25%,11.55%,8.96%,79.24%,0.97%,11.59%,8.22%,79.22%,14639.0,14672.3,6453.8,202.2,288.1,18433.2,7052.4,205.9,150.3,18387.8,760.5,751.3,3556.8,5297.3,35.6,160.8,1766.2,5276.4,36.0,151.1,326.5,321.3,1455.1,2156.3,41.7,81.9,724.4,2148.3,39.0,78.4,111.71%,99.23%,72.77%,70.70%,91.83%,62.96%,82.27%,69.92%,90.80%,63.23%,234.39%,233.39%,56.20%,58.26%,683.29%,273.73%,75.08%,58.70%,701.84%,280.20%,132.63%,127.68%,41.83%,54.72%,788.31%,116.69%,61.48%,55.14%,558.66%,119.24%,68683.2,61546.4,78281.7,59769.1,58531.6,62092.8,62786.3,59690.9,59568.5,62007.6,99987.9,93201.5,119037.8,89927.5,84805.3,94545.4,95038.8,89771.3,86827.2,94341.7,31.31%,25.66%,32.62%,26.21%,25.93%,25.41%,28.15%,26.34%,25.53%,25.48%,47.94%,36.42%,36.88%,36.90%,36.89%,35.87%,39.67%,36.94%,36.30%,36.03%,150.7,166.2,62.7,5.1,6.5,208.1,83.1,5.1,4.6,207.6,12.4,13.4,41.8,74.9,4.4,5.4,26.7,74.6,4.3,5.3,107.12%,98.93%,68.55%,33.71%,37.92%,63.18%,77.68%,33.64%,34.08%,63.42%,47.90%,45.98%,34.45%,46.92%,43.32%,39.59%,41.44%,47.42%,42.68%,39.34%
G5-M5,,100.00%,73.32%,0.00%,1.50%,97.29%,1.21%,0.01%,1.72%,97.06%,1.21%,356.8,338.7,2177.1,81.9,129.6,17506.8,4155.5,139.4,128.6,17484.0,79.4,70.5,2653.9,3354.4,18.3,196.7,1306.4,2935.6,18.3,188.9,52.3,45.2,854.3,1307.0,25.1,97.0,472.0,1134.5,25.2,94.0,91.57%,82.64%,56.55%,231.49%,81.60%,62.58%,58.21%,82.99%,82.34%,62.58%,1007.64%,1008.26%,38.66%,125.75%,1208.97%,197.35%,77.24%,147.33%,1192.53%,200.30%,793.52%,812.54%,34.29%,125.12%,1030.28%,99.84%,31.32%,130.81%,1046.77%,100.70%,62186.0,58030.3,72629.8,58535.0,57970.0,62234.5,65960.3,52706.8,58072.8,62115.3,90108.9,87437.4,96986.1,86376.3,87346.8,96035.3,97570.3,79750.9,87467.2,95882.6,30.87%,25.86%,5.90%,25.93%,25.86%,27.14%,15.07%,26.64%,25.75%,27.09%,46.78%,36.44%,25.27%,37.15%,36.40%,37.95%,26.98%,35.42%,36.35%,37.90%,6.7,6.9,21.4,4.2,4.6,198.0,47.5,5.1,4.5,197.8,4.7,4.8,26.6,44.3,4.2,5.6,16.6,41.4,4.1,5.5,35.90%,32.70%,52.72%,40.01%,32.21%,61.18%,65.37%,34.41%,32.25%,61.18%,45.19%,43.10%,11.32%,107.55%,42.49%,39.06%,10.15%,97.04%,42.33%,38.93%
G5-M6,,100.00%,72.85%,0.23%,84.86%,2.26%,12.64%,0.56%,84.85%,2.17%,12.42%,1540.3,1596.9,9076.8,154.1,212.1,11389.7,7080.7,154.1,137.9,11458.9,4253.3,4388.6,4785.4,5118.5,93.6,250.3,2686.8,5118.5,99.0,229.0,1680.4,1739.9,1844.3,2029.3,81.2,92.0,1014.1,2029.4,81.3,84.6,87.60%,78.01%,76.04%,72.89%,91.40%,54.06%,79.92%,72.85%,96.12%,53.55%,76.55%,63.14%,51.88%,48.50%,278.34%,263.49%,106.41%,48.51%,277.09%,276.04%,71.26%,57.53%,54.70%,44.76%,225.46%,91.56%,84.78%,44.77%,213.16%,91.92%,62736.9,58192.1,105563.4,57986.5,54981.7,59266.5,77648.1,57976.3,55700.1,59219.8,83484.0,84980.8,154595.7,84898.4,71120.4,86721.5,112518.9,84888.1,72298.2,86582.2,30.20%,25.35%,29.69%,25.35%,23.51%,25.04%,49.52%,25.36%,23.76%,24.87%,44.62%,35.07%,27.32%,34.91%,33.91%,34.66%,53.69%,34.91%,32.97%,34.76%,19.5,21.3,87.5,4.7,5.7,134.3,77.9,4.7,4.7,135.1,49.3,53.8,46.3,62.2,5.1,6.3,30.5,62.2,5.0,6.0,41.38%,37.54%,70.26%,31.90%,36.22%,47.53%,72.33%,31.89%,34.63%,47.09%,58.83%,48.44%,42.97%,37.76%,45.18%,39.99%,51.91%,37.76%,44.28%,38.97%
G5-M7,,100.00%,72.84%,0.14%,1.54%,3.13%,95.18%,0.41%,1.55%,2.51%,95.54%,14951.0,15235.2,5883.4,244.8,648.2,15972.1,9706.3,249.5,291.4,15894.0,291.0,295.2,3730.6,8022.1,79.1,171.9,2079.0,7979.2,108.6,167.9,139.6,140.7,1529.9,3174.6,106.7,90.6,833.0,3160.6,120.7,89.3,77.30%,66.20%,71.05%,75.07%,92.69%,61.81%,84.66%,73.40%,81.65%,62.22%,242.92%,234.92%,40.45%,57.00%,255.07%,240.82%,86.78%,57.22%,223.26%,243.36%,116.21%,107.44%,37.85%,54.44%,297.06%,104.92%,77.99%,54.57%,172.14%,106.38%,71875.0,67287.6,75333.3,64573.0,64629.8,67406.9,63284.4,64535.3,67386.5,67346.7,98050.6,98130.6,107692.9,93644.4,85949.6,98589.8,91242.7,93699.1,90634.7,98428.6,30.10%,24.54%,28.87%,24.65%,26.77%,24.46%,27.42%,24.86%,24.78%,24.48%,45.39%,34.95%,37.99%,34.77%,35.30%,34.77%,35.25%,34.55%,34.14%,34.86%,147.7,159.4,59.3,5.2,9.8,166.9,116.8,5.2,5.4,166.1,6.2,6.4,40.9,94.4,4.4,5.0,27.4,93.8,4.5,5.0,69.06%,59.89%,72.94%,34.48%,48.85%,56.24%,77.41%,34.87%,35.86%,56.60%,41.63%,38.87%,31.10%,45.25%,44.52%,38.01%,47.60%,45.26%,43.13%,37.99%
G5-M8,,100.00%,73.80%,0.01%,95.73%,4.25%,0.01%,0.01%,96.03%,3.94%,0.01%,133.0,143.7,7070.2,140.7,148.2,12923.1,6440.7,142.0,118.0,12923.1,2717.8,2910.7,7032.0,3027.5,276.6,203.0,7334.8,3018.1,288.1,203.0,1105.1,1185.8,2674.4,1231.1,163.6,113.6,2815.3,1227.5,167.4,113.6,84.99%,74.29%,59.37%,74.61%,67.86%,50.46%,68.13%,73.55%,90.79%,50.46%,70.18%,61.79%,46.17%,57.87%,148.26%,114.60%,64.79%,58.21%,158.36%,114.60%,66.53%,57.66%,35.71%,54.13%,100.56%,2196.10%,45.73%,54.35%,113.14%,2196.10%,52372.6,51744.7,52412.9,51823.5,49938.9,60219.2,52144.8,51643.5,54178.1,60219.2,76938.9,80603.7,87387.5,80915.2,73554.7,83766.9,86484.4,80725.6,77601.4,83766.9,31.13%,26.11%,27.82%,26.11%,25.84%,19.18%,15.06%,26.11%,24.85%,19.18%,44.18%,34.26%,31.88%,34.12%,36.31%,25.32%,47.29%,34.07%,39.74%,25.32%,5.1,5.1,91.1,5.1,5.3,148.0,83.2,5.1,4.6,148.0,38.6,40.9,93.8,42.3,7.9,5.4,97.8,42.3,6.7,5.4,36.01%,32.60%,71.20%,32.52%,33.35%,32.74%,93.53%,32.47%,33.76%,32.74%,55.48%,49.74%,14.54%,46.72%,52.83%,50.87%,18.18%,46.94%,43.57%,50.87%
G5-M9,,100.00%,74.47%,0.06%,93.44%,2.46%,4.04%,0.20%,93.42%,2.46%,3.92%,1190.4,1176.4,13548.0,148.3,133.7,25379.8,10990.7,148.5,119.4,25813.8,3993.8,4203.4,3795.8,4482.3,97.9,260.0,2232.4,4482.5,104.0,224.9,1590.1,1676.5,1515.8,1786.6,77.5,106.4,892.9,1786.8,77.5,93.0,85.87%,76.15%,105.26%,74.54%,98.80%,64.76%,98.58%,74.44%,105.34%,63.65%,64.98%,54.84%,45.42%,49.46%,338.65%,250.06%,88.61%,49.45%,332.39%,262.09%,61.20%,50.92%,44.15%,46.44%,220.11%,101.90%,71.42%,46.43%,220.02%,101.49%,57401.4,54942.1,88371.9,54802.7,52898.2,58894.7,68604.9,54780.7,53906.8,58742.5,79695.7,82007.1,135471.9,82016.3,70751.1,87817.6,103340.9,81999.1,71615.8,87623.2,30.59%,25.55%,32.11%,25.48%,25.85%,24.62%,39.70%,25.48%,25.24%,24.44%,44.20%,34.70%,34.72%,34.55%,33.18%,34.61%,41.85%,34.55%,33.83%,34.44%,16.1,16.9,142.6,4.9,4.9,300.2,124.8,4.9,4.7,305.4,51.4,55.5,40.9,58.9,5.4,6.6,28.7,58.9,5.1,6.1,37.75%,33.87%,95.08%,32.42%,32.91%,61.43%,92.18%,32.39%,33.85%,60.27%,49.78%,42.41%,35.51%,38.53%,43.14%,42.83%,45.57%,38.53%,42.79%,41.69%
G5-M10,,100.00%,70.07%,0.01%,0.20%,3.37%,96.42%,0.00%,0.18%,3.39%,96.43%,32177.4,33125.6,2117.8,151.8,422.7,34339.8,####,241.6,401.6,34338.4,204.3,202.6,3058.4,3392.3,134.7,198.2,####,3766.2,155.6,197.6,117.7,115.8,1550.4,1286.4,149.9,112.1,####,1448.7,159.2,111.7,72.29%,58.20%,11.18%,95.95%,75.29%,55.55%,####,71.43%,75.99%,55.55%,212.08%,198.70%,9.68%,111.37%,175.33%,199.22%,####,93.32%,176.14%,199.48%,109.51%,99.46%,64.36%,94.93%,181.79%,97.78%,####,75.26%,159.58%,98.03%,88885.4,84700.6,411811.6,75821.1,85802.9,84660.5,####,75297.0,89937.4,84534.0,116828.3,122201.9,484070.6,106184.2,111877.1,122574.3,####,106874.2,117168.0,122407.7,30.48%,23.75%,108.56%,18.93%,25.62%,23.72%,####,21.51%,25.93%,23.69%,47.12%,34.42%,94.78%,31.89%,32.53%,34.23%,####,32.49%,33.39%,34.22%,253.0,274.5,10.5,3.9,5.4,284.5,####,4.5,5.0,284.5,4.4,4.3,17.7,35.6,4.0,4.3,####,39.5,4.0,4.3,65.75%,53.42%,81.63%,40.51%,38.96%,50.95%,####,42.25%,38.82%,50.95%,40.27%,37.03%,108.27%,92.25%,42.04%,36.79%,####,76.52%,42.11%,36.81%
