,Number,Time,OD600,Sample,Dilution_Factor,Time_h,Tube Name:,Abort(%):,All Events  Mean FITC-A,V1L Mean FITC-A,V1R Mean FITC-A,P1 Mean FITC-A,H1-UR Mean FITC-A,H1-UL Mean FITC-A,H1-LL Mean FITC-A,H1-LR Mean FITC-A,H2-UR Mean FITC-A,H2-UL Mean FITC-A,H2-LL Mean FITC-A,H2-LR Mean FITC-A,P1 AND NOT(H2-LL) Mean FITC-A,All Events  Mean ECD-A,V1L Mean ECD-A,V1R Mean ECD-A,P1 Mean ECD-A,H1-UR Mean ECD-A,H1-UL Mean ECD-A,H1-LL Mean ECD-A,H1-LR Mean ECD-A,H2-UR Mean ECD-A,H2-UL Mean ECD-A,H2-LL Mean ECD-A,H2-LR Mean ECD-A,P1 AND NOT(H2-LL) Mean ECD-A,All Events  Mean Green-H,V1L Mean Green-H,V1R Mean Green-H,P1 Mean Green-H,H1-UR Mean Green-H,H1-UL Mean Green-H,H1-LL Mean Green-H,H1-LR Mean Green-H,H2-UR Mean Green-H,H2-UL Mean Green-H,H2-LL Mean Green-H,H2-LR Mean Green-H,P1 AND NOT(H2-LL) Mean Green-H,All Events  Mean Red-H,V1L Mean Red-H,V1R Mean Red-H,P1 Mean Red-H,H1-UR Mean Red-H,H1-UL Mean Red-H,H1-LL Mean Red-H,H1-LR Mean Red-H,H2-UR Mean Red-H,H2-UL Mean Red-H,H2-LL Mean Red-H,H2-LR Mean Red-H,P1 AND NOT(H2-LL) Mean Red-H,All Events  Median Red-H,V1L Median Red-H,V1R Median Red-H,P1 Median Red-H,H1-UR Median Red-H,H1-UL Median Red-H,H1-LL Median Red-H,H1-LR Median Red-H,H2-UR Median Red-H,H2-UL Median Red-H,H2-LL Median Red-H,H2-LR Median Red-H,P1 AND NOT(H2-LL) Median Red-H,FCS,Growth Rate,Time_interp,Generation,Red Translation Efficiency,Green Translation Efficiency,Accumulated OD
0,1,2020-10-08 09:25:43,0.0323,M5,,0.0,1,1.82,10351.8,103.7,15791.1,15378.1,,15777.7,58.8,,,15792.6,113.5,,15792.6,337.1,73.5,375.8,367.9,,375.6,71.0,,,375.9,73.3,,375.9,185.5,8.7,318.2,310.0,,317.9,8.0,,,318.2,8.8,,318.2,11.2,10.3,13.8,13.7,,13.8,10.3,,,13.8,10.3,,13.8,9.9,9.4,12.9,12.8,,12.9,9.4,,,12.9,9.4,,12.9,True,,,0.0,,,0.0323
1,2,2020-10-08 09:30:07,0.0326,M8,,0.07333333333333333,2,1.17,9508.8,89.2,11624.7,11502.0,,11621.3,52.0,43.4,,11625.4,105.2,,11625.4,277.3,62.1,258.2,256.1,,258.1,58.1,2345.3,,258.2,62.1,,258.2,174.4,10.0,245.5,243.0,,245.4,9.4,4.1,,245.5,10.3,,245.5,11.0,12.0,12.2,12.2,,12.2,12.0,33.2,,12.2,12.0,,12.2,9.8,10.6,11.4,11.4,,11.4,10.6,33.2,,11.4,10.6,,11.4,True,,,0.0,,,0.0326
2,3,2020-10-08 09:33:20,0.0396,CP,,0.12694444444444444,3,0.55,9217.0,212.5,10972.7,10904.8,,10967.8,121.4,,,10972.5,206.9,,10972.5,241.5,54.8,212.4,211.4,,212.4,46.5,,,212.4,55.7,,212.4,174.1,11.3,247.1,245.6,,247.0,9.3,,,247.1,11.0,,247.1,11.0,10.0,12.1,12.0,,12.1,9.9,,,12.1,10.0,,12.1,9.7,8.9,11.3,11.3,,11.3,8.9,,,11.3,8.9,,11.3,True,,,0.0,,,0.0396
3,4,2020-10-08 10:42:26,0.151,M5,,1.2786111111111111,4,0.83,18484.8,142.4,15260.7,15084.9,,15252.7,83.5,178.3,,15260.9,151.4,,15260.9,388.2,73.6,277.0,274.6,,276.9,69.8,1899.6,,277.0,72.6,,277.0,366.9,11.1,351.6,347.6,,351.4,9.9,7.2,,351.6,11.1,,351.6,14.4,12.2,13.7,13.7,,13.7,12.3,39.1,,13.7,12.2,,13.7,13.0,10.8,12.8,12.8,,12.8,11.0,39.1,,12.8,10.7,,12.8,True,1.2061623688270104,0.6393055555555556,2.2249424795185164,18.17521710491924,479.46284540196007,0.151
4,5,2020-10-08 10:46:18,0.1582,M8,,1.3430555555555554,5,0.65,12753.6,170.4,11275.6,11137.7,,11269.0,99.6,222.1,,11276.8,200.8,,11276.8,236.1,99.9,174.8,173.8,,174.7,92.3,3243.2,,174.8,100.5,,174.8,266.6,13.1,271.2,268.0,,271.1,11.5,11.3,,271.2,13.3,,271.2,13.7,14.2,12.3,12.3,,12.3,14.3,90.5,,12.3,14.2,,12.3,11.5,12.0,11.4,11.4,,11.4,12.2,72.4,,11.4,12.0,,11.4,True,1.2440104924653708,0.7081944444444445,2.2788057302417144,16.97811503109941,382.7466396885852,0.1582
5,6,2020-10-08 10:48:10,0.185,CP,,1.3741666666666668,6,0.68,13037.2,301.8,11391.8,11298.7,,11380.9,135.0,,,11392.5,337.6,,11392.5,184.2,78.5,157.4,156.8,,157.3,82.6,,,157.4,77.7,,157.4,279.4,15.6,275.3,273.2,,275.1,11.8,,,275.4,15.4,,275.4,12.4,13.0,12.0,12.0,,12.0,13.5,,,12.0,12.9,,12.0,11.1,11.0,11.1,11.1,,11.1,11.2,,,11.1,10.8,,11.1,True,1.2359679609230299,0.7505555555555555,2.2239529353240646,16.307281182365013,385.60138405935317,0.185
6,7,2020-10-08 11:22:27,0.04,M5,7.543859649,1.9455555555555555,7,1.13,19961.9,182.8,18076.0,17854.2,905.8,18065.0,116.0,558.0,,18076.0,185.6,,18076.0,339.1,138.8,259.1,257.6,1553.8,259.1,121.2,2571.8,,259.2,137.8,,259.2,408.1,11.9,405.6,400.8,31.5,405.4,10.4,15.8,,405.6,11.8,,405.6,14.7,13.5,13.3,13.3,69.7,13.3,13.2,63.6,,13.3,13.5,,13.3,13.0,11.3,12.5,12.5,69.7,12.5,11.3,50.9,,12.5,11.3,,12.5,True,1.038067808949957,1.6120833333333333,3.2237686704820327,13.659436931083572,486.7748976301884,0.30175438596
7,8,2020-10-08 11:26:14,0.0447,M8,7.314487633,2.008611111111111,8,0.94,14471.0,146.1,13357.7,13216.0,994.7,13353.4,104.4,316.6,,13357.8,153.7,,13357.8,237.4,170.4,197.7,197.4,1916.4,197.8,150.7,1601.9,,197.7,171.2,,197.7,300.7,12.5,306.4,303.2,24.7,306.3,11.7,15.1,,306.4,12.4,,306.4,13.3,16.8,12.4,12.4,64.3,12.4,16.4,59.5,,12.4,16.8,,12.4,11.8,13.8,11.6,11.6,64.3,11.6,13.8,47.0,,11.6,13.8,,11.6,True,1.090773608468058,1.6758333333333333,3.326159676603922,13.929087433770118,378.3895788097869,0.3269575971951
8,9,2020-10-08 11:28:16,0.053,CP,7.562724014,2.0425,9,0.76,14485.0,241.4,13236.7,13125.3,952.8,13229.6,148.1,462.0,,13236.7,244.2,,13236.7,245.5,126.3,211.2,210.5,2012.0,211.2,114.3,2648.6,,211.2,126.7,,211.2,287.8,12.7,289.1,286.8,22.0,289.0,10.6,11.0,,289.1,12.5,,289.1,13.1,12.6,12.1,12.1,47.0,12.1,12.5,55.3,,12.1,12.6,,12.1,11.6,10.5,11.3,11.3,47.0,11.3,10.7,55.3,,11.3,10.5,,11.3,True,1.1568591517376463,1.7083333333333335,3.3393979010720396,14.450922040622682,356.76714133390277,0.40082437274199995
9,10,2020-10-08 11:45:29,0.062,M5,,2.3294444444444444,10,0.74,20143.0,268.7,17688.8,17521.7,1072.8,17675.8,157.7,752.2,,17689.9,293.3,,17689.9,413.1,120.7,372.4,370.0,1924.8,372.3,110.1,1942.8,,372.5,120.9,,372.5,380.3,12.6,365.7,362.3,28.8,365.4,10.3,17.4,,365.7,12.8,,365.7,15.7,12.1,14.8,14.8,49.1,14.8,12.0,43.8,,14.8,12.1,,14.8,14.3,10.2,14.0,13.9,49.1,14.0,10.2,43.8,,14.0,10.2,,14.0,True,1.141619212266396,2.1375,3.8560368859815455,20.169988126072585,337.35560534308223,0.46771929823799996
10,11,2020-10-08 11:47:51,0.0666,M8,,2.368888888888889,11,1.15,14506.3,212.8,13030.9,12955.1,956.9,13026.3,136.8,234.8,,13031.3,232.9,24.1,13031.0,271.2,181.5,219.9,219.7,1726.9,219.9,102.0,8360.4,,219.9,124.2,14608.8,220.2,289.3,12.2,278.8,277.2,24.8,278.7,10.7,9.4,,278.8,12.2,6.2,278.8,13.3,15.7,12.4,12.4,64.1,12.4,13.7,227.4,,12.4,14.2,371.2,12.4,11.8,11.1,11.6,11.6,64.1,11.6,11.2,174.7,,11.6,11.0,371.2,11.6,True,1.106732361863187,2.1887499999999998,3.9014070224918664,13.814572454509893,247.84429591387635,0.4871448763578
11,12,2020-10-08 11:50:25,0.0807,CP,,2.4116666666666666,12,0.63,15231.8,276.1,13693.3,13615.9,1178.7,13686.4,158.9,277.6,,13693.6,292.8,,13693.6,273.0,131.8,244.0,243.4,2489.8,244.0,105.9,2216.9,,244.0,130.0,,244.0,295.6,12.3,290.1,288.5,25.5,289.9,9.9,7.3,,290.1,12.3,,290.1,13.4,12.0,12.7,12.7,65.1,12.7,11.7,37.4,,12.7,11.9,,12.7,12.1,9.6,11.9,11.9,65.1,11.9,9.7,37.4,,11.9,9.4,,11.9,True,1.1389074358206266,2.2270833333333333,3.9459742148992585,15.888031583181625,335.0312396806279,0.6103118279297999
12,13,2020-10-08 12:02:08,0.0862,M5,,2.6069444444444443,13,1.33,20391.0,201.9,20206.9,19866.8,1139.1,20188.1,132.7,640.5,,20207.1,206.6,,20207.1,361.3,125.4,337.9,334.3,2141.9,337.9,100.1,1774.6,,337.9,125.9,,337.9,384.6,11.6,386.3,379.9,30.6,385.9,9.9,14.7,,386.3,11.3,,386.3,15.5,12.7,14.4,14.4,67.7,14.4,12.1,43.2,,14.4,12.7,,14.4,13.8,9.9,13.5,13.5,68.9,13.5,9.8,33.3,,13.5,9.8,,13.5,True,1.187516369818219,2.4681944444444444,4.331456539796406,15.955242168862204,523.7734135689334,0.6502807017437999
13,14,2020-10-08 12:04:52,0.0942,M8,,2.6525,14,1.12,14109.3,145.2,13877.2,13703.2,945.7,13872.4,107.1,346.4,,13878.0,158.8,-6.4,13877.7,249.6,161.4,233.0,232.1,1865.8,233.1,121.7,3453.5,,233.1,151.8,7030.2,233.2,283.1,11.8,288.4,284.9,30.3,288.3,11.0,13.4,,288.4,12.0,4.2,288.4,13.6,15.9,12.5,12.6,68.7,12.5,14.9,95.3,,12.5,15.6,205.2,12.5,11.9,12.1,11.7,11.7,62.1,11.7,11.9,79.7,,11.7,11.9,205.2,11.7,True,1.2225035989515245,2.5106944444444443,4.401611905033388,15.65442659373283,382.8002763033251,0.6890247350286001
14,15,2020-10-08 12:06:50,0.11199999999999999,CP,,2.685277777777778,15,0.92,14500.7,164.0,14547.6,14263.3,1198.0,14536.8,107.0,476.6,,14547.0,164.6,,14547.0,280.0,180.8,269.1,267.4,2229.5,269.2,139.1,1780.7,,269.1,180.7,,269.1,284.1,11.5,298.1,292.4,27.3,297.9,10.4,15.1,,298.1,11.3,,298.1,14.1,15.3,13.1,13.1,53.7,13.1,14.5,54.3,,13.1,15.3,,13.1,12.4,11.6,12.1,12.1,53.1,12.1,11.5,48.6,,12.1,11.6,,12.1,True,1.197905650425471,2.5484722222222222,4.418832368566445,17.0038493995993,383.51520904077364,0.8470250895679998
15,18,2020-10-08 12:23:01,0.157,CP,,2.955,18,0.64,16285.6,243.1,15161.3,15033.7,,15152.5,153.0,875.9,,15162.4,289.1,,15162.4,236.6,89.5,214.8,213.7,,214.8,81.8,2336.3,,214.8,88.7,,214.8,305.9,12.7,301.3,298.8,,301.1,10.7,18.3,,301.3,12.8,,301.3,12.7,12.2,12.0,12.0,,12.0,12.1,52.3,,12.0,12.1,,12.0,11.3,9.6,11.2,11.2,,11.2,9.6,52.3,,11.2,9.5,,11.2,True,1.2522028450994533,2.8201388888888888,4.906098195400467,11.653386311268,389.10511505586754,1.187347670198
16,17,2020-10-08 12:27:58,0.14800000000000002,M8,,3.0375,17,1.01,15469.1,192.1,15477.4,15324.6,1804.2,15469.2,120.6,274.9,,15477.0,211.9,99.8,15476.9,270.0,138.3,262.0,260.8,2546.0,261.9,124.9,4199.3,,262.0,132.9,6966.0,262.0,305.2,12.1,303.2,300.3,25.3,303.1,10.4,10.1,,303.2,11.7,12.5,303.2,13.3,14.3,12.8,12.8,37.3,12.8,14.0,167.8,,12.8,14.0,313.5,12.8,12.0,10.0,11.9,11.9,37.3,11.9,10.0,167.8,,11.9,9.9,313.5,11.9,True,1.173485953718955,2.8449999999999998,5.0534101159369165,15.770357618846937,389.5034154188058,1.0825441696840001
17,16,2020-10-08 12:33:20,0.157,M5,,3.1269444444444443,16,0.6,20918.1,195.3,20201.8,19913.1,1577.5,20186.8,129.4,382.2,,20201.6,207.0,,20201.6,291.2,85.1,276.3,273.5,2626.5,276.2,76.3,2186.5,,276.3,86.1,,276.3,391.4,11.6,393.4,387.9,27.9,393.1,10.2,11.8,,393.4,11.4,,393.4,14.3,12.5,13.7,13.7,47.6,13.7,12.4,69.6,,13.7,12.4,,13.7,12.9,9.4,12.8,12.8,47.6,12.8,9.6,69.6,,12.8,9.4,,12.8,True,1.1530300532281939,2.8669444444444445,5.196461324486297,15.03672294942113,470.5441934074731,1.184385964893
18,19,2020-10-08 13:14:05,0.023,M5,14.40366972,3.806111111111111,19,0.89,21559.7,159.5,20101.4,19636.6,1093.6,20085.0,115.2,529.2,,20101.5,166.2,,20101.5,411.2,106.2,369.6,363.5,2010.9,369.4,94.0,1769.0,,369.6,104.6,,369.6,380.4,11.7,386.6,377.8,27.6,386.3,10.8,12.5,,386.6,11.6,,386.6,16.0,13.9,15.0,15.0,48.6,15.0,13.7,44.1,,15.0,13.7,,15.0,14.3,10.7,14.1,14.0,48.6,14.0,10.7,36.0,,14.1,10.6,,14.1,True,1.099481854767374,3.466527777777778,6.273767050175911,18.1957815877534,428.11185936595064,2.499163044359316
19,20,2020-10-08 13:16:15,0.0248,M8,14.94949495,3.8422222222222224,20,0.72,16173.8,159.6,16411.1,16135.0,1070.6,16399.9,99.5,758.3,,16412.8,187.2,,16412.8,305.2,133.6,282.1,279.6,1989.7,282.2,109.3,1925.3,,282.1,133.5,,282.1,294.9,10.5,302.6,297.6,24.8,302.4,9.3,19.0,,302.6,10.6,,302.6,13.7,12.8,12.9,12.9,60.3,12.9,12.3,53.4,,12.9,12.7,,12.9,12.2,10.2,12.0,12.0,59.0,12.0,9.9,71.6,,12.0,10.1,,12.0,True,1.1411501642495798,3.439861111111111,6.378249806292922,15.322078743667491,357.10277519156824,2.711827819097999
20,21,2020-10-08 13:18:24,0.0302,CP,15.24271845,3.8780555555555556,21,0.74,16640.0,175.0,17077.7,16678.3,1340.9,17057.9,108.2,487.7,,17080.8,212.7,148.9,17080.6,308.8,135.7,302.3,298.3,2203.0,302.2,118.2,1835.6,,302.3,133.8,1509.8,302.3,290.0,10.8,302.2,295.3,25.9,301.8,9.5,15.2,,302.2,11.0,20.7,302.2,13.6,13.0,12.7,12.7,52.5,12.7,12.7,68.7,,12.7,12.8,202.6,12.7,12.0,10.1,11.9,11.9,49.6,11.9,10.1,30.8,,11.9,10.0,202.6,11.9,True,1.1653665078920825,3.4165277777777776,6.458002407863948,15.966995038969966,369.970029508042,3.481349480385767
21,22,2020-10-08 13:58:43,0.0497,M5,,4.55,22,0.57,26789.1,134.2,27218.2,26504.2,1342.3,27197.2,94.0,584.6,,27214.0,132.2,,27214.0,480.6,109.6,480.5,470.7,2464.2,480.3,92.8,1753.2,,480.4,110.7,,480.4,481.4,13.5,498.6,485.8,24.3,498.2,12.5,18.5,,498.5,13.0,,498.5,17.1,15.9,16.8,16.8,53.2,16.8,15.7,45.0,,16.8,15.8,,16.8,15.7,12.3,15.7,15.7,46.9,15.7,12.3,30.2,,15.7,12.2,,15.7,True,1.0357873718537565,4.178055555555556,7.385379040793822,19.480963905590556,631.5389263185433,5.400365361072087
22,23,2020-10-08 14:01:19,0.0534,M8,,4.593333333333334,23,0.95,20805.8,122.3,21564.3,21099.2,1043.3,21553.4,83.5,509.5,,21559.3,119.6,99.8,21558.7,331.6,153.9,332.0,328.2,2031.6,332.0,108.8,5666.9,,332.0,130.2,16033.1,332.5,410.9,13.2,420.7,411.9,31.0,420.5,12.2,24.3,,420.7,12.6,12.4,420.6,15.3,17.5,14.8,14.9,63.8,14.8,16.6,142.3,,14.8,16.8,360.4,14.8,13.8,13.2,13.7,13.7,58.9,13.7,13.0,76.9,,13.7,13.0,234.3,13.7,True,1.021110034786526,4.217777777777778,7.4847494275936,17.20943679602537,547.144482502477,5.8391776427352085
23,24,2020-10-08 14:03:26,0.0596,CP,,4.628611111111111,24,0.67,21538.2,163.9,21986.3,21673.0,1742.8,21972.0,100.0,488.3,,21980.7,146.7,119.1,21980.5,326.1,115.0,323.9,320.9,2975.8,323.8,96.7,2393.5,,323.8,115.8,2528.0,323.9,462.8,14.3,468.8,462.3,25.1,468.6,12.3,15.6,,468.7,12.9,28.3,468.7,15.9,15.7,15.7,15.7,41.9,15.7,15.3,102.6,,15.7,15.3,267.9,15.7,14.5,11.9,14.5,14.5,43.4,14.5,11.8,81.1,,14.5,11.8,267.9,14.5,True,0.9057472756793962,4.253333333333334,7.438766189001031,17.340883762979896,590.6565414988353,6.870477782483169
24,25,2020-10-08 14:40:37,0.0858,M5,,5.248333333333333,25,0.67,33959.5,171.0,34460.1,34040.4,,34435.9,93.3,611.0,,34445.7,131.9,,34445.7,511.3,74.7,507.2,501.9,,506.9,67.1,1720.0,,507.0,74.2,,507.0,793.5,16.0,801.4,791.8,,800.9,12.9,7.6,,801.1,13.4,,801.1,22.4,14.8,22.2,22.1,,22.2,14.8,21.4,,22.2,14.7,,22.2,20.9,11.7,20.9,20.8,,20.9,11.6,17.2,,20.9,11.5,,20.9,True,0.7818817280066828,4.899166666666667,8.17311083673108,23.459458464233734,963.9677439401369,9.32296474808823
25,26,2020-10-08 14:43:07,0.0907,M8,,5.29,26,2.45,22195.5,111.0,22922.7,22596.8,1293.8,22912.6,60.2,549.1,,22912.3,70.2,93.5,22912.0,345.9,73.9,353.4,349.4,2379.8,353.2,57.2,4732.3,,353.2,65.8,10903.5,353.3,660.9,20.0,642.8,633.9,28.3,642.5,16.8,19.4,,642.5,16.5,9.2,642.5,22.1,21.8,21.2,21.2,62.4,21.2,21.2,245.8,,21.2,21.1,627.3,21.2,19.6,17.9,19.4,19.4,71.0,19.4,17.9,93.0,,19.4,17.7,627.3,19.4,True,0.7604018341936961,4.941666666666666,8.249012236434568,23.35858747362616,738.6898565831539,9.917854160975345
26,27,2020-10-08 14:45:09,0.0975,CP,,5.323888888888889,27,1.63,26240.9,186.2,26531.9,26247.3,1160.8,26513.7,91.6,,,26515.8,113.1,,26515.8,376.5,69.3,375.7,372.4,2212.4,375.5,60.2,,,375.5,68.9,,375.5,770.5,22.2,750.1,742.3,31.0,749.6,17.2,,,749.7,17.1,,749.7,23.0,20.1,22.2,22.1,60.3,22.2,19.9,,,22.2,19.9,,22.2,20.7,16.8,20.5,20.4,60.3,20.5,16.6,,,20.5,16.5,,20.5,True,0.7079139009816182,4.97625,8.148856077175843,23.18410566400625,852.0831460769945,11.239456103894446
27,28,2020-10-08 15:24:15,0.1306,M5,,5.975555555555555,28,1.41,44406.9,103.0,45671.0,44361.5,8032.3,45628.3,56.8,294.9,8032.3,45661.2,93.1,,45660.8,736.2,34.7,755.8,735.1,14371.2,755.0,29.9,1706.3,14371.2,755.5,34.5,,755.6,1127.7,15.6,1117.3,1085.7,242.8,1116.3,13.4,7.1,242.8,1117.1,14.6,,1117.1,30.7,16.0,30.2,29.8,455.5,30.2,15.9,19.5,455.5,30.2,15.8,,30.2,28.3,13.7,28.4,28.1,455.5,28.3,13.6,20.6,455.5,28.4,13.6,,28.4,True,0.5777054076601569,5.611944444444444,8.779216180777967,26.491803372057092,1002.3134107603114,14.190899721448984
28,29,2020-10-08 15:26:35,0.13699999999999998,M8,,6.014444444444444,29,1.62,31528.6,118.6,31682.9,31333.5,,31667.3,61.4,366.4,,31670.5,79.1,95.9,31670.2,556.7,86.9,557.1,551.9,,556.9,46.5,8402.8,,556.9,51.9,35009.1,557.3,912.4,17.6,884.8,875.2,,884.4,14.7,7.0,,884.5,14.8,11.7,884.5,26.9,18.5,26.3,26.2,,26.3,17.4,234.4,,26.3,17.1,1094.5,26.3,24.7,14.8,24.5,24.4,,24.5,14.7,19.5,,24.5,14.6,1094.5,24.5,True,0.569296337172286,5.652222222222222,8.844013673753935,20.806904573039013,778.9215417418475,14.980661742597817
29,30,2020-10-08 15:29:28,0.1482,CP,,6.0625,30,1.1,34639.7,207.8,35127.2,34853.0,,35104.1,94.6,699.9,,35106.9,111.6,,35106.9,573.9,48.5,584.0,579.8,,583.6,44.9,1631.8,,583.6,51.2,,583.6,967.2,21.2,940.1,932.9,,939.5,15.0,8.1,,939.6,15.1,,939.6,27.4,17.0,26.8,26.8,,26.8,16.9,18.4,,26.8,16.9,,26.8,25.3,15.0,25.1,25.0,,25.1,14.9,18.4,,25.1,14.9,,25.1,True,0.5668887572356023,5.693194444444445,8.752927400844703,20.35534137549329,745.0871968354116,17.083973277919558
30,31,2020-10-08 16:04:21,0.172,M5,,6.643888888888889,31,1.15,59116.3,141.0,59201.6,58037.4,,59134.5,65.7,191.0,,59173.4,108.9,,59173.4,1007.8,46.1,1020.1,1000.9,,1019.0,39.7,2888.6,,1019.7,45.7,,1019.7,1536.2,19.0,1504.7,1475.4,,1503.1,15.0,5.3,,1504.0,16.4,,1504.0,39.4,17.3,38.9,38.4,,38.8,17.2,51.7,,38.9,17.2,,38.9,36.7,14.6,36.6,36.4,,36.6,14.3,51.7,,36.6,14.3,,36.6,True,0.4120028827498088,6.309722222222222,9.176469848820995,27.42073748562632,1126.0558038429945,18.68939320129575
31,32,2020-10-08 16:07:15,0.177,M8,,6.692222222222222,32,1.61,39293.3,124.4,39452.4,39044.6,,39433.7,63.6,-75.0,,39435.6,82.3,-75.0,39435.2,656.9,67.4,614.1,608.4,,613.8,34.3,28022.8,,613.8,38.0,28022.8,614.1,1198.9,18.6,1164.9,1153.0,,1164.4,15.5,11.3,,1164.4,15.3,11.3,1164.4,34.0,18.5,32.8,32.6,,32.8,17.4,964.3,,32.8,17.2,964.3,32.8,31.0,15.0,30.7,30.6,,30.7,14.8,964.3,,30.7,14.6,964.3,30.7,True,0.37795397716579304,6.3533333333333335,9.213587140876406,20.868040684421107,804.6138530826858,19.354577579852656
32,33,2020-10-08 16:09:49,0.18100000000000002,CP,,6.735,33,0.91,41635.8,238.8,41657.0,41295.9,,41620.2,98.4,726.6,,41621.4,112.2,,41621.4,671.7,38.9,667.2,661.7,,666.7,29.1,2351.3,,666.7,32.4,,666.7,1276.6,26.5,1252.4,1241.7,,1251.3,17.7,6.3,,1251.4,17.6,,1251.4,36.0,18.7,35.2,35.0,,35.1,18.1,18.7,,35.2,18.0,,35.2,33.4,16.1,33.1,33.0,,33.1,15.7,18.7,,33.1,15.6,,33.1,True,0.29730010171574595,6.398750000000001,9.041371650509436,21.78483207422238,792.1967423607216,20.86504158774251
33,34,2020-10-08 16:35:18,0.18600000000000003,M5,,7.159722222222222,34,1.25,72830.7,128.2,71819.7,70101.3,,71736.4,64.4,235.2,,71805.7,125.8,,71805.7,1207.9,26.5,1185.1,1157.3,,1183.7,25.2,1736.5,,1184.9,26.3,,1184.9,1907.9,19.5,1864.1,1819.9,,1862.0,15.8,14.5,,1863.7,18.4,,1863.7,49.4,18.1,48.5,47.7,,48.4,18.0,58.2,,48.5,18.0,,48.5,46.0,15.6,46.0,45.6,,46.0,15.4,58.2,,46.0,15.4,,46.0,True,0.15170054326284035,6.901805555555556,9.28936390522693,25.255914542890302,953.3582071820183,20.210622880470993
34,36,2020-10-08 16:41:56,0.1928,CP,,7.270277777777777,36,0.78,40666.5,183.7,39989.7,39551.9,,39955.2,78.7,269.3,,39954.3,86.2,,39954.3,923.5,51.5,912.2,902.8,,911.5,44.0,3032.3,,911.4,50.6,,911.4,1319.7,25.3,1300.2,1286.2,,1299.2,18.7,4.3,,1299.2,18.2,,1299.2,46.9,21.1,46.1,45.8,,46.1,20.9,32.3,,46.1,20.7,,46.1,44.0,17.6,43.8,43.6,,43.8,17.1,32.3,,43.8,17.1,,43.8,True,0.11798799339814738,7.002638888888889,9.132487004768832,25.170421811348266,239.83905360271692,22.22530396749589
35,35,2020-10-08 16:45:46,0.192,M8,,7.3341666666666665,35,1.92,39782.6,150.8,39162.4,38803.1,,39140.2,66.1,377.5,,39141.5,72.3,237.5,39141.0,876.2,106.6,866.0,859.1,,865.6,39.9,27962.9,,865.6,41.8,54430.2,866.2,1310.4,21.1,1262.0,1250.6,,1261.3,15.9,17.1,,1261.4,15.9,27.0,1261.4,46.9,22.7,44.9,44.7,,44.9,18.4,1787.8,,44.9,18.3,3557.7,44.9,43.2,16.1,42.5,42.3,,42.5,15.9,1787.8,,42.5,15.9,3557.7,42.5,True,0.12671756903255285,7.013194444444444,9.330944091514565,23.78891100345406,304.9665381197277,20.994796018823223
36,37,2020-10-08 17:10:34,0.0254,M5,7.881355932000001,7.7475,37,1.36,66829.8,128.9,64263.3,62271.6,1425.8,64167.8,66.5,647.1,,64245.7,118.1,,64245.7,1583.9,63.2,1554.7,1508.4,2551.7,1552.6,52.4,1761.6,,1554.3,63.1,,1554.3,1826.4,20.6,1825.4,1769.4,33.2,1822.8,17.2,20.0,,1825.0,19.3,,1825.0,66.8,20.9,66.6,65.2,70.9,66.5,20.7,46.3,,66.6,20.9,,66.6,63.3,17.6,63.8,63.0,80.3,63.8,17.5,52.7,,63.8,17.5,,63.8,True,0.12505144758111167,7.453611111111111,9.395405542600024,38.013080123018916,164.80488049846934,21.75211106570828
37,39,2020-10-08 17:13:59,0.0256,CP,8.169491525,7.804444444444444,39,1.42,40317.8,156.7,39497.0,38985.7,,39464.4,71.9,198.3,,39479.6,113.7,,39479.6,1302.6,45.7,1298.9,1282.6,,1297.8,42.7,1921.9,,1298.3,45.2,,1298.3,1318.8,22.2,1278.7,1262.4,,1277.7,17.1,3.5,,1278.2,18.4,,1278.2,57.4,20.2,56.6,56.2,,56.6,20.3,23.5,,56.6,20.1,,56.6,54.1,17.2,53.9,53.6,,53.9,17.2,23.5,,53.9,17.1,,53.9,True,0.15228512836583827,7.537361111111111,9.24984395533216,27.495044962273056,156.9578632226695,24.108804302473896
38,38,2020-10-08 17:17:00,0.2024,M8,,7.854722222222223,38,2.48,38521.0,177.7,38107.2,37853.1,,38088.6,83.5,171.2,,38099.5,134.5,62.9,38098.3,1056.4,309.0,1049.0,1044.1,,1048.5,37.2,41949.1,,1048.8,37.6,55395.4,1050.6,1308.0,22.6,1242.5,1234.4,,1242.0,17.3,11.2,,1242.3,19.4,12.0,1242.3,56.0,34.7,53.3,53.2,,53.3,19.2,2402.8,,53.3,19.1,3196.7,53.4,51.6,16.5,50.6,50.5,,50.6,16.4,2851.9,,50.6,16.4,3664.6,50.6,True,0.1013351309433849,7.594444444444444,9.407047070600356,21.315587724291234,90.16676031759891,22.13201413650948
39,40,2020-10-08 17:43:29,0.027999999999999997,M5,,8.296111111111111,40,1.22,80530.6,164.6,74725.9,72852.7,1205.7,74598.4,78.8,3.2,,74668.8,124.1,,74668.8,1992.5,41.7,1894.5,1848.0,1982.2,1891.3,37.5,2758.2,,1893.1,41.4,,1893.1,2121.0,21.3,2071.3,2019.8,21.2,2067.8,16.5,12.0,,2069.8,18.2,,2069.8,79.6,18.3,78.5,77.0,45.1,78.4,18.0,154.1,,78.4,18.1,,78.4,75.2,15.4,75.4,74.6,45.1,75.3,15.3,154.1,,75.3,15.3,,75.3,True,0.17764010640129985,8.021805555555556,9.536003872772824,34.418405878877145,792.8208299933419,23.978705111804402
40,42,2020-10-08 17:48:04,0.0298,CP,,8.3725,42,1.09,48471.4,97.1,51430.1,49624.6,1453.7,51371.3,49.6,,,51429.9,104.3,,51429.9,1432.2,46.2,1515.2,1463.6,3182.4,1513.6,39.5,,,1515.2,46.6,,1515.2,1484.8,17.4,1519.9,1467.1,22.9,1518.2,14.6,,,1519.9,17.0,,1519.9,63.5,18.3,64.1,62.5,45.2,64.1,18.2,,,64.1,18.3,,64.1,60.6,15.7,61.4,60.5,45.2,61.4,15.5,,,61.4,15.7,,61.4,True,0.2674316632239759,8.088472222222222,9.469012475794322,29.396065417676372,801.2247473486659,28.064155008348518
41,41,2020-10-08 17:50:53,0.2113,M8,,8.419444444444444,41,1.69,38217.9,170.9,38574.8,38309.5,,38556.7,81.1,214.4,,38557.0,97.6,214.4,38556.6,1296.4,276.5,1311.3,1304.2,,1310.7,34.3,155781.7,,1310.7,35.4,155781.7,1312.4,1314.2,24.0,1260.7,1252.1,,1260.1,19.1,6.6,,1260.1,18.4,6.6,1260.1,67.5,26.1,64.9,64.6,,64.9,20.7,3538.8,,64.9,20.4,3538.8,64.9,62.9,17.4,62.0,61.8,,62.0,17.4,3538.8,,62.0,17.2,3538.8,62.0,True,0.07620204326184096,8.137083333333335,9.469130547840987,24.87640678529138,126.87857123781075,23.105210410298678
42,43,2020-10-08 18:22:07,0.0324,M5,,8.94,43,0.99,111782.2,197.6,108968.5,106333.2,2199.0,108749.1,97.1,245.4,,108784.0,118.3,,108784.0,3074.1,35.5,3083.6,3009.7,4541.2,3077.4,30.7,1574.9,,3078.4,34.6,,3078.4,2709.2,22.1,2650.1,2586.4,21.9,2644.9,16.8,10.8,,2645.7,16.8,,2645.7,94.4,17.9,96.0,94.1,53.8,95.8,17.8,50.4,,95.9,17.5,,95.9,91.9,15.4,92.8,91.9,53.8,92.7,15.2,50.4,,92.8,15.0,,92.8,True,0.22667561925931287,8.618055555555555,9.746570858712483,47.02332539122494,1431.7106225534671,27.74678734365938
43,45,2020-10-08 18:25:25,0.0344,CP,,8.995,45,1.23,63803.1,219.7,63088.2,62189.7,205101.4,63007.4,106.5,709.0,205101.4,63020.3,141.4,,63021.9,1993.3,43.6,1995.8,1967.9,67534.9,1992.6,39.4,1570.3,67534.9,1993.0,44.0,,1993.7,1868.1,23.3,1820.4,1794.8,3442.1,1818.2,17.8,15.4,3442.1,1818.6,17.7,,1818.6,73.4,18.7,73.5,72.7,1102.6,73.4,18.8,38.8,1102.6,73.5,18.5,,73.5,70.0,15.8,70.2,69.8,1102.6,70.2,16.0,38.8,1102.6,70.2,15.6,,70.2,True,0.2305994712738859,8.68375,9.676108710034258,31.01818212970098,866.3345856827067,32.3962057814493
44,44,2020-10-08 18:30:46,0.2277,M8,,9.084166666666667,44,1.85,39968.9,143.0,39834.2,39398.3,,39807.3,62.4,237.4,,39818.3,95.5,71.4,39817.5,1966.5,138.1,1988.7,1968.4,,1987.4,31.8,27786.4,,1987.9,35.8,53731.7,1989.0,1326.8,22.8,1277.1,1263.4,,1276.3,17.9,8.4,,1276.7,18.9,11.0,1276.6,81.1,26.0,80.5,79.9,,80.4,20.1,1573.1,,80.5,20.0,3121.7,80.5,76.8,17.2,76.7,76.3,,76.7,17.1,1271.3,,76.7,17.0,3121.7,76.7,True,0.11245306076542376,8.751805555555556,9.576972072042668,31.662083997982883,167.50278615670337,24.898515903573166
45,46,2020-10-08 19:00:17,0.0396,M5,,9.57611111111111,46,0.74,141216.7,208.2,134203.7,130294.3,127823.3,133867.9,107.7,8.6,,133879.0,121.8,,133879.0,3889.4,29.7,3810.9,3700.6,39995.4,3801.1,25.8,2345.2,,3801.7,28.2,,3801.7,3140.5,24.1,3087.9,2998.5,1071.6,3080.3,18.8,16.7,,3080.6,18.2,,3080.6,106.7,18.6,109.4,106.8,347.5,109.2,18.6,152.9,,109.2,18.4,,109.2,104.3,15.9,105.7,104.5,347.5,105.6,15.9,152.9,,105.6,15.6,,105.6,True,0.31546484876146025,9.258055555555556,10.036077475907467,53.41885708388224,1591.8693013228,33.912740086694804
46,48,2020-10-08 19:03:27,0.0411,CP,,9.62888888888889,48,0.93,84279.4,276.1,81255.0,80240.2,,81128.3,125.4,228.0,,81150.4,156.8,,81150.4,2326.1,33.1,2271.2,2243.1,,2267.7,27.0,1593.9,,2268.2,33.2,,2268.2,2231.1,24.2,2180.1,2153.1,,2176.8,16.8,6.8,,2177.4,17.2,,2177.4,83.1,16.1,82.1,81.3,,82.0,15.8,31.2,,82.0,15.8,,82.0,78.7,14.3,78.6,78.1,,78.5,14.0,31.2,,78.5,13.9,,78.5,True,0.28072988853734,9.311944444444444,9.932838539013844,35.31796321374208,1129.91050451206,38.70593190748738
47,47,2020-10-08 19:09:19,0.249,M8,,9.726666666666667,47,1.57,47891.2,156.8,47829.5,47343.2,,47794.4,65.4,1846.2,,47807.7,104.4,1846.2,47807.2,2228.4,126.2,2242.3,2220.7,,2240.6,29.1,91663.6,,2241.2,31.2,91663.6,2242.2,1473.0,21.9,1420.4,1406.1,,1419.4,17.5,75.2,,1419.8,18.0,75.2,1419.7,95.5,25.6,92.8,92.1,,92.7,19.6,5852.7,,92.7,19.3,5852.7,92.8,89.4,17.2,88.8,88.5,,88.8,17.0,5852.7,,88.8,16.9,5852.7,88.8,True,0.13918120372764728,9.405416666666667,9.705983522861489,31.227178015997524,410.6460681223818,27.227626086911364
48,54,2020-10-08 19:40:13,0.2949,M8,,10.241666666666667,54,0.93,62379.8,141.3,62575.0,61607.5,10659.5,62522.1,67.3,250.6,,62526.2,76.4,146.0,62522.2,2798.1,466.9,2833.6,2796.9,9239.2,2831.0,33.1,63022.2,,2831.3,45.4,102894.9,2837.8,1729.3,19.8,1709.2,1683.0,278.7,1707.7,16.0,20.8,,1707.9,16.0,23.2,1707.8,96.8,46.5,96.5,95.7,233.9,96.4,18.6,4089.1,,96.4,18.8,6758.0,96.9,92.3,16.4,92.7,92.1,233.9,92.6,16.3,1887.6,,92.6,16.3,8554.1,92.6,True,0.32851149389616147,9.984166666666667,9.950063602967782,39.18615603132514,1075.7429290642779,32.24669451016129
49,51,2020-10-08 19:43:10,0.0182,M8-2,15.41899441,10.290833333333333,51,1.26,64669.1,119.0,65265.3,64078.0,1146.5,65212.6,62.1,713.8,,65211.8,72.1,837.2,65211.1,3035.3,119.3,3106.1,3051.6,1885.8,3103.6,51.6,37679.1,,3103.5,57.1,108746.1,3104.6,1801.7,19.9,1782.7,1750.6,42.3,1781.3,17.1,30.0,,1781.3,16.6,48.3,1781.3,102.4,23.5,103.4,101.9,75.7,103.3,20.2,1965.1,,103.3,20.0,5797.0,103.4,98.0,16.5,98.9,98.1,75.7,98.9,16.5,69.5,,98.9,16.3,5797.0,98.9,True,,,0.0,,,0.280625698262
50,55,2020-10-08 20:20:19,0.0217,M8-2,,10.91,55,1.47,86270.8,108.1,86066.8,84329.6,19513.2,85999.1,55.9,98.5,,86016.8,70.9,89.7,86014.9,3749.9,209.0,3791.5,3719.1,8108.6,3788.2,30.8,107856.0,,3789.3,37.2,161063.3,3792.7,2129.8,17.0,2061.5,2020.2,194.8,2059.9,14.6,14.2,,2060.4,14.9,18.3,2060.3,110.7,29.8,110.4,108.7,96.4,110.3,17.2,7851.0,,110.3,17.2,11760.1,110.6,104.6,14.7,105.0,104.2,59.9,105.0,14.6,10664.0,,105.0,14.6,11760.1,105.0,True,0.2840764465092826,10.600416666666668,0.253756592245783,42.10890926335655,998.7070475180445,0.33459217869700003
51,58,2020-10-08 20:24:22,0.3521,M8,,10.9775,58,1.56,86739.5,223.4,83675.3,83004.3,10950.6,83609.9,104.8,138.3,10950.6,83627.5,146.2,170.9,83624.9,3229.3,272.5,3122.2,3099.3,18381.0,3119.6,29.7,60781.3,18381.0,3120.3,34.1,90405.1,3122.3,2131.6,21.5,2029.8,2013.7,423.6,2028.3,16.7,11.2,423.6,2028.7,17.0,14.0,2028.6,108.5,27.3,104.2,103.6,1136.1,104.1,17.1,2635.1,1136.1,104.1,16.8,3939.4,104.2,99.9,14.6,99.2,98.9,1136.1,99.2,14.5,2549.2,1136.1,99.2,14.4,3939.4,99.2,True,0.2409226414583596,10.609583333333335,10.205823007769178,34.216229872085066,888.3634046622923,38.50139415743571
52,62,2020-10-08 20:51:39,0.4,M8,,11.432222222222222,62,1.96,112243.3,236.8,106220.7,105132.9,66111.6,106108.7,107.1,664.0,,106140.2,162.8,664.0,106136.8,4309.3,862.1,4164.5,4130.6,33786.9,4159.7,28.2,262657.2,,4161.3,29.8,262657.2,4169.8,2513.3,22.3,2348.8,2324.9,955.0,2346.4,16.7,29.9,,2347.1,17.1,29.9,2347.0,112.5,44.6,110.3,109.6,476.1,110.2,16.8,8768.7,,110.3,16.5,8768.7,110.5,104.9,14.6,104.6,104.1,476.1,104.5,14.3,8732.4,,104.5,14.1,8732.4,104.5,True,0.28049942297441127,11.204861111111112,10.389837780568133,44.014825338972166,1315.7248385033904,43.73915837254838
53,49,2020-10-08 21:25:29,0.0612,M5,,11.99611111111111,49,1.29,288278.9,125.9,312315.1,302413.1,1112.7,311991.7,89.9,,,312469.0,174.6,,312469.0,5565.1,60.4,6100.5,5908.9,2549.9,6094.2,53.6,,,6103.5,61.5,,6103.5,4995.5,11.5,5363.9,5194.1,19.0,5358.4,10.5,,,5366.5,12.6,,5366.5,125.7,12.1,132.6,128.8,45.1,132.4,12.1,,,132.6,12.1,,132.6,117.9,11.1,124.7,122.9,45.1,124.6,11.1,,,124.7,11.1,,124.7,True,0.17988350051977087,10.786111111111111,10.66410869852051,31.819415810159846,1732.8104447067672,52.41059831580105
54,66,2020-10-08 21:35:25,0.0307,M8,15.15151515,12.161666666666667,66,0.9,152650.9,182.2,133044.8,130694.3,878.1,132867.6,97.0,462.1,1452.8,132944.6,138.3,385.3,132938.0,4771.1,976.2,4286.0,4227.5,1529.1,4280.4,46.5,267281.7,1755.2,4282.8,59.0,442030.3,4299.1,2965.4,18.4,2780.8,2731.9,36.4,2777.1,15.0,14.2,103.3,2778.7,15.7,15.6,2778.6,120.1,44.8,115.8,114.5,69.8,115.6,16.6,8118.5,272.4,115.7,16.6,13471.1,116.2,109.1,14.3,109.0,108.2,69.8,109.0,14.2,8628.6,272.4,109.0,14.2,14434.7,109.0,True,0.20686790541781075,11.796944444444446,10.60753850643559,31.307148593039965,1124.032285608254,50.86333946602106
55,52,2020-10-08 21:37:41,0.0704,CP,,12.199444444444444,52,1.32,210148.4,250.4,214844.2,211702.4,,214591.2,171.8,,,214735.6,225.7,,214735.6,4530.0,32.5,4632.4,4565.0,,4627.0,28.9,,,4630.0,33.2,,4630.0,3923.9,19.3,3713.7,3659.7,,3709.4,16.3,,,3711.9,17.1,,3711.9,108.7,14.4,104.0,102.7,,103.9,14.4,,,103.9,14.2,,103.9,97.7,12.7,97.7,97.2,,97.7,12.7,,,97.7,12.6,,97.7,True,0.20936530256997068,10.914166666666667,10.709275573969459,28.526094135680136,1242.6711398390964,66.29921183180322
56,53,2020-10-08 23:03:44,0.073,M5,,13.633611111111112,53,0.83,445568.8,192.6,421840.4,415926.4,1439.9,421557.1,136.3,519.3,105406.6,421827.1,194.4,,421822.7,7670.4,65.5,7273.2,7172.1,2820.5,7268.3,51.5,3999.2,25355.2,7272.6,67.1,,7272.9,7014.9,12.2,6747.3,6652.8,21.8,6742.8,10.9,5.9,2433.5,6747.1,11.9,,6747.0,148.9,11.7,143.5,141.7,56.9,143.5,11.6,47.4,886.5,143.5,11.7,,143.5,130.5,10.4,132.7,131.9,56.9,132.6,10.4,47.4,886.5,132.7,10.4,,132.7,True,0.10767160404892234,12.814861111111112,10.918473509595238,21.565695871651194,1499.316453864634,62.515909755775766
57,56,2020-10-08 23:07:01,0.0878,CP,,13.688333333333333,56,0.94,314931.9,179.8,352589.8,347513.1,,352375.6,135.7,535.2,,352585.6,181.5,,352585.6,5880.9,56.2,6521.7,6428.6,,6517.8,51.5,1863.3,,6521.6,56.4,,6521.6,5245.0,13.2,5070.9,4998.0,,5067.8,12.2,7.1,,5070.8,13.0,,5070.8,123.1,12.5,117.7,116.1,,117.6,12.6,18.7,,117.6,12.5,,117.6,108.2,11.7,109.6,109.0,,109.6,11.7,22.2,,109.6,11.7,,109.6,True,0.14834433860400542,12.943888888888889,11.027921084867518,25.720208870492158,1571.0219869552886,82.68566475614094
58,57,2020-10-08 23:10:20,0.038,M8,,13.743611111111111,57,0.76,268736.8,163.9,306488.9,301567.7,739345.8,306271.3,120.7,525.3,,306464.2,158.1,34849.2,306458.8,6622.6,86.5,7476.8,7358.1,256648.8,7457.5,71.8,1917.7,,7471.1,88.3,259364.7,7476.0,4443.7,12.1,4354.1,4284.3,2214.4,4351.5,10.8,16.6,,4353.7,11.6,662.6,4353.7,138.8,12.4,135.1,133.2,2977.0,134.9,12.1,46.1,,135.0,12.4,7455.6,135.1,124.2,10.8,126.2,125.4,831.5,126.2,10.7,26.1,,126.2,10.7,7455.6,126.2,True,0.13484892335024468,12.95263888888889,10.915299269396359,28.99126033588635,1483.1463583289203,62.957879469342025
59,59,2020-10-08 23:13:22,0.0359,M8-2,,13.794166666666667,59,1.32,249087.8,152.6,267649.2,263593.7,946.6,267491.7,111.7,498.4,,267644.3,155.8,498.4,267639.6,6691.3,1624.2,7119.3,7036.0,1736.1,7115.2,66.1,1333545.4,,7119.2,70.2,1333545.4,7143.0,4480.7,13.1,4322.7,4257.4,60.4,4320.2,11.8,11.9,,4322.7,12.9,11.9,4322.6,157.1,35.7,149.4,147.6,93.2,149.3,13.4,18955.8,,149.4,13.5,18955.8,149.7,138.1,12.1,139.5,138.5,93.2,139.4,11.9,18955.8,,139.5,11.9,18955.8,139.5,True,0.17454783066668106,12.352083333333333,0.9800453936243549,36.94657501286506,1372.3283495376897,0.553541899319
60,61,2020-10-09 01:10:34,0.0933,M5,,15.7475,61,1.1,580222.3,195.6,689694.4,679160.4,282125.4,689356.9,159.0,-0.6,371966.9,689716.7,198.5,,689703.8,8882.3,37.2,10368.2,10210.4,86546.5,10357.6,31.5,1829.1,117941.5,10363.9,38.4,,10368.3,9101.2,11.6,8865.7,8730.4,2638.5,8861.4,11.0,4.1,3305.8,8866.0,11.6,,8865.8,169.5,10.7,161.2,158.9,981.5,161.1,10.7,25.2,1306.1,161.2,10.7,,161.2,143.1,10.0,147.6,146.6,1160.4,147.5,10.0,25.2,1228.6,147.6,10.0,,147.6,True,0.11607074903254475,14.690555555555555,11.272454126679616,26.164051639245667,1918.244702755094,79.90047096183396
61,60,2020-10-09 01:14:47,0.11599999999999999,CP,,15.817777777777778,60,0.75,448740.6,199.9,447207.9,443674.8,18455.2,447045.7,145.8,-29.8,,447201.4,198.2,,447201.4,7693.3,32.9,7510.9,7451.8,13960.3,7508.0,27.1,1517.1,,7510.8,32.7,,7510.8,6900.4,11.5,6659.9,6607.3,257.5,6657.5,10.3,2.9,,6659.8,11.2,,6659.8,140.4,10.5,134.8,133.9,280.2,134.8,10.4,43.2,,134.8,10.5,,134.8,123.4,10.0,126.0,125.6,280.2,125.9,9.7,43.2,,126.0,10.0,,126.0,True,0.13079875889317202,14.753055555555555,11.429753045347095,24.715890040216255,1523.1080686624553,109.24301949558483
62,63,2020-10-09 01:19:21,0.0495,M8,,15.893888888888888,63,0.89,438369.8,205.1,400733.5,398894.1,,400613.5,133.0,570.2,,400733.5,202.7,565.7,400721.5,9067.6,5902.5,8300.7,8289.7,,8298.3,47.2,599191.8,,8300.7,52.8,897983.6,8327.5,6852.9,11.1,5967.2,5939.9,,5965.4,9.5,13.8,,5967.2,11.0,16.6,5967.0,169.3,146.1,149.5,149.5,,149.5,10.5,13886.4,,149.5,10.5,20820.8,150.1,142.1,9.8,139.2,139.0,,139.2,9.7,17965.1,,139.2,9.8,20820.8,139.2,True,0.12295458409168472,14.818750000000001,11.296728376032382,24.62131765207732,1393.1785184469793,82.01092194032712
63,64,2020-10-09 01:24:52,0.0439,M8-2,,15.985833333333334,64,0.81,382435.7,210.1,362465.9,361084.0,,362412.9,169.5,499.0,,362460.6,203.5,499.0,362449.9,9315.0,12511.1,8697.0,8711.6,,8695.7,45.8,1626768.4,,8696.9,44.4,1626768.4,8744.4,6296.0,11.8,5841.1,5818.8,,5840.2,10.8,9.5,,5841.0,11.6,9.5,5840.8,181.9,248.7,168.6,168.9,,168.5,10.6,31083.3,,168.6,10.6,31083.3,169.5,158.6,9.8,156.6,156.4,,156.6,9.6,31083.3,,156.6,9.6,31083.3,156.6,True,0.09179179829059729,14.89,1.2702824893366618,23.75465178605948,1163.467633504324,0.676893854599
64,65,2020-10-09 09:18:40,0.0382,M5,3.1815181519999998,23.8825,65,1.33,630424.6,148.9,880410.1,582432.8,71112.3,857016.7,82.0,235.2,122813.2,909299.4,641.4,1348.0,907200.7,10467.5,134.6,14627.8,9721.7,38184.6,14227.7,39.7,46383.3,25394.0,15059.0,69.6,56178.9,15109.7,9309.7,16.9,11260.8,7454.6,1176.3,10962.8,14.2,15.5,3582.9,11624.1,27.1,36.9,11600.8,165.8,19.1,213.3,147.6,689.5,208.0,16.0,1525.3,809.6,218.4,16.6,1825.6,220.7,146.4,14.5,203.4,144.9,610.7,200.5,14.2,1505.1,718.0,206.6,14.4,1702.7,207.0,True,0.03249832783263669,19.815,11.653865036704424,13.601712436130851,672.6776596774056,104.0795638911445
65,67,2020-10-09 09:22:13,0.0458,CP,3.061728395,23.941666666666666,67,1.05,626727.6,120.0,806695.9,674485.6,99622.4,800026.9,61.8,147.6,541462.9,826037.1,659.9,1279.5,825095.8,12053.6,107.2,15380.6,12877.0,33202.1,15251.4,22.3,52919.2,42805.9,15668.1,44.4,53658.6,15745.3,9075.4,13.8,9169.2,7668.5,859.7,9093.7,12.2,15.3,7932.9,9383.5,24.1,49.4,9377.1,171.1,17.5,192.0,163.4,365.0,190.5,14.2,2187.2,710.7,194.9,14.0,2212.4,196.8,169.2,12.8,190.1,172.9,306.3,189.4,12.9,1530.3,716.5,192.0,12.6,1530.3,192.2,True,0.023347622558646104,19.87972222222222,11.703394050902268,11.54300004105539,523.4804629439511,132.0589519597312
66,68,2020-10-09 09:26:24,0.0572,M8-2,,24.011388888888888,68,0.98,564631.4,129.6,665759.4,582861.1,264650.2,661516.3,68.5,239.9,295607.8,674241.7,466.4,230.5,673967.3,13582.9,605.3,16099.0,14169.4,69854.8,15987.2,19.0,203484.5,94941.6,16297.7,43.1,221129.2,16379.2,8666.9,14.3,8474.2,7420.6,1974.7,8420.6,12.6,16.6,3607.6,8581.6,21.2,16.2,8578.2,216.9,24.1,232.8,206.8,708.3,231.3,14.3,3464.3,1478.9,235.5,14.3,3759.0,236.9,202.2,12.8,223.8,206.3,338.5,223.0,12.9,1845.9,1635.5,225.3,12.7,1886.9,225.3,True,0.03297461172285254,19.99861111111111,1.6520766965796931,15.191810350290819,582.5005214612015,0.881966480252
67,69,2020-10-09 09:33:25,0.0625,M8,,24.128333333333334,69,0.62,684636.1,164.6,819544.6,720362.3,274899.7,811936.1,73.6,288.9,337887.1,819223.7,175.9,288.1,818682.2,14977.9,635.8,17719.0,15651.2,66160.9,17545.8,24.7,124539.4,87291.2,17708.0,30.6,132099.9,17783.7,9420.7,15.0,9042.6,7949.9,2908.8,8959.0,12.7,15.0,4103.9,9039.2,14.5,15.4,9033.2,197.1,27.4,211.5,189.2,698.0,209.5,15.2,2541.0,1059.7,211.4,15.0,2696.4,213.0,188.2,13.7,205.2,192.3,502.1,204.2,13.8,1868.2,1122.5,205.2,13.5,2151.6,205.2,True,0.02831932241950341,20.011111111111113,11.63315604061486,12.843657485143089,587.7760097388283,103.54914386404938
68,70,2020-10-09 11:54:34,0.0407,M5,,26.480833333333333,70,1.41,523897.5,280.3,966968.4,564275.0,179567.9,893910.4,150.8,196.6,245741.6,1007064.6,499.0,187.7,1004447.7,9639.0,439.8,17302.8,10278.2,76889.9,15969.1,80.4,70625.5,132851.1,17963.7,130.5,102902.1,18201.0,7535.4,22.5,11093.2,6481.5,1844.2,10258.8,17.4,13.6,2918.9,11550.6,27.3,12.9,11520.6,140.8,27.7,218.3,138.9,888.5,203.2,17.9,1886.6,1640.8,225.9,19.2,2731.0,232.3,51.9,16.8,211.9,57.3,645.1,200.9,15.8,1436.1,1423.3,217.6,16.8,2219.7,217.9,True,0.024397399680315655,25.18166666666667,11.745321192934924,9.99357939757957,251.21680236142024,110.89105367459638
69,71,2020-10-09 11:59:13,0.0481,CP,,26.558333333333334,71,0.85,603682.9,192.6,773825.6,633021.6,229506.8,759026.6,73.8,140.1,89221.7,810720.2,1167.0,149.2,809246.3,11929.2,591.8,15229.7,12565.5,67524.1,14929.9,35.1,66919.0,93143.8,15947.6,72.2,71759.2,16049.9,8541.5,17.4,8743.7,7155.5,1922.2,8577.3,14.0,12.9,2209.2,9158.0,34.9,14.2,9141.4,159.9,31.9,185.8,157.8,640.8,182.4,16.2,1946.1,900.7,194.1,15.4,2091.7,197.5,158.3,14.3,191.6,164.7,540.4,189.2,14.3,1751.8,900.7,196.8,13.4,1806.3,197.0,True,0.018725383181493912,25.25,11.774083346575367,3.9596748107396276,83.29688236276407,138.69073339002335
70,72,2020-10-09 12:01:39,0.0596,M8-2,,26.59888888888889,72,1.04,593152.9,192.8,704996.1,611039.9,183565.6,695518.7,75.7,138.4,294622.1,713888.7,475.6,239.9,712296.4,14668.9,1184.4,17330.9,15178.5,58081.5,17090.6,22.8,83859.4,66617.1,17539.8,40.0,83842.9,17689.1,9002.4,16.9,8607.8,7462.5,2750.1,8492.4,13.6,13.2,5916.5,8715.6,21.9,15.9,8696.5,253.4,49.2,251.0,224.1,1193.1,247.6,15.2,2496.6,1660.4,253.8,14.7,2497.5,258.8,222.5,13.5,240.7,219.8,834.0,238.7,13.5,1795.0,1483.8,242.4,13.1,1793.5,242.7,True,0.015884705578957235,25.30513888888889,1.7113738802634653,12.402856868517592,182.94088118292302,0.918972066836
71,73,2020-10-09 12:08:33,0.0664,M8,,26.71388888888889,73,0.82,647196.9,463.9,844841.8,802746.8,385341.6,833438.1,113.1,241.0,456493.6,867181.9,2011.1,355.5,866326.5,13018.9,4117.1,16588.6,15966.8,79068.7,16349.3,37.4,229802.4,94904.8,17017.3,90.3,231747.0,17227.4,9061.8,18.8,9203.0,8745.1,2147.9,9079.6,10.7,10.0,3836.1,9445.4,43.8,12.4,9436.0,202.6,79.6,207.7,201.3,684.0,204.9,11.7,3855.1,977.2,212.8,11.2,3900.3,216.4,180.7,11.0,208.1,202.0,490.8,206.5,11.0,2364.0,672.2,211.3,10.3,2364.0,211.4,True,0.023411022675560462,25.421111111111113,11.720483092412335,6.342714103557738,372.0843606512607,110.01061044116607
72,74,2020-10-09 14:53:51,0.0538,M5,,29.468888888888888,74,2.9,252010.1,335.1,828901.1,259581.9,48380.6,632835.7,183.4,160.8,176738.2,979984.5,628.6,600.3,967480.0,4674.4,416.3,14607.5,4856.5,20539.5,11211.0,103.3,57483.7,25173.5,17072.6,171.8,77949.0,17663.0,4113.2,26.8,9798.5,3084.2,1128.4,7492.1,20.6,13.7,4445.3,11555.6,35.3,32.7,11418.9,98.8,31.3,206.3,86.0,590.8,163.8,21.1,1878.8,901.5,234.2,23.0,2549.3,258.3,27.1,19.8,197.5,25.3,292.0,96.2,18.7,1729.8,851.2,227.2,20.2,2208.5,229.4,True,0.09338694329172449,27.97486111111111,12.1478985712253,31.768353009185706,1040.2361396557908,146.58326013988415
73,75,2020-10-09 15:00:23,0.0515,CP,,29.57777777777778,75,1.91,480464.4,237.8,687856.0,511284.1,82915.3,662895.2,92.3,163.7,16225.0,727051.8,866.0,215.6,719890.5,10918.0,1518.2,15010.4,11545.8,40154.0,14436.0,33.1,55215.7,34441.3,15839.5,64.1,56604.2,16238.3,7436.6,22.2,7948.6,5913.2,719.1,7661.9,17.4,15.7,712.7,8398.8,33.3,17.8,8316.3,180.6,75.1,195.1,164.3,798.1,187.9,19.1,2108.2,1209.2,205.0,18.0,2154.9,224.1,119.7,16.4,203.4,126.7,625.0,197.5,16.3,1749.4,931.6,211.0,15.1,1768.8,212.3,True,0.022619932843487674,28.068055555555556,11.872618884875905,13.583913719306231,-75.93716524650476,148.49423637393352
74,76,2020-10-09 15:03:13,0.0617,M8-2,,29.625,76,2.36,470635.8,226.8,650208.8,528688.3,80397.5,634484.8,80.5,144.1,656138.4,669124.1,668.2,362.2,661752.2,12853.2,2953.0,17414.4,14710.7,49386.6,16851.8,35.0,76034.8,52501.7,17232.4,63.8,76078.4,18401.8,8059.7,19.5,7929.6,6450.7,1111.7,7738.7,15.1,13.2,9322.7,8138.4,27.7,18.5,8069.3,229.0,105.5,240.2,215.0,907.4,233.8,17.3,2025.1,851.8,236.5,16.6,2023.2,265.1,176.6,15.3,235.5,193.3,580.2,230.8,14.9,1799.6,827.4,237.9,14.3,1798.4,242.4,True,0.01144318749992079,28.111944444444447,1.7613320389507217,5.07988473096803,-111.36189146989638,0.951351955097
75,77,2020-10-09 15:05:52,0.0688,M8,,29.669166666666666,77,1.07,505620.6,288.9,671686.6,532372.6,129127.5,647480.6,95.6,165.7,13591.8,722564.9,1480.4,197.3,712759.5,11566.6,3382.7,14276.2,12015.9,45668.2,13735.0,37.1,69395.9,42126.7,15332.3,85.9,69892.5,16069.4,7317.8,21.9,7576.7,6009.1,1425.6,7305.1,16.3,14.4,513.9,8146.1,44.3,15.5,8035.8,183.6,124.3,185.4,172.8,919.1,178.7,18.0,2228.9,1568.6,198.1,16.7,2244.2,225.8,86.0,15.9,183.5,90.6,671.9,174.6,15.7,1966.6,1359.6,198.9,14.2,1971.5,201.3,True,0.012014670405571564,28.19152777777778,11.771708415767508,5.837834512422666,-368.9066044673723,113.98689756554556
76,78,2020-10-09 16:46:05,0.0763,M5,,31.339444444444446,78,1.54,131365.3,392.0,539034.1,117545.9,45658.4,332829.3,208.2,190.6,41765.4,723181.4,663.6,155.8,709757.4,3118.9,585.0,11255.2,2905.8,19613.2,7032.9,139.7,71792.2,39327.1,14842.5,219.6,106741.2,16516.0,2150.1,31.1,7137.5,1576.7,1071.4,4426.8,22.9,15.8,2823.7,9546.0,38.6,14.4,9370.2,69.7,36.5,174.4,66.5,598.7,118.7,23.6,2021.0,2019.2,222.1,25.8,2984.6,272.9,26.8,22.8,87.7,26.0,245.5,43.1,21.3,1729.0,1727.8,204.3,23.2,2465.8,209.5,True,0.18678914405132474,30.404166666666665,12.651975455503207,57.788515528422145,839.4884273204217,207.88666819095096
77,79,2020-10-09 16:51:59,0.0579,CP,,31.43777777777778,79,3.23,325449.4,300.8,494868.4,350244.1,36890.2,468169.3,124.1,179.6,9020.0,497763.7,406.4,296.2,488425.3,7226.4,3172.9,9910.4,7940.2,57437.0,9289.5,39.8,69518.5,20704.3,9883.8,60.9,72992.4,11052.4,5332.9,24.0,6146.4,4356.1,644.2,5817.1,18.0,15.7,382.8,6183.2,23.1,17.8,6067.5,150.9,121.3,149.8,141.5,1009.9,141.0,18.7,2285.4,860.5,149.3,18.1,2353.3,190.2,38.6,16.6,68.2,35.4,743.1,57.2,16.2,1923.4,728.1,69.5,15.4,1944.0,74.9,True,0.06297611661788131,30.507777777777775,12.04160980079456,-5.204112419952741,-757.9295439068899,166.94788904952915
78,80,2020-10-09 16:57:13,0.0748,M8-2,,31.525,80,1.88,398125.8,309.5,498943.2,408876.1,87645.1,483557.1,116.2,158.0,19566.9,484830.4,149.3,196.3,474045.2,10817.7,7812.1,12769.9,11874.4,49734.6,12315.7,40.2,73896.9,85176.7,12365.9,58.5,74809.3,13758.3,6388.8,21.0,6690.9,5486.1,1152.3,6485.8,15.0,13.4,622.2,6502.8,15.0,14.4,6358.5,213.7,243.7,202.6,210.0,1003.9,195.6,15.8,2178.3,1742.0,196.4,16.0,2204.1,241.0,64.1,15.5,169.9,70.6,601.5,146.1,14.3,1951.6,1582.2,148.9,14.2,1963.7,165.3,True,0.10133366003636293,30.575000000000003,2.0390998196889405,12.939076938632892,-172.45602560563367,1.1533407818680002
79,81,2020-10-09 17:08:22,0.0828,M8,,31.710833333333333,81,1.72,391042.1,364.7,474550.2,367093.7,37502.2,451156.0,133.6,163.9,31166.0,452835.5,178.0,215.9,441243.1,9558.0,7425.9,10115.0,9505.6,56305.9,9537.5,43.2,80030.1,66532.8,9584.3,56.3,81192.9,11415.2,5850.2,24.1,6021.2,4662.2,741.4,5726.1,16.9,14.5,746.1,5747.7,16.6,15.8,5601.0,178.3,232.3,152.2,170.4,1129.4,143.7,17.1,2352.7,1279.7,144.5,17.0,2377.4,201.4,48.3,16.1,67.8,44.8,763.7,60.5,15.2,2037.4,994.3,61.1,15.0,2047.9,64.6,True,0.09072211418053032,30.69,12.038930618564736,7.403647635657118,-578.2087346719044,137.18190579109262
