Tube Name:,strain_number,Sample ID:,All Events ,P1 Events,V1L Events,V1R Events,H1-UR Events,H1-UL Events,H1-LL Events,H1-LR Events,P2 Events,P3 Events,All Events  % Total,P1 % Total,V1L % Total,V1R % Total,H1-UR % Total,H1-UL % Total,H1-LL % Total,H1-LR % Total,P2 % Total,P3 % Total,All Events  % Parent,P1 % Parent,V1L % Parent,V1R % Parent,H1-UR % Parent,H1-UL % Parent,H1-LL % Parent,H1-LR % Parent,P2 % Parent,P3 % Parent,All Events  Mean FITC-A,P1 Mean FITC-A,V1L Mean FITC-A,V1R Mean FITC-A,H1-UR Mean FITC-A,H1-UL Mean FITC-A,H1-LL Mean FITC-A,H1-LR Mean FITC-A,P2 Mean FITC-A,P3 Mean FITC-A,All Events  Mean FSC-A,P1 Mean FSC-A,V1L Mean FSC-A,V1R Mean FSC-A,H1-UR Mean FSC-A,H1-UL Mean FSC-A,H1-LL Mean FSC-A,H1-LR Mean FSC-A,P2 Mean FSC-A,P3 Mean FSC-A,All Events  Mean SSC-A,P1 Mean SSC-A,V1L Mean SSC-A,V1R Mean SSC-A,H1-UR Mean SSC-A,H1-UL Mean SSC-A,H1-LL Mean SSC-A,H1-LR Mean SSC-A,P2 Mean SSC-A,P3 Mean SSC-A,All Events  Mean FSC-Width,P1 Mean FSC-Width,V1L Mean FSC-Width,V1R Mean FSC-Width,H1-UR Mean FSC-Width,H1-UL Mean FSC-Width,H1-LL Mean FSC-Width,H1-LR Mean FSC-Width,P2 Mean FSC-Width,P3 Mean FSC-Width,All Events  Mean Time,P1 Mean Time,V1L Mean Time,V1R Mean Time,H1-UR Mean Time,H1-UL Mean Time,H1-LL Mean Time,H1-LR Mean Time,P2 Mean Time,P3 Mean Time,All Events  CV FITC-A,P1 CV FITC-A,V1L CV FITC-A,V1R CV FITC-A,H1-UR CV FITC-A,H1-UL CV FITC-A,H1-LL CV FITC-A,H1-LR CV FITC-A,P2 CV FITC-A,P3 CV FITC-A,All Events  rCV FITC-A,P1 rCV FITC-A,V1L rCV FITC-A,V1R rCV FITC-A,H1-UR rCV FITC-A,H1-UL rCV FITC-A,H1-LL rCV FITC-A,H1-LR rCV FITC-A,P2 rCV FITC-A,P3 rCV FITC-A
01-Well-A1,1,,200000,173084,2960,170124,0,0,1553,112587,199826,114140,100.00%,86.54%,1.48%,85.06%,0.00%,0.00%,0.78%,56.29%,99.91%,57.07%,100.00%,86.54%,1.71%,98.29%,0.00%,0.00%,1.36%,98.64%,99.91%,65.94%,109443.4,112379.4,1563.9,114307.5,####,####,863.9,106352.2,109538.5,104916.9,12495,12687.7,10366.4,12728.1,####,####,10826.7,12313.5,12490.2,12293.3,10440.7,10250.1,8249.4,10284.9,####,####,8989.2,9806.3,10371.1,9795.2,681.7,691.8,667.1,692.2,####,####,673.2,678.2,681.7,678.1,484175.2,486227.7,367778.8,488288.6,####,####,378862.1,487312,484589.8,485836.4,58.92%,51.79%,211.36%,49.71%,####,####,146.42%,36.61%,58.82%,38.65%,42.87%,40.99%,149.89%,40.19%,####,####,127.74%,35.09%,42.83%,35.67%
01-Well-A2,1,,200000,179144,2014,177130,0,1,1386,122820,196019,124207,100.00%,89.57%,1.01%,88.56%,0.00%,0.00%,0.69%,61.41%,98.01%,62.10%,100.00%,89.57%,1.12%,98.88%,0.00%,0.00%,1.12%,98.88%,98.01%,69.33%,90663,92383,3405.2,93394.7,####,653.9,3884.7,87253.8,90968.7,86322.8,11659,11751.2,10641.7,11763.8,####,6381.1,11077.9,11488.6,11672.4,11484,10795.3,10705.6,9576.4,10718.4,####,10173.9,9730.6,10154.1,10776.2,10149.4,666.4,677.7,655.9,678,####,654.4,669.9,670.6,666.5,670.6,299296.6,297809.3,273380,298087.1,####,50335,286853.1,297125.7,305218.4,297009.1,56.94%,48.40%,127.40%,47.04%,####,0.00%,112.11%,33.68%,56.96%,35.34%,38.38%,37.04%,123.10%,36.57%,####,0.00%,121.51%,32.31%,38.33%,32.79%
01-Well-A3,1,,200000,181728,181651,77,0,0,127332,45,197204,127377,100.00%,90.86%,90.83%,0.04%,0.00%,0.00%,63.67%,0.02%,98.60%,63.69%,100.00%,90.86%,99.96%,0.04%,0.00%,0.00%,99.96%,0.04%,98.60%,70.09%,420.7,420.7,385.2,83996.8,####,####,377.6,86611,418.4,408,11527.3,11526.8,11526.6,11989.6,####,####,11465.6,11503.2,11541.1,11465.6,11183.1,10656.3,10656.2,10904,####,####,10636.5,10451.7,11183.3,10636.4,685.2,692.4,692.4,692.5,####,####,680.7,667.4,685.5,680.7,380789.8,381757.2,381802.1,275768.4,####,####,378536.7,261465.3,386082.2,378495.3,521.72%,445.90%,68.51%,40.66%,####,####,61.73%,35.14%,511.99%,424.50%,66.13%,62.85%,62.84%,40.73%,####,####,58.37%,30.04%,66.25%,58.39%
01-Well-A4,1,,200000,175147,140961,34186,0,0,105356,16282,198664,121638,100.00%,87.57%,70.48%,17.09%,0.00%,0.00%,52.68%,8.14%,99.33%,60.82%,100.00%,87.57%,80.48%,19.52%,0.00%,0.00%,86.61%,13.39%,99.33%,69.45%,12738.9,13117.6,10727.6,22972.4,####,####,11266.3,23319.9,12754.5,12879.8,13091.3,12593,11509.6,17059.8,####,####,12069.6,15417.2,13097.3,12517.7,13662.9,11285.7,10152.7,15957.8,####,####,10957.4,14182.4,13645.9,11389.1,691.4,710.1,694.4,775.1,####,####,691.3,723.1,691.7,695.5,662986.1,666784.4,656240.3,710261.3,####,####,652771.4,708306.1,667386.2,660205.1,101.90%,78.49%,23.97%,86.53%,####,####,23.43%,94.77%,101.67%,72.94%,34.28%,31.71%,25.41%,17.08%,####,####,25.03%,11.95%,34.26%,29.03%
01-Well-A5,2,,200000,175088,72800,102288,0,0,52380,59715,195603,112095,100.00%,87.54%,36.40%,51.14%,0.00%,0.00%,26.19%,29.86%,97.80%,56.05%,100.00%,87.54%,41.58%,58.42%,0.00%,0.00%,46.73%,53.27%,97.80%,64.02%,37750.6,38905.6,8145.7,60797.8,####,####,9151.8,58577.6,37767.3,35481.8,11471,11630.1,9609,13068.6,####,####,10342,11972.6,11481,11210.6,10601.4,10585.5,8062.4,12381.1,####,####,8728.4,10805.2,10530.7,9834.8,663.1,673.7,632.2,703.2,####,####,653.6,673.2,663,664,199954,196736.6,210285.8,187093.4,####,####,203846.4,178661.2,204252.9,190429.8,120.65%,114.78%,66.01%,77.85%,####,####,58.84%,72.32%,120.92%,111.95%,100.14%,93.33%,61.32%,87.69%,####,####,53.15%,88.15%,101.15%,78.08%
01-Well-A6,1,,200000,158748,157177,1571,0,0,83817,70,188762,83887,100.00%,79.37%,78.59%,0.79%,0.00%,0.00%,41.91%,0.03%,94.38%,41.94%,100.00%,79.37%,99.01%,0.99%,0.00%,0.00%,99.92%,0.08%,94.38%,52.84%,3855.6,4166.4,4005.8,20243,####,####,3769,30704.4,3862,3791.5,9994.5,10534.8,10357.4,28283.5,####,####,10443.9,13954.9,10017.6,10446.8,8828.8,9179.5,8971.9,29948.3,####,####,8539,11815.6,8838.4,8541.7,625,648.2,643.6,1105.1,####,####,650.2,687.3,624.2,650.3,130883.2,127507.4,127279.6,150299.9,####,####,118931.9,132208.9,138147,118942.9,101.69%,79.08%,67.70%,49.41%,####,####,54.00%,89.29%,103.19%,61.08%,70.40%,64.13%,63.51%,14.50%,####,####,51.09%,22.84%,71.29%,51.12%
01-Well-A7,1,,200000,184495,30346,154149,0,0,25143,105200,197568,130343,100.00%,92.25%,15.17%,77.07%,0.00%,0.00%,12.57%,52.60%,98.78%,65.17%,100.00%,92.25%,16.45%,83.55%,0.00%,0.00%,19.29%,80.71%,98.78%,70.65%,22719.3,23023.4,12796.9,25036.6,####,####,13840.6,23884.3,22773.4,21946.9,12448.3,12455.2,9038.8,13127.8,####,####,9635.4,12763.9,12462.4,12160.4,12478.4,11857.8,8262.7,12565.6,####,####,9258.8,12148.6,12453.1,11591.2,686.5,695.3,652,703.8,####,####,661.3,690.9,686.8,685.2,398122.2,400621.3,376115.5,405445.6,####,####,380415.8,403862.1,402915.9,399339.3,57.66%,42.94%,24.86%,37.97%,####,####,21.17%,25.78%,57.64%,31.55%,33.65%,31.86%,12.76%,26.93%,####,####,12.24%,22.64%,33.62%,28.06%
01-Well-A8,1,,10328,3166,1958,1208,0,0,819,679,6303,1498,100.00%,30.65%,18.96%,11.70%,0.00%,0.00%,7.93%,6.57%,61.03%,14.50%,100.00%,30.65%,61.84%,38.16%,0.00%,0.00%,54.67%,45.33%,61.03%,47.32%,4097,11646,4725.4,22863.2,####,####,6013.4,24133,3296.1,14226.5,12566.5,12420,11824.3,13385.4,####,####,11244.7,13883.5,13419.4,12440.8,32805.9,9816.1,9450,10409.4,####,####,9854.1,11605.9,36955.2,10648.1,655.8,740.9,738.6,744.7,####,####,706.1,722.8,653.3,713.7,2257892.8,2998335.8,2873371.8,3200885,####,####,2971323.8,3043056.3,744100.4,3003838,221.44%,102.10%,119.86%,46.93%,####,####,103.49%,47.13%,266.59%,89.24%,190.17%,118.25%,155.43%,22.67%,####,####,144.54%,21.93%,196.93%,80.22%
01-Well-A9,1,,200000,183148,1557,181591,0,0,970,129185,196557,130155,100.00%,91.57%,0.78%,90.80%,0.00%,0.00%,0.49%,64.59%,98.28%,65.08%,100.00%,91.57%,0.85%,99.15%,0.00%,0.00%,0.75%,99.25%,98.28%,71.07%,74014.5,75699,2504.6,76326.6,####,####,2766,72273.1,74168.8,71755.1,14118.7,11715.1,10285.7,11727.3,####,####,10514.2,11479.4,14022.6,11472.2,19522.3,11104.4,9847.5,11115.1,####,####,9921.6,10653.3,19194.7,10647.8,672.2,680.2,666.4,680.3,####,####,671.8,672.7,672.5,672.7,272599.3,272146.5,253165.8,272309.2,####,####,258303,272155.7,277200.3,272052.4,58.43%,42.98%,149.00%,41.87%,####,####,144.66%,29.61%,58.10%,30.87%,35.29%,33.59%,125.86%,33.27%,####,####,127.15%,29.23%,35.28%,29.49%
01-Well-A10,1,,200000,179180,1524,177656,0,0,856,117135,194982,117991,100.00%,89.59%,0.76%,88.83%,0.00%,0.00%,0.43%,58.57%,97.49%,59.00%,100.00%,89.59%,0.85%,99.15%,0.00%,0.00%,0.73%,99.27%,97.49%,65.85%,49523.3,50874.2,3138.1,51283.7,####,####,3144,50132.2,49695.7,49791.3,11875.5,11649.1,10407.2,11659.7,####,####,10776.2,11687.1,11903,11680.5,10924.8,10660.4,9878.6,10667.2,####,####,10235.3,10722.5,10908.5,10718.9,678.5,688.4,674.6,688.6,####,####,681.6,677.7,679,677.7,280448.9,277817.5,237142.2,278166.5,####,####,245260.2,274389.7,287425.4,274178.3,52.02%,44.38%,144.69%,43.35%,####,####,146.53%,29.91%,52.01%,31.07%,35.70%,34.00%,130.16%,33.70%,####,####,116.55%,29.25%,35.65%,29.51%
01-Well-A11,1,,200000,176563,1283,175280,0,0,864,119907,192738,120771,100.00%,88.28%,0.64%,87.64%,0.00%,0.00%,0.43%,59.95%,96.37%,60.39%,100.00%,88.28%,0.73%,99.27%,0.00%,0.00%,0.72%,99.28%,96.37%,68.40%,69368.7,70599.6,2724.5,71096.4,####,####,2835.1,64713.4,69637.9,64270.8,11589.5,11633.9,10422.2,11642.8,####,####,10340.3,11153.5,11611.9,11147.7,10495.5,10485.1,9538.7,10492,####,####,9167.4,9569.3,10457.3,9566.4,660.5,669.2,657.2,669.3,####,####,665,662.9,660.8,662.9,204947.6,201970.9,190371,202055.8,####,####,197647.4,202191.9,212355.4,202159.4,55.84%,47.74%,149.00%,46.86%,####,####,144.77%,31.02%,55.97%,32.17%,38.36%,36.57%,119.97%,36.28%,####,####,119.42%,30.48%,38.39%,30.73%
01-Well-A12,1,,200000,180031,1130,178901,0,0,698,123078,198120,123776,100.00%,90.02%,0.57%,89.45%,0.00%,0.00%,0.35%,61.54%,99.06%,61.89%,100.00%,90.02%,0.63%,99.37%,0.00%,0.00%,0.56%,99.44%,99.06%,68.75%,68288.8,70102.5,2725.6,70528,####,####,2874.4,66887,68462,66526.1,11682.6,11898.7,10588,11906.9,####,####,10695.3,11701.2,11686.4,11695.6,9914.6,9690.1,8464.7,9697.9,####,####,8520.5,9440.3,9889.4,9435.1,670.1,677.7,654.4,677.9,####,####,665.5,669.9,670.2,669.9,311772.3,311868.1,268280.1,312143.4,####,####,281643.3,307454.5,314638.7,307308.9,58.43%,47.40%,149.49%,46.64%,####,####,148.79%,32.67%,58.39%,33.54%,37.87%,36.24%,116.48%,36.01%,####,####,112.42%,31.45%,37.82%,31.67%
01-Well-B1,1,,200000,171021,1880,169141,0,0,1355,109432,192466,110787,100.00%,85.51%,0.94%,84.57%,0.00%,0.00%,0.68%,54.72%,96.23%,55.39%,100.00%,85.51%,1.10%,98.90%,0.00%,0.00%,1.22%,98.78%,96.23%,64.78%,118086.4,121934.1,2644.8,123260,####,####,2829,113595.8,118818.6,112241,10758,10985.8,10373.3,10992.6,####,####,10372.6,10701.7,10781.9,10697.7,9352.5,9568.5,8927.9,9575.6,####,####,8547,8928.8,9291.7,8924.2,655.4,667.3,657.3,667.4,####,####,662.2,659.6,655.7,659.7,181551.1,178913.3,166363.9,179052.8,####,####,174238.5,177887.6,188310.1,177843,61.77%,54.45%,145.40%,53.18%,####,####,144.17%,37.89%,61.79%,39.63%,43.54%,42.29%,121.41%,41.76%,####,####,120.43%,35.66%,43.56%,36.16%
01-Well-B2,1,,200000,176917,1623,175294,0,0,1071,118966,195415,120037,100.00%,88.46%,0.81%,87.65%,0.00%,0.00%,0.54%,59.48%,97.71%,60.02%,100.00%,88.46%,0.92%,99.08%,0.00%,0.00%,0.89%,99.11%,97.71%,67.85%,81609.3,83608.5,3739.5,84347.9,####,####,4085,78279.2,81945,77617.2,11617.1,11724.8,10511.4,11736.1,####,####,10588.2,11396.9,11634.9,11389.7,10524.8,10468.1,9573.8,10476.4,####,####,9368.9,9878.7,10509.7,9874.1,669.3,679.5,662.6,679.7,####,####,667.4,669,669.5,668.9,227006.2,224763.9,207492.1,224923.8,####,####,215505.2,223199.2,232140.3,223130.5,62.02%,56.92%,115.60%,55.93%,####,####,112.31%,44.24%,61.99%,45.32%,50.46%,48.75%,127.73%,48.23%,####,####,123.11%,42.93%,50.46%,43.40%
01-Well-B3,1,,200000,178774,893,177881,0,0,435,118540,198590,118975,100.00%,89.39%,0.45%,88.94%,0.00%,0.00%,0.22%,59.27%,99.30%,59.49%,100.00%,89.39%,0.50%,99.50%,0.00%,0.00%,0.37%,99.63%,99.30%,66.55%,149052.7,151611.4,1264.5,152366.2,####,####,1463.5,149198,149337.7,148657.8,12416.4,12074.8,11605.5,12077.2,####,####,10809.8,12060.2,12427.3,12055.6,11101.9,10951.3,11799.8,10947.1,####,####,11374.7,11024.7,11095.2,11026,689.8,700.2,719.5,700.1,####,####,693.1,685.9,689.9,685.9,472828,474520.6,328295.5,475254.7,####,####,365029.9,475838.3,476120.3,475433.1,52.57%,44.41%,199.71%,43.75%,####,####,195.90%,30.60%,52.49%,31.23%,36.80%,34.89%,110.15%,34.69%,####,####,99.24%,30.14%,36.77%,30.27%
01-Well-B4,1,,200000,175654,26272,149382,0,0,16447,96272,194265,112719,100.00%,87.83%,13.14%,74.69%,0.00%,0.00%,8.22%,48.14%,97.13%,56.36%,100.00%,87.83%,14.96%,85.04%,0.00%,0.00%,14.59%,85.41%,97.13%,64.17%,23901.4,24484.3,13016.3,26501.2,####,####,14058.1,25206.6,23988.5,23579.9,11888.5,11990.2,8433,12615.8,####,####,9066,12398.8,11905.4,11912.5,10398.9,10469.4,6963.9,11086,####,####,7947.7,10806.9,10368.5,10389.7,684,694,638.9,703.7,####,####,651.8,684.1,684.2,679.4,233179,231368.2,209806,235160.4,####,####,212096.6,234177.3,239803.9,230955.5,56.62%,47.84%,21.45%,43.48%,####,####,18.91%,30.24%,56.65%,34.49%,35.15%,33.73%,12.66%,29.01%,####,####,11.56%,24.62%,35.17%,29.01%
01-Well-B5,1,,200000,176806,165397,11409,0,0,106600,6994,194968,113594,100.00%,88.40%,82.70%,5.70%,0.00%,0.00%,53.30%,3.50%,97.48%,56.80%,100.00%,88.40%,93.55%,6.45%,0.00%,0.00%,93.84%,6.16%,97.48%,64.25%,4302.2,4420.4,2591.7,30931.7,####,####,2496.1,31289.5,4307,4268.9,11632.3,11771.9,11694.1,12899.3,####,####,11695.1,12032.6,11643.2,11715.9,10403.3,10487.6,10401.6,11733.8,####,####,10360.9,10678.3,10382.2,10380.5,677.2,687.4,685.6,714.1,####,####,676,678.9,677.2,676.2,234801.8,232464.3,232289.8,234994.7,####,####,232897.5,234961.7,240638.4,233024.6,187.39%,180.10%,59.11%,45.35%,####,####,48.33%,42.24%,187.23%,181.49%,47.62%,45.00%,41.93%,32.62%,####,####,36.08%,29.60%,47.73%,38.48%
01-Well-B6,1,,200000,178996,1575,177421,0,0,915,120433,195578,121348,100.00%,89.50%,0.79%,88.71%,0.00%,0.00%,0.46%,60.22%,97.79%,60.67%,100.00%,89.50%,0.88%,99.12%,0.00%,0.00%,0.75%,99.25%,97.79%,67.79%,66278.7,68329.5,2896.9,68910.4,####,####,3257.1,66930.3,66468.8,66450.2,12567.4,11673,10888.9,11680,####,####,10821.8,11662,12600.4,11655.7,13930.3,10659.1,10591.2,10659.7,####,####,10468.5,10611.2,13987.6,10610.1,678.1,688.1,681,688.1,####,####,683.6,677.4,678.3,677.4,259723.3,257981.4,238110.1,258157.8,####,####,232517.7,255197.5,265399.4,255026.5,52.36%,43.65%,142.98%,42.53%,####,####,132.70%,30.47%,52.35%,31.68%,34.95%,33.15%,134.16%,32.82%,####,####,125.27%,28.82%,34.93%,29.11%
01-Well-B7,1,,200000,179819,29926,149893,0,0,19952,101004,196418,120956,100.00%,89.91%,14.96%,74.95%,0.00%,0.00%,9.98%,50.50%,98.21%,60.48%,100.00%,89.91%,16.64%,83.36%,0.00%,0.00%,16.50%,83.50%,98.21%,67.27%,23842,24337.8,12886.9,26623.9,####,####,13888.6,25185.6,23910.3,23322.1,11563.4,11651.6,8159.5,12348.8,####,####,8799.8,12070.1,11579.2,11530.6,10604.1,10651.2,7043.5,11371.4,####,####,7902.7,10908.8,10591.5,10413,676.4,685.7,634.9,695.8,####,####,649.9,680.8,676.5,675.7,258049.3,256138.5,238270.4,259705.8,####,####,244779.7,259001.4,262595.8,256655.5,55.16%,46.72%,21.96%,41.50%,####,####,19.72%,27.57%,55.15%,32.96%,37.23%,35.66%,13.41%,30.05%,####,####,12.53%,25.16%,37.21%,30.41%
01-Well-B8,1,,9561,3226,1398,1828,0,0,581,991,5924,1572,100.00%,33.74%,14.62%,19.12%,0.00%,0.00%,6.08%,10.37%,61.96%,16.44%,100.00%,33.74%,43.34%,56.66%,0.00%,0.00%,36.96%,63.04%,61.96%,48.73%,6520.9,17319.6,5249.3,26550.5,####,####,6166.4,28102.9,5510.8,19995.3,14731.1,13017.6,12508.5,13407,####,####,11648.2,13816.8,16935.4,13015.3,30209.9,10356.5,10068.3,10577,####,####,10517.2,11929.9,35258.8,11407.8,643,747.5,748.4,746.8,####,####,706.7,722.3,636.2,716.5,2217841,2899538.8,2737715.8,3023296.3,####,####,2577405.5,2776043,757956.8,2702628,201.07%,93.59%,109.78%,58.56%,####,####,100.37%,57.60%,240.40%,85.38%,193.64%,68.62%,151.65%,28.26%,####,####,145.22%,26.83%,187.45%,54.72%
01-Well-B9,1,,200000,176631,2150,174481,0,0,1334,116514,195160,117848,100.00%,88.32%,1.08%,87.24%,0.00%,0.00%,0.67%,58.26%,97.58%,58.92%,100.00%,88.32%,1.22%,98.78%,0.00%,0.00%,1.13%,98.87%,97.58%,66.72%,161930.8,166457.4,2810.4,168473.9,####,####,3123.4,162081.5,162459.3,160282.2,11594.9,11704.8,10638.2,11717.9,####,####,11090,11646.6,11611.8,11640.3,10552.9,10505.5,9380.7,10519.4,####,####,9640.4,10379.4,10502.6,10371,676.5,686.9,675.3,687.1,####,####,677.6,676,676.9,676,263720.8,260246.6,236336,260541.2,####,####,246249.1,260908.7,270040.4,260742.8,58.81%,47.49%,142.20%,45.94%,####,####,137.11%,33.01%,58.90%,34.81%,38.48%,36.56%,127.16%,36.03%,####,####,124.71%,31.44%,38.48%,31.95%
01-Well-B10,1,,200000,176733,2167,174566,0,0,982,108073,197507,109055,100.00%,88.37%,1.08%,87.28%,0.00%,0.00%,0.49%,54.04%,98.75%,54.53%,100.00%,88.37%,1.23%,98.77%,0.00%,0.00%,0.90%,99.10%,98.75%,61.71%,37143.9,38689.9,6446,39090.2,####,####,6630.5,39359.5,37221.8,39064.7,11374.1,11675.4,9336.5,11704.4,####,####,9965.6,11938.5,11378.5,11920.7,10026,9951.5,7633.1,9980.2,####,####,8693.9,10516.4,10015.3,10500,676.9,686.4,649.3,686.8,####,####,661.7,678.1,677,677.9,324125.6,324427.8,283067.8,324941.2,####,####,276992.7,324982,328106.3,324549.9,52.90%,43.53%,96.79%,42.31%,####,####,99.10%,31.86%,52.72%,32.96%,34.78%,32.55%,145.31%,32.10%,####,####,142.69%,28.46%,34.74%,28.79%
01-Well-B11,1,,200000,168394,1488,166906,0,0,909,108408,193651,109317,100.00%,84.20%,0.74%,83.45%,0.00%,0.00%,0.45%,54.20%,96.83%,54.66%,100.00%,84.20%,0.88%,99.12%,0.00%,0.00%,0.83%,99.17%,96.83%,64.92%,163487.3,169163.1,2612.1,170647.9,####,####,3174.5,163312,164068.2,161980.4,11222.6,11450.3,10596,11457.9,####,####,10708,11385.5,11234.6,11379.8,9735.3,9977.4,9610.5,9980.7,####,####,9434.4,9793,9683.6,9790,667.6,680.4,670,680.5,####,####,675.2,670.1,667.7,670.1,238111.3,232902.6,206339.4,233139.4,####,####,219232,232572.4,245637,232461.5,55.00%,49.04%,144.88%,47.94%,####,####,133.67%,34.02%,55.02%,35.32%,40.17%,38.25%,115.25%,37.86%,####,####,113.32%,32.61%,40.15%,32.96%
01-Well-B12,1,,200000,169421,168520,901,0,0,112821,167,192255,112988,100.00%,84.71%,84.26%,0.45%,0.00%,0.00%,56.41%,0.08%,96.13%,56.49%,100.00%,84.71%,99.47%,0.53%,0.00%,0.00%,99.85%,0.15%,96.13%,66.69%,4529.2,4717.2,4463.4,52183.9,####,####,4325.8,130740.2,4534.5,4512.7,10967,11156.8,11080.6,25413.4,####,####,11135.1,12150.7,10989,11136.6,9405.6,9593,9508.3,25435.9,####,####,9400.2,10874.8,9384.1,9402.4,664.5,676.4,674.4,1045.4,####,####,668.4,678.5,665,668.4,213510,211251.1,211191,222498.2,####,####,209399.8,197536.9,221765.3,209382.2,139.89%,131.55%,49.01%,122.48%,####,####,37.76%,49.68%,139.41%,126.23%,44.18%,41.52%,41.30%,21.20%,####,####,35.70%,36.19%,44.19%,35.76%
01-Well-C1,1,,200000,174440,173752,688,0,0,121332,63,193842,121395,100.00%,87.22%,86.88%,0.34%,0.00%,0.00%,60.67%,0.03%,96.92%,60.70%,100.00%,87.22%,99.61%,0.39%,0.00%,0.00%,99.95%,0.05%,96.92%,69.59%,4189.5,4334.4,4256.5,24018.1,####,####,4056.3,54291,4186.9,4082.4,10972.3,11203.2,11139.5,27292.3,####,####,11045.2,14169.6,10991.4,11046.9,9627.5,9957.9,9886.1,28099.7,####,####,9591.4,12275.5,9611,9592.8,666.3,677.1,675.5,1075,####,####,668.8,692.2,666.7,668.8,224762.3,223947.6,223931.5,228004.5,####,####,223685.3,198156.6,231631.7,223672,77.72%,72.60%,52.90%,120.85%,####,####,43.79%,133.22%,77.00%,65.43%,48.20%,45.89%,45.70%,12.88%,####,####,40.04%,28.05%,48.33%,40.06%
01-Well-C2,1,,200000,177587,2830,174757,0,0,1389,123696,198457,125085,100.00%,88.79%,1.42%,87.38%,0.00%,0.00%,0.69%,61.85%,99.23%,62.54%,100.00%,88.79%,1.59%,98.41%,0.00%,0.00%,1.11%,98.89%,99.23%,70.44%,113794.1,117357.1,2968.2,119209.5,####,####,3766.2,116503.5,113943.1,115251.6,12348.3,12457.1,9865.5,12499.1,####,####,10547.2,12451,12357.9,12429.8,11235.6,11347.5,9406.8,11378.9,####,####,10292.5,11360.3,11243.4,11348.4,686.1,699.4,673.7,699.8,####,####,680.6,688.8,686.2,688.8,402164.2,404985.5,320155.5,406359.2,####,####,321064.8,405330.8,405194.3,404395.1,52.48%,44.37%,128.84%,42.28%,####,####,110.62%,32.62%,52.44%,34.36%,38.24%,35.58%,133.43%,34.84%,####,####,129.80%,30.99%,38.23%,31.42%
01-Well-C3,1,,200000,147324,79424,67900,0,0,56850,37008,109355,93858,100.00%,73.66%,39.71%,33.95%,0.00%,0.00%,28.42%,18.50%,54.68%,46.93%,100.00%,73.66%,53.91%,46.09%,0.00%,0.00%,60.57%,39.43%,54.68%,63.71%,16145,16787.4,11786.2,22637.4,####,####,12693.3,22739.1,15918.4,16654.4,15867.4,15015,12653.2,17777.5,####,####,13220.7,16920.5,15775.7,14679.5,12328.6,12288.3,9996.2,14969.5,####,####,10981.7,14548.6,12469.2,12388.1,732.1,750,728.3,775.3,####,####,714,745.7,729.7,726.5,2727828.3,2743649.3,2724228.5,2766366.3,####,####,2726004,2758835.8,1559031.4,2738949.5,77.87%,74.16%,25.65%,71.51%,####,####,22.18%,71.52%,80.53%,69.30%,35.79%,32.77%,20.46%,18.19%,####,####,19.96%,15.17%,36.46%,29.32%
01-Well-C4,1,,200000,170991,1833,169158,0,0,621,98795,198395,99416,100.00%,85.50%,0.92%,84.58%,0.00%,0.00%,0.31%,49.40%,99.20%,49.71%,100.00%,85.50%,1.07%,98.93%,0.00%,0.00%,0.62%,99.38%,99.20%,58.14%,85221.8,88730.6,2679.5,89663.1,####,####,3439.6,92850.6,85326.8,92292.1,12104.3,12282.9,9811.7,12309.7,####,####,10600.6,12641.1,12115.4,12628.4,10281.4,10550.4,9330.8,10563.6,####,####,10888.8,11343.9,10280,11341,701.3,715.4,689.9,715.7,####,####,688.3,698.7,701.6,698.6,493519.7,496472.3,362134.3,497928,####,####,363333.3,489450.9,497437.7,488663.1,47.83%,40.29%,143.09%,38.81%,####,####,124.32%,29.05%,47.74%,30.12%,36.10%,33.23%,137.98%,32.83%,####,####,136.16%,28.13%,36.08%,28.36%
01-Well-C5,2,,200000,176924,121375,55549,0,0,78452,33108,197107,111560,100.00%,88.46%,60.69%,27.77%,0.00%,0.00%,39.23%,16.55%,98.55%,55.78%,100.00%,88.46%,68.60%,31.40%,0.00%,0.00%,70.32%,29.68%,98.55%,63.06%,18892.5,19476.2,6305.9,48253.4,####,####,6621.6,50288.6,18913.9,19580.8,12090.5,12269.9,11843.6,13201.3,####,####,12357.7,12614.1,12106.8,12433.8,11138,11174.2,10725.6,12154.4,####,####,11507,11650.6,11141.8,11549.6,689.9,702.7,693.4,723.1,####,####,689.6,691,690.3,690,359171.1,359864.3,357814.6,364343,####,####,350321.1,352788.3,364320,351053.3,157.88%,113.86%,46.43%,38.23%,####,####,42.83%,30.14%,158.28%,110.93%,76.74%,74.29%,49.20%,33.79%,####,####,46.46%,28.47%,76.72%,67.97%
01-Well-C6,1,,200000,176876,1931,174945,0,0,776,118610,196675,119386,100.00%,88.44%,0.97%,87.47%,0.00%,0.00%,0.39%,59.31%,98.34%,59.69%,100.00%,88.44%,1.09%,98.91%,0.00%,0.00%,0.65%,99.35%,98.34%,67.50%,113971.8,118456.9,2051.9,119741.7,####,####,2324,117006.5,114264.2,116261,11383.1,11574.6,8730.4,11606,####,####,8708.7,11621.1,11401.3,11602.2,10466.7,10624.3,8941.9,10642.9,####,####,9369.6,10645.1,10469.4,10636.8,674.3,686,651.6,686.4,####,####,662.9,677.5,674.7,677.4,305788.6,303999.5,239696.7,304709.3,####,####,223083.8,300340.8,310807.8,299838.7,53.78%,43.00%,164.44%,41.52%,####,####,153.51%,29.30%,53.72%,30.45%,35.49%,33.14%,130.87%,32.73%,####,####,132.73%,28.27%,35.46%,28.49%
01-Well-C7,1,,200000,164822,1181,163641,0,0,582,96137,193785,96719,100.00%,82.41%,0.59%,81.82%,0.00%,0.00%,0.29%,48.07%,96.89%,48.36%,100.00%,82.41%,0.72%,99.28%,0.00%,0.00%,0.60%,99.40%,96.89%,58.68%,85731.9,91347.2,3633.9,91980.3,####,####,4002.3,92075.1,86019.3,91545.1,9709.7,10194,9214.5,10201,####,####,9492,10430.6,9722.8,10425,8444.3,8993.9,8983.8,8994,####,####,9162.7,9139.7,8416.1,9139.9,656.4,671.2,657,671.3,####,####,672.6,665.6,656.4,665.6,207425,204996.4,176423,205202.6,####,####,183268.6,208886,213804.7,208731.8,61.55%,50.06%,125.07%,49.22%,####,####,120.40%,35.37%,61.66%,36.24%,42.34%,39.55%,136.82%,39.23%,####,####,140.16%,33.29%,42.34%,33.54%
01-Well-C8,1,,6100,1568,702,866,0,0,287,447,4447,734,100.00%,25.70%,11.51%,14.20%,0.00%,0.00%,4.70%,7.33%,72.90%,12.03%,100.00%,25.70%,44.77%,55.23%,0.00%,0.00%,39.10%,60.90%,72.90%,46.81%,13242.2,44209,486.2,79651.8,####,####,596,88990.3,13111.8,54427.4,10930,11082.3,11636.8,10632.8,####,####,9520.7,11508.2,11374.4,10731,22700.5,10899.7,13105,9112,####,####,12107,10573.1,21980.1,11172.9,602.2,728.7,753.9,708.3,####,####,710.8,691.7,602,699.2,1633148.5,1723311.3,1396958.9,1987860.1,####,####,1365665.6,1809408.6,529491.3,1635901.5,319.66%,105.22%,242.68%,41.82%,####,####,275.76%,35.60%,349.38%,91.40%,195.47%,146.72%,109.48%,38.07%,####,####,81.10%,36.05%,187.07%,130.43%
01-Well-C9,1,,200000,167690,1696,165994,0,0,654,112187,198879,112841,100.00%,83.85%,0.85%,83.00%,0.00%,0.00%,0.33%,56.09%,99.44%,56.42%,100.00%,83.85%,1.01%,98.99%,0.00%,0.00%,0.58%,99.42%,99.44%,67.29%,65700.1,67701.9,2122.4,68372,####,####,2553.2,69963.1,65799.5,69572.4,12675,12663.5,10043.8,12690.3,####,####,9780.2,12886.1,12685.5,12868.1,10878.2,10657.5,9570.2,10668.6,####,####,9989.1,11160.8,10872.8,11154,706.1,722,702.7,722.2,####,####,692.8,705.6,706.4,705.5,931897.3,940064,595879.7,943580.6,####,####,600092.2,935384.4,937100.8,933441.2,88.68%,35.07%,182.61%,33.51%,####,####,178.82%,26.12%,88.70%,27.21%,32.28%,29.59%,112.70%,29.26%,####,####,105.56%,25.29%,32.22%,25.49%
01-Well-C10,1,,200000,170728,3828,166900,0,0,1480,108466,197877,109946,100.00%,85.36%,1.91%,83.45%,0.00%,0.00%,0.74%,54.23%,98.94%,54.97%,100.00%,85.36%,2.24%,97.76%,0.00%,0.00%,1.35%,98.65%,98.94%,64.40%,51088.5,53329.9,2419.8,54497.6,####,####,2904.5,55280.9,51167.1,54575.8,11811.8,11993.5,9328.4,12054.6,####,####,10107.7,12279.6,11819.2,12250.4,10138.4,10433.4,8634,10474.7,####,####,9812.8,10931.9,10124.4,10916.8,690.7,704.6,673.3,705.3,####,####,678.5,691.4,690.9,691.3,459299.8,461853.1,353951.4,464327.9,####,####,369801.4,469972.3,464131.8,468623.9,55.77%,42.08%,163.29%,39.10%,####,####,151.08%,29.29%,55.76%,31.49%,35.52%,32.73%,125.41%,31.83%,####,####,123.95%,28.06%,35.50%,28.56%
01-Well-C11,1,,200000,171075,2793,168282,0,0,1341,114147,196582,115488,100.00%,85.54%,1.40%,84.14%,0.00%,0.00%,0.67%,57.07%,98.29%,57.74%,100.00%,85.54%,1.63%,98.37%,0.00%,0.00%,1.16%,98.84%,98.29%,67.51%,96216.7,100229,2333.9,101853.8,####,####,2677.7,99112.4,96506.6,97992.6,10982.1,11231,8649.8,11273.8,####,####,9215.8,11286.1,11002.8,11262.1,9550.3,9903.3,8455.3,9927.3,####,####,9104.8,9834.8,9547.5,9826.3,667.1,679.8,642.2,680.5,####,####,661,672.5,667.5,672.4,282914.6,280747.7,223978.8,281689.9,####,####,220671.5,280570.2,287693.8,279874.6,59.24%,46.90%,158.76%,44.82%,####,####,151.42%,32.66%,59.24%,34.50%,38.75%,36.41%,131.93%,35.66%,####,####,126.41%,31.02%,38.71%,31.49%
01-Well-C12,1,,200000,168465,3270,165195,0,0,1545,110806,198633,112351,100.00%,84.23%,1.63%,82.60%,0.00%,0.00%,0.77%,55.40%,99.32%,56.18%,100.00%,84.23%,1.94%,98.06%,0.00%,0.00%,1.38%,98.62%,99.32%,66.69%,127921.2,133078.4,2109.2,135670.9,####,####,2434.7,136225.8,128162.3,134386,12298.5,12047.9,9940.3,12089.6,####,####,10661.8,12298.4,11915.3,12275.9,10094.7,10287.5,8910.8,10314.7,####,####,9733.4,10654.9,10056.5,10642.2,688.1,702.8,677.2,703.3,####,####,682.7,689.9,688.2,689.8,421144.8,423920.7,351581.9,425352.7,####,####,361749.5,422171.4,423979.5,421340.5,57.10%,44.48%,165.44%,41.87%,####,####,156.39%,32.83%,56.99%,35.03%,39.02%,36.13%,113.88%,35.22%,####,####,112.41%,31.43%,38.95%,31.99%
01-Well-D1,1,,200000,170230,156066,14164,0,1,101394,8635,195727,110030,100.00%,85.11%,78.03%,7.08%,0.00%,0.00%,50.70%,4.32%,97.86%,55.01%,100.00%,85.11%,91.68%,8.32%,0.00%,0.00%,92.15%,7.85%,97.86%,64.64%,9154.6,9616.2,2266.4,90600,####,2673.4,2269.6,94231.3,9171,9486.6,10966.1,11244.3,11186.5,11880.7,####,7540.3,11412.6,11546.1,10985.3,11423.1,9616.4,9990.5,9922.1,10744.3,####,8368,10157.9,10338.5,9622.6,10172,671.6,685.2,683.8,699.9,####,787.8,676.7,675.7,672,676.6,279693,278524,278446.1,279382.8,####,44599,278264.7,278631.9,285610.1,278291.4,281.63%,274.25%,52.95%,38.06%,####,0.00%,42.96%,32.82%,281.62%,276.40%,48.24%,45.20%,41.18%,34.89%,####,0.00%,35.62%,30.87%,48.25%,38.80%
01-Well-D2,1,,200000,164354,111921,52433,0,0,73980,30407,198608,104387,100.00%,82.18%,55.96%,26.22%,0.00%,0.00%,36.99%,15.20%,99.30%,52.19%,100.00%,82.18%,68.10%,31.90%,0.00%,0.00%,70.87%,29.13%,99.30%,63.51%,13576.1,14295.3,11369.2,20541.2,####,####,12443.4,20271.5,13595.3,14723.6,11956.5,11731.3,10393.8,14586.3,####,####,11286.9,14024.2,11968.9,12084.3,9624.4,9842.9,8500,12709.5,####,####,9710.3,12267.2,9598.8,10455.1,692.3,708.1,688.3,750.2,####,####,685.9,712.7,692.7,693.7,599296.2,607009.9,597654.9,626978.8,####,####,593710.6,623767.9,603434.3,602466.1,50.25%,43.67%,25.01%,33.59%,####,####,21.87%,26.86%,50.06%,34.99%,35.41%,32.41%,24.03%,16.82%,####,####,21.20%,13.43%,35.36%,27.96%
01-Well-D3,1,,200000,140436,64054,76382,0,0,44036,46312,132302,90348,100.00%,70.22%,32.03%,38.19%,0.00%,0.00%,22.02%,23.16%,66.15%,45.17%,100.00%,70.22%,45.61%,54.39%,0.00%,0.00%,48.74%,51.26%,66.15%,64.33%,16453,16887.1,11895.8,21072.8,####,####,13055.4,21153.6,16260.4,17206.5,14960.5,13991.2,11348.4,16207.4,####,####,11996.6,15645.7,14853.1,13867.1,11573.6,11199.1,8730.6,13269.1,####,####,9770.2,13022.1,11790.3,11437.1,721.9,739.3,715.7,759.1,####,####,701.4,734.1,719.6,718.2,2275652.5,2295288.3,2257271.8,2327168.8,####,####,2270167.5,2313545,1561915.9,2292402.5,49.28%,39.25%,28.73%,27.08%,####,####,23.60%,23.25%,50.85%,33.59%,35.60%,32.26%,18.63%,20.03%,####,####,17.05%,16.68%,36.25%,28.40%
01-Well-D4,1,,200000,169616,3235,166381,0,0,1382,109783,199063,111165,100.00%,84.81%,1.62%,83.19%,0.00%,0.00%,0.69%,54.89%,99.53%,55.58%,100.00%,84.81%,1.91%,98.09%,0.00%,0.00%,1.24%,98.76%,99.53%,65.54%,82567.5,85891.5,2371.9,87515.4,####,####,3077.6,88010.4,82655.7,86954.5,11918,12063.4,9354.4,12116,####,####,9918.6,12309.5,11924.3,12279.7,10115.9,10343.6,8662.6,10376.3,####,####,9773.9,10777.9,10110.3,10765.4,690.3,705.3,676.7,705.8,####,####,680.5,691.6,690.5,691.5,486682,489305,362321,491774,####,####,319627,480060.6,488939.6,478066.1,52.93%,44.26%,160.02%,41.74%,####,####,140.95%,33.92%,52.86%,35.80%,38.36%,35.77%,118.09%,34.91%,####,####,128.55%,31.65%,38.34%,32.15%
01-Well-D5,1,,200000,158287,3271,155016,0,0,1337,85732,198582,87069,100.00%,79.14%,1.64%,77.51%,0.00%,0.00%,0.67%,42.87%,99.29%,43.53%,100.00%,79.14%,2.07%,97.93%,0.00%,0.00%,1.54%,98.46%,99.29%,55.01%,71234.4,75144.9,1595.3,76696.8,####,####,1780.4,80858.7,71369,79644.4,11616.5,11794.2,10370.8,11824.2,####,####,10889.8,12273.2,11625.5,12252,9232.1,9618.2,9166.2,9627.7,####,####,10133.2,10562.5,9219.8,10555.9,699.8,717.2,700.1,717.5,####,####,689.5,698.6,700.1,698.4,704247,713246,547907.3,716734.8,####,####,552439.9,709054.3,709212.4,706649.3,52.22%,40.64%,187.29%,37.69%,####,####,182.11%,29.94%,52.08%,32.54%,36.72%,33.56%,99.20%,32.69%,####,####,96.06%,28.96%,36.65%,29.57%
01-Well-D6,1,,200000,167265,3799,163466,0,0,1254,94395,198227,95649,100.00%,83.63%,1.90%,81.73%,0.00%,0.00%,0.63%,47.20%,99.11%,47.82%,100.00%,83.63%,2.27%,97.73%,0.00%,0.00%,1.31%,98.69%,99.11%,57.18%,129330.1,133532.7,2903.7,136568.5,####,####,4561.5,138652.5,129578,136894.6,12555.9,12573.9,9948.2,12635,####,####,10823.4,12870.1,12566.7,12843.2,10539.6,10841.5,8868.9,10887.3,####,####,10501.3,11553.7,10539.2,11539.9,702.3,716.9,695,717.5,####,####,689,699.4,702.6,699.2,481961,485502,379101.4,487974.8,####,####,383437,485815.9,486194,484473.6,63.16%,46.27%,139.48%,43.32%,####,####,107.78%,34.41%,63.12%,36.37%,40.78%,37.60%,125.60%,36.52%,####,####,141.22%,32.68%,40.74%,33.27%
01-Well-D7,1,,200000,156073,155506,567,0,0,85433,111,193018,85544,100.00%,78.04%,77.75%,0.28%,0.00%,0.00%,42.72%,0.06%,96.51%,42.77%,100.00%,78.04%,99.64%,0.36%,0.00%,0.00%,99.87%,0.13%,96.51%,54.81%,3542.4,3827,3691.3,41033.4,####,####,3773.8,86389.3,3540.5,3881,9603.9,10126.5,10078.8,23185.4,####,####,10453.3,12936.5,9613.7,10456.5,8038.3,8739.5,8687.7,22961.1,####,####,9009.7,11299.8,8011.6,9012.7,650.9,669.5,668.3,998.7,####,####,664.5,687.9,651,664.5,205424.3,200499.3,200411.6,224565.3,####,####,197361.3,161790.4,212538.8,197315.1,126.47%,109.12%,60.17%,110.66%,####,####,49.39%,67.61%,125.41%,105.30%,57.50%,53.62%,53.42%,22.83%,####,####,45.61%,101.87%,57.73%,45.67%
01-Well-D8,1,,6618,1939,1811,128,0,0,783,63,4658,846,100.00%,29.30%,27.36%,1.93%,0.00%,0.00%,11.83%,0.95%,70.38%,12.78%,100.00%,29.30%,93.40%,6.60%,0.00%,0.00%,92.55%,7.45%,70.38%,43.63%,3138.5,8691.7,2551.1,95570.5,####,####,3060.7,101164.5,2962.4,10366.3,9781.4,11288.6,11160.7,13098.5,####,####,10758.7,13299.7,9635.2,10947.9,22540.1,10560.9,10577.9,10320.7,####,####,10772,11294.5,18992.6,10810.9,599.3,729.8,728.8,744.8,####,####,697.3,707.3,596.5,698.1,1733302.1,1929024.4,1899362.5,2348693.3,####,####,1780461.5,2423945.5,624903.2,1828380.5,498.14%,297.90%,87.68%,46.96%,####,####,80.73%,46.25%,519.39%,277.98%,197.50%,110.19%,107.84%,54.40%,####,####,94.28%,50.09%,193.75%,89.99%
01-Well-D9,1,,200000,160311,3415,156896,0,0,1371,98993,198313,100364,100.00%,80.16%,1.71%,78.45%,0.00%,0.00%,0.69%,49.50%,99.16%,50.18%,100.00%,80.16%,2.13%,97.87%,0.00%,0.00%,1.37%,98.63%,99.16%,62.61%,43747.6,46131.7,2804.9,47074.8,####,####,3412.8,48570.2,43831.8,47953.3,11620.1,11837.7,9617.3,11886,####,####,10158.7,12270.9,11632.4,12242,9749.8,9811.1,8581.4,9837.9,####,####,9576.9,10508,9749.4,10495.3,694.1,710.3,686.7,710.8,####,####,679.9,696,694.5,695.8,618093.8,623789.2,468817.8,627162.3,####,####,451573.7,620200.3,623285.1,617896.8,58.11%,47.59%,155.48%,45.08%,####,####,142.22%,38.33%,58.01%,40.09%,36.44%,33.14%,119.41%,32.27%,####,####,127.77%,28.02%,36.38%,28.51%
01-Well-D10,1,,200000,165638,5027,160611,0,0,2319,107099,199096,109418,100.00%,82.82%,2.51%,80.31%,0.00%,0.00%,1.16%,53.55%,99.55%,54.71%,100.00%,82.82%,3.03%,96.97%,0.00%,0.00%,2.12%,97.88%,99.55%,66.06%,125298.4,131308.9,2468.8,135341.5,####,####,3028,135715.8,125495.9,132903.6,11789.6,11916,9552.4,11990,####,####,10325.4,12175,11795.6,12135.8,10083.4,10144.1,8348.1,10200.3,####,####,9424.7,10505.9,10076.9,10483,685.8,700.5,676.1,701.2,####,####,678.3,688.1,686,687.9,464482.4,467897.4,392450.1,470258.9,####,####,388358.5,471023.7,466554.3,469271.7,54.79%,45.89%,143.62%,41.86%,####,####,131.20%,33.12%,54.67%,36.42%,39.56%,36.55%,120.49%,35.11%,####,####,120.55%,31.52%,39.48%,32.47%
01-Well-D11,1,,200000,161804,4580,157224,0,0,2301,101995,194637,104296,100.00%,80.90%,2.29%,78.61%,0.00%,0.00%,1.15%,51.00%,97.32%,52.15%,100.00%,80.90%,2.83%,97.17%,0.00%,0.00%,2.21%,97.79%,97.32%,64.46%,129109.9,135009.3,2398.1,138872.3,####,####,2862.7,136381.2,129441.4,133435.5,11040.3,11265.4,9112.4,11328.1,####,####,10066.3,11420.7,11059.1,11390.8,9101,9580.4,8114.3,9623.1,####,####,9019.2,9676.1,9079.3,9661.6,669.4,684.2,653.4,685.1,####,####,668.5,674.3,669.7,674.2,272022.8,267107.5,228005.1,268246.6,####,####,227866.2,267811.3,279263.7,266930,59.59%,50.63%,150.45%,47.11%,####,####,139.25%,36.58%,59.43%,39.79%,42.33%,40.06%,126.54%,38.73%,####,####,119.37%,34.20%,42.25%,35.23%
01-Well-D12,1,,200000,154014,2759,151255,0,0,1096,93421,198341,94517,100.00%,77.01%,1.38%,75.63%,0.00%,0.00%,0.55%,46.71%,99.17%,47.26%,100.00%,77.01%,1.79%,98.21%,0.00%,0.00%,1.16%,98.84%,99.17%,61.37%,52421.1,54550.9,1891.8,55511.4,####,####,2154.3,57630.7,52503.4,56987.4,12183.2,12141.1,10150.9,12177.4,####,####,10581.2,12530,12196,12507.4,9454.6,9766.3,9045.9,9779.4,####,####,9983.4,10444.6,9446.3,10439.2,700.8,717.5,697.5,717.9,####,####,688.2,700,701.1,699.9,695029.8,700839.1,510954.6,704302.7,####,####,515336.2,699609.1,700770.2,697472.3,69.43%,40.15%,179.80%,37.65%,####,####,171.96%,29.59%,69.45%,31.53%,35.65%,32.55%,102.95%,31.86%,####,####,104.12%,27.72%,35.59%,28.11%
01-Well-E1,1,,200000,164406,4793,159613,0,0,2276,104358,195924,106634,100.00%,82.20%,2.40%,79.81%,0.00%,0.00%,1.14%,52.18%,97.96%,53.32%,100.00%,82.20%,2.92%,97.08%,0.00%,0.00%,2.13%,97.87%,97.96%,64.86%,82875.6,85851.1,1800.3,88375.1,####,####,2050.9,87191.9,83078.9,85374.7,11885.8,11995,9528.4,12069.1,####,####,10369.7,12216.5,11909.4,12177.1,9896,10299.7,8475.4,10354.5,####,####,9488.6,10569.8,9897.7,10546.7,684,697.4,667.3,698.3,####,####,674.9,685.4,684.5,685.2,337320.3,336165.8,275221.8,337995.9,####,####,269887.4,336333,344159.9,334914.8,62.83%,46.51%,180.30%,42.69%,####,####,173.21%,32.78%,62.91%,36.12%,38.66%,36.34%,104.56%,34.99%,####,####,99.22%,31.02%,38.59%,31.93%
01-Well-E2,1,,200000,167006,4282,162724,0,0,2037,109345,198103,111382,100.00%,83.50%,2.14%,81.36%,0.00%,0.00%,1.02%,54.67%,99.05%,55.69%,100.00%,83.50%,2.56%,97.44%,0.00%,0.00%,1.83%,98.17%,99.05%,66.69%,87046.8,90821.7,1855.1,93162.8,####,####,2168.5,93383.8,87171,91715.6,11668.3,11796.2,9537.3,11855.6,####,####,10248.7,12036.4,11679.5,12003.7,9866.5,10136.9,8451.8,10181.2,####,####,9440.8,10465,9868.5,10446.2,683.3,697.3,674.5,697.9,####,####,678.5,686.1,683.6,686,407586.3,408557.2,322386.1,410824.8,####,####,313182.1,407587.9,411421.8,405861.4,54.36%,44.05%,169.09%,40.57%,####,####,163.04%,29.92%,54.34%,33.00%,36.57%,33.73%,107.61%,32.60%,####,####,105.73%,28.72%,36.53%,29.46%
01-Well-E3,2,,200000,142519,39604,102915,0,0,25853,63036,199409,88889,100.00%,71.26%,19.80%,51.46%,0.00%,0.00%,12.93%,31.52%,99.70%,44.44%,100.00%,71.26%,27.79%,72.21%,0.00%,0.00%,29.08%,70.92%,99.70%,62.37%,32339,32582.4,10753.4,40982.7,####,####,11834,42132.6,32374.4,33320.4,14204.2,13251.2,11609.1,13883.2,####,####,12365,13581.4,14212.6,13227.6,10614.9,10671.5,9098.6,11276.8,####,####,10116,11306.1,10602,10960,715.6,730.5,713.6,737,####,####,703.1,714.5,715.8,711.2,1445901.3,1449564.4,1416872.4,1462145,####,####,1422680.6,1457578.6,1450159.9,1447428.8,75.65%,62.13%,36.00%,42.81%,####,####,30.94%,36.58%,75.57%,57.07%,80.87%,75.63%,25.18%,42.44%,####,####,23.25%,35.13%,80.79%,73.34%
01-Well-E4,1,,200000,162165,3477,158688,0,0,1455,100627,198472,102082,100.00%,81.08%,1.74%,79.34%,0.00%,0.00%,0.73%,50.31%,99.24%,51.04%,100.00%,81.08%,2.14%,97.86%,0.00%,0.00%,1.43%,98.57%,99.24%,62.95%,109820.9,114235.7,1974.2,116695.4,####,####,2379.3,118915.1,109992.4,117254.1,11833.4,11939.7,9914.7,11984.1,####,####,10378.1,12355.8,11839.8,12327.6,9560.6,9933.2,8910.6,9955.6,####,####,9915.2,10557.9,9555.1,10548.8,690.4,705.3,687.8,705.6,####,####,681.5,691.8,690.6,691.6,471737.5,474359.8,360015.7,476865.3,####,####,347111.1,472277.2,475290,470493.2,53.72%,43.51%,157.60%,40.58%,####,####,147.19%,32.37%,53.64%,34.66%,37.91%,35.50%,116.57%,34.54%,####,####,117.22%,31.07%,37.86%,31.67%
01-Well-E5,1,,200000,167405,4772,162633,0,0,2185,101700,198088,103885,100.00%,83.70%,2.39%,81.32%,0.00%,0.00%,1.09%,50.85%,99.04%,51.94%,100.00%,83.70%,2.85%,97.15%,0.00%,0.00%,2.10%,97.90%,99.04%,62.06%,106731.3,110841.4,1921.4,114037.3,####,####,2324.6,114161.1,106907.2,111808.9,11667.6,11842.3,9647.9,11906.7,####,####,10542.5,12156.6,11675.5,12122.7,9855.7,10303.9,8573,10354.7,####,####,9689.7,10749.7,9854.7,10727.4,684.4,697.8,671,698.6,####,####,676.9,685.5,684.5,685.3,324812.4,322873.7,276042.7,324247.8,####,####,266740,321881.9,327889.2,320722.1,60.98%,46.75%,169.39%,43.01%,####,####,156.09%,32.99%,60.98%,36.29%,39.41%,36.84%,110.83%,35.51%,####,####,107.90%,31.20%,39.36%,32.08%
01-Well-E6,1,,200000,162497,130847,31650,0,0,85087,13865,198324,98952,100.00%,81.25%,65.42%,15.83%,0.00%,0.00%,42.54%,6.93%,99.16%,49.48%,100.00%,81.25%,80.52%,19.48%,0.00%,0.00%,85.99%,14.01%,99.16%,60.89%,11793.5,12300,10146.8,21201.6,####,####,11084.7,20346.2,11797.5,12382.4,11602.1,11763.6,10702.8,16149.4,####,####,11658.9,14390.5,11606.7,12041.6,9864,10062.4,8969.7,14579.6,####,####,10123.6,12725.1,9849.8,10488.1,682.3,696.7,675.3,785,####,####,681,706.5,682.4,684.6,353226,348313.6,346084.3,357529.6,####,####,342793.6,342186.4,356132.9,342708.5,82.35%,54.70%,30.96%,45.53%,####,####,27.55%,45.33%,78.03%,44.44%,39.66%,37.15%,31.00%,18.21%,####,####,28.08%,11.84%,39.64%,31.74%
01-Well-E7,1,,200000,165597,4317,161280,0,1,2094,101971,198418,104066,100.00%,82.80%,2.16%,80.64%,0.00%,0.00%,1.05%,50.99%,99.21%,52.03%,100.00%,82.80%,2.61%,97.39%,0.00%,0.00%,2.01%,97.99%,99.21%,62.84%,101986,106016,2430.4,108788.7,####,600.7,3030.7,107712.6,102176.1,105605.2,11656.4,11813.7,9687.7,11870.6,####,5346.4,10757.1,12049.5,11665,12023.4,9861.6,10234.7,8485.4,10281.6,####,5864.6,9576.9,10522.8,9861.1,10503.7,680.7,694.8,667.8,695.5,####,647.9,676.6,682.6,680.9,682.5,341664,342446.2,293468.1,343757.2,####,285960,297584.7,346778.7,344324,345788.2,63.34%,48.27%,155.10%,44.97%,####,0.00%,140.84%,34.27%,63.29%,37.30%,40.29%,37.87%,121.26%,36.64%,####,0.00%,121.15%,31.85%,40.24%,32.73%
01-Well-E8,1,,6676,1303,799,504,0,0,309,254,5090,563,100.00%,19.52%,11.97%,7.55%,0.00%,0.00%,4.63%,3.80%,76.24%,8.43%,100.00%,19.52%,61.32%,38.68%,0.00%,0.00%,54.88%,45.12%,76.24%,43.21%,8797.9,37867.6,804.9,96623.7,####,####,1084.1,102712.5,8121.7,46934.2,10661.5,12113.7,11852.2,12528.4,####,####,8846.7,13401.7,10849.3,10901.7,25655.9,12064.9,13274.6,10147,####,####,11206.2,11652.4,24830.3,11407.5,588.1,750,759.3,735.4,####,####,702.8,719,588.5,710.1,1354948.6,1390377.4,1003412.8,2003839.3,####,####,1032647.8,1760835,474307,1361172.8,335.52%,138.24%,259.87%,39.35%,####,####,272.53%,35.40%,354.24%,119.81%,202.86%,144.76%,109.45%,36.70%,####,####,95.18%,32.60%,191.95%,163.39%
01-Well-E9,1,,200000,136985,4502,132483,0,0,2088,79275,187143,81363,100.00%,68.49%,2.25%,66.24%,0.00%,0.00%,1.04%,39.64%,93.57%,40.68%,100.00%,68.49%,3.29%,96.71%,0.00%,0.00%,2.57%,97.43%,93.57%,59.40%,98246.9,100667.8,2561.5,104001.6,####,####,3145.2,106446.7,98255.4,103795.7,14372.2,13377.1,11930.4,13426.3,####,####,12248.3,13444.7,14369.9,13414,10830.9,10598.8,9681.4,10630,####,####,10464.3,11049.1,10868.2,11034.1,719.4,735.9,727.1,736.2,####,####,706.2,714.7,719.3,714.4,1665375.1,1673938.8,1377614.5,1684008.4,####,####,1318037,1674363.3,1577403.3,1665219,50.81%,40.44%,128.71%,35.65%,####,####,117.19%,30.49%,50.86%,34.65%,37.61%,33.84%,111.58%,32.45%,####,####,121.12%,29.20%,37.57%,30.27%
01-Well-E10,1,,200000,148917,3882,145035,0,0,1659,88680,198931,90339,100.00%,74.46%,1.94%,72.52%,0.00%,0.00%,0.83%,44.34%,99.47%,45.17%,100.00%,74.46%,2.61%,97.39%,0.00%,0.00%,1.84%,98.16%,99.47%,60.66%,109357.8,115114.2,2850.5,118119,####,####,3778.9,122234,109529.8,120058.7,12042.5,12058.4,10562.8,12098.4,####,####,11318.4,12500.2,12051.7,12478.5,9052.8,9486.5,9230.8,9493.3,####,####,10439.7,10191.3,9048.5,10195.8,700.6,718.5,704.6,718.9,####,####,696.9,701.5,700.8,701.4,840252.8,848760,651404.1,854042.4,####,####,682060.2,861257.4,844720.7,857966.6,52.25%,42.73%,129.36%,39.14%,####,####,110.28%,33.35%,52.12%,36.16%,38.04%,35.41%,123.93%,34.31%,####,####,128.54%,31.57%,37.96%,32.34%
01-Well-E11,1,,200000,156101,2119,153982,0,0,1044,95092,193273,96136,100.00%,78.05%,1.06%,76.99%,0.00%,0.00%,0.52%,47.55%,96.64%,48.07%,100.00%,78.05%,1.36%,98.64%,0.00%,0.00%,1.09%,98.91%,96.64%,61.59%,48630,51616.9,4348.7,52267.3,####,####,3821.9,50597.4,48821.4,50089.5,9577,10039.5,8293.2,10063.5,####,####,8930.1,10186.3,9592.1,10172.7,7953.5,8596.1,7701.4,8608.4,####,####,8250.8,8432,7923,8430,640.6,657.4,631.8,657.8,####,####,661.8,657.1,640.5,657.2,197825.4,194172.8,158630.6,194661.9,####,####,159569.6,194460,204415.6,194081.1,60.11%,51.02%,126.67%,49.58%,####,####,138.93%,35.49%,60.27%,36.96%,42.49%,40.65%,150.55%,40.00%,####,####,139.89%,33.84%,42.50%,34.32%
01-Well-E12,1,,200000,147743,2579,145164,0,0,918,80367,199011,81285,100.00%,73.87%,1.29%,72.58%,0.00%,0.00%,0.46%,40.18%,99.51%,40.64%,100.00%,73.87%,1.75%,98.25%,0.00%,0.00%,1.13%,98.87%,99.51%,55.02%,45628.6,46997.6,2214.2,47793.2,####,####,2505.3,50325.2,45689.3,49785.2,12880.1,12587.1,10802.1,12618.8,####,####,11111.9,13009.8,12892,12988.3,9519.2,9947.3,9223.2,9960.2,####,####,10264.7,10869.6,9515.8,10862.7,714.3,731.4,720.2,731.6,####,####,701.7,709.6,714.6,709.5,1016229.4,1021229.7,754864.8,1025962,####,####,743394.6,1004175.1,1021235.4,1001229.9,48.52%,37.50%,169.36%,34.99%,####,####,163.01%,28.02%,48.41%,29.95%,34.31%,31.23%,104.61%,30.59%,####,####,111.73%,26.65%,34.25%,27.06%
01-Well-F1,1,,200000,157721,3635,154086,0,0,1338,85311,198066,86649,100.00%,78.86%,1.82%,77.04%,0.00%,0.00%,0.67%,42.66%,99.03%,43.32%,100.00%,78.86%,2.30%,97.70%,0.00%,0.00%,1.54%,98.46%,99.03%,54.94%,82826.6,86467.2,1723.1,88466.4,####,####,2029.5,90743.5,82946,89373.6,12056.2,12144.8,9889.5,12198,####,####,10726.6,12592.2,12067.9,12563.4,9719.7,10122.9,8609.7,10158.6,####,####,9957,10953.6,9721.8,10938.2,696.5,711.9,686.4,712.5,####,####,685.4,694.8,696.8,694.7,420753.2,421642.3,352415.5,423275.4,####,####,328029.3,412693.4,424775.8,411386.1,52.89%,42.58%,183.72%,39.39%,####,####,174.51%,29.98%,52.85%,32.59%,37.09%,34.26%,101.33%,33.29%,####,####,97.38%,29.26%,37.07%,29.84%
01-Well-F2,1,,200000,157178,4759,152419,0,1,1777,91842,196521,93620,100.00%,78.59%,2.38%,76.21%,0.00%,0.00%,0.89%,45.92%,98.26%,46.81%,100.00%,78.59%,3.03%,96.97%,0.00%,0.00%,1.90%,98.10%,98.26%,59.56%,141479.9,148453.2,1894.6,153029.2,####,944.7,794.9,153007.4,141788.1,150116.6,11430.1,11611.6,9739.2,11670,####,7397,10562.7,12012,11442.2,11984.4,9173,9732.1,8411.1,9773.3,####,8196.4,9430.9,10238.2,9169.1,10222.9,679,694.9,675,695.6,####,606.5,679,682.7,679.1,682.6,326162.8,320083.6,269714.8,321656.3,####,249182,269007.2,323539.3,331779.3,322503.4,58.03%,49.45%,170.41%,45.58%,####,0.00%,112.71%,35.87%,58.02%,38.76%,41.84%,39.66%,114.20%,38.15%,####,0.00%,99.09%,33.85%,41.80%,34.75%
01-Well-F3,2,,200000,159895,103088,56807,0,0,63872,34474,198029,98346,100.00%,79.95%,51.54%,28.40%,0.00%,0.00%,31.94%,17.24%,99.01%,49.17%,100.00%,79.95%,64.47%,35.53%,0.00%,0.00%,64.95%,35.05%,99.01%,61.51%,15529.7,16333.1,2339.2,41728,####,####,2427.1,43342.4,15558.8,16769.4,11521.7,11720.9,11521.3,12083,####,####,12055.2,12227.5,11539.6,12115.6,9309.6,9821.6,9644.6,10142.8,####,####,10376.4,10457.9,9311.3,10404.9,684.9,701,696.2,709.7,####,####,687.9,689.5,685.3,688.4,477675,480089.3,476827.4,486008.6,####,####,474942.8,480737.1,482341.4,476973.9,139.72%,127.01%,56.93%,34.55%,####,####,48.06%,29.38%,139.63%,124.92%,77.11%,73.36%,39.61%,31.68%,####,####,34.41%,28.09%,77.05%,64.17%
01-Well-F4,1,,200000,151573,4110,147463,0,0,1769,86182,197959,87951,100.00%,75.79%,2.05%,73.73%,0.00%,0.00%,0.88%,43.09%,98.98%,43.98%,100.00%,75.79%,2.71%,97.29%,0.00%,0.00%,2.01%,97.99%,98.98%,58.03%,76694.3,80685.3,1952,82879.7,####,####,2354.8,86013,76818.9,84330.3,11734.4,11859.8,10415.1,11900.1,####,####,11040.1,12418,11748.8,12390.3,9073.5,9596.5,8692.3,9621.7,####,####,9746.3,10445.8,9071.2,10431.7,693.5,710.4,700.1,710.7,####,####,689.4,695,693.9,694.9,528900.8,530134.4,435477.2,532772.7,####,####,438261.1,523052.7,534260.9,521347.2,55.24%,43.32%,165.33%,39.61%,####,####,153.23%,31.76%,55.19%,34.96%,38.77%,35.63%,103.47%,34.41%,####,####,111.32%,30.13%,38.71%,31.02%
01-Well-F5,1,,200000,160918,4809,156109,0,1,2019,96738,198134,98758,100.00%,80.46%,2.40%,78.05%,0.00%,0.00%,1.01%,48.37%,99.07%,49.38%,100.00%,80.46%,2.99%,97.01%,0.00%,0.00%,2.04%,97.95%,99.07%,61.37%,113485.6,118503.8,1773.9,122099.7,####,1626.7,2112,123138.7,113655.6,120663.2,12027.6,12111.4,9934.8,12178.5,####,13881.3,10689.6,12484.8,12035,12448.1,9667.9,10143.2,8483.9,10194.3,####,13642.1,9765.1,10702.7,9657.2,10683.5,690.6,705.6,687.6,706.2,####,754.1,682.5,691.2,690.8,691.1,394939.7,395720.1,331405.7,397701.4,####,518449,311008.3,393024.9,398578.5,391349.4,57.54%,45.74%,166.90%,41.73%,####,0.00%,158.87%,32.80%,57.52%,36.04%,39.57%,37.17%,100.01%,35.69%,####,0.00%,103.08%,32.10%,39.53%,33.04%
01-Well-F6,1,,200000,161543,107578,53965,0,0,69055,28463,196756,97518,100.00%,80.77%,53.79%,26.98%,0.00%,0.00%,34.53%,14.23%,98.38%,48.76%,100.00%,80.77%,66.59%,33.41%,0.00%,0.00%,70.81%,29.19%,98.38%,60.37%,13824.7,14392.4,11191.3,20773.8,####,####,12312.2,20041.1,13850.5,14568.1,11935.4,12043.8,10570.2,14981.3,####,####,11642.1,14215.9,11946,12393.3,9873.6,10268.6,8744,13307.9,####,####,10106.1,12485.4,9864.3,10800.6,687.8,701.8,678.5,748.4,####,####,682.1,705.4,688.1,688.9,348923.6,347076.2,341418.6,358354.5,####,####,343551.6,354799.3,354524.7,346834.5,57.04%,46.51%,27.75%,35.29%,####,####,23.79%,27.00%,57.03%,35.65%,36.45%,34.04%,25.23%,16.65%,####,####,22.39%,12.38%,36.44%,28.87%
01-Well-F7,1,,200000,150328,150183,145,0,0,89288,92,199058,89380,100.00%,75.16%,75.09%,0.07%,0.00%,0.00%,44.64%,0.05%,99.53%,44.69%,100.00%,75.16%,99.90%,0.10%,0.00%,0.00%,99.90%,0.10%,99.53%,59.46%,341.4,354.6,311.5,45036.6,####,####,323.4,45986.8,340.9,370.4,11832.5,11817.8,11816.6,13047,####,####,12242.7,13199.7,11840.1,12243.7,9125.6,9507.8,9506.5,10839.2,####,####,10185.6,10913.4,9126.1,10186.4,695.8,711.7,711.7,720.2,####,####,695.4,696.9,696,695.4,602850.5,606594.9,606681.5,516934.4,####,####,606908.5,507525.7,605653.3,606806.3,496.20%,494.97%,139.99%,70.40%,####,####,140.27%,69.70%,496.90%,497.56%,81.67%,76.48%,76.43%,61.42%,####,####,70.66%,56.30%,81.77%,70.62%
01-Well-F8,1,,5839,999,969,30,0,0,383,11,4083,394,100.00%,17.11%,16.60%,0.51%,0.00%,0.00%,6.56%,0.19%,69.93%,6.75%,100.00%,17.11%,97.00%,3.00%,0.00%,0.00%,97.21%,2.79%,69.93%,39.44%,902.8,3324.4,647.1,89800.4,####,####,781,118600.2,958.8,4070.4,15610.6,12511.1,12517.5,12303.8,####,####,10204.7,12035.6,16833,10255.8,40824.6,12965.7,13072.6,9511.7,####,####,11696.5,9936.8,38983.8,11647.4,593.9,763.4,765.2,704.5,####,####,704.6,681.7,595.4,704,1636558.3,1564015.4,1570125.8,1366648.9,####,####,1397196.1,943102.4,507541.3,1384518.4,891.69%,540.16%,269.93%,61.19%,####,####,292.16%,48.20%,863.38%,530.30%,197.53%,103.88%,101.66%,66.77%,####,####,95.14%,46.09%,186.49%,91.46%
01-Well-F9,1,,200000,152141,126860,25281,0,0,82971,9758,197431,92729,100.00%,76.07%,63.43%,12.64%,0.00%,0.00%,41.49%,4.88%,98.72%,46.36%,100.00%,76.07%,83.38%,16.62%,0.00%,0.00%,89.48%,10.52%,98.72%,60.95%,11536.9,11960.2,10277.7,20402.7,####,####,11146,19116.2,11557.6,11984.7,12480.2,12314.5,11280.1,17505.1,####,####,12157,15158,12490.8,12472.8,10163.4,10490.9,9452.4,15702,####,####,10515.7,13168.1,10151.9,10794.8,689,703.2,683.7,800.8,####,####,685.8,714.1,689.1,688.8,386445.5,391678.3,386367.3,418329.1,####,####,396145.2,407365.6,391355,397326,58.31%,44.35%,30.40%,28.94%,####,####,27.03%,19.93%,58.00%,32.99%,37.34%,34.48%,29.61%,16.63%,####,####,26.87%,9.56%,37.30%,29.43%
01-Well-F10,1,,200000,153371,7459,145912,0,0,4068,89778,198372,93846,100.00%,76.69%,3.73%,72.96%,0.00%,0.00%,2.03%,44.89%,99.19%,46.92%,100.00%,76.69%,4.86%,95.14%,0.00%,0.00%,4.33%,95.67%,99.19%,61.19%,58695.2,61697.6,3199,64688,####,####,3801.6,66355.3,58804,63643.8,11912.5,11999.4,10879.5,12056.6,####,####,11676.9,12458.1,11923.7,12424.2,9287.3,9785.4,8939.5,9828.6,####,####,9895,10423.1,9278.6,10400.2,691.9,708.2,696.5,708.8,####,####,690,694.4,692.2,694.2,543949.2,546407.3,481545.3,549723.1,####,####,478425.7,545656.1,548340.4,542741.8,55.12%,45.90%,132.38%,39.66%,####,####,123.20%,31.86%,55.01%,38.19%,40.86%,37.62%,135.25%,35.20%,####,####,142.27%,31.60%,40.77%,33.78%
01-Well-F11,1,,200000,151842,2643,149199,0,0,1352,85659,194505,87011,100.00%,75.92%,1.32%,74.60%,0.00%,0.00%,0.68%,42.83%,97.25%,43.51%,100.00%,75.92%,1.74%,98.26%,0.00%,0.00%,1.55%,98.45%,97.25%,57.30%,114660.6,120820.7,2419.9,122918.2,####,####,2630.5,123240.5,115064.1,121366.4,10039.1,10353.5,9492.2,10368.7,####,####,10027.6,10699.5,10052.2,10689,8190.3,8747.4,8234,8756.5,####,####,8758.9,9003.9,8171.9,9000.1,654.7,671.7,665.2,671.8,####,####,671.4,665.8,654.8,665.9,222593.7,216267.6,192881.5,216681.9,####,####,191164.6,214129.5,228632.7,213772.7,62.32%,55.84%,157.98%,53.84%,####,####,154.43%,41.51%,62.18%,43.59%,48.63%,46.71%,125.87%,45.72%,####,####,122.74%,39.59%,48.60%,40.51%
01-Well-F12,1,,9184,2899,987,1912,0,0,372,951,6351,1323,100.00%,31.57%,10.75%,20.82%,0.00%,0.00%,4.05%,10.35%,69.15%,14.41%,100.00%,31.57%,34.05%,65.95%,0.00%,0.00%,28.12%,71.88%,69.15%,45.64%,28976.6,68795,954.7,103815.1,####,####,1080,110428.5,28639.4,79682,10685.3,11724.6,12173.7,11492.8,####,####,9862.2,12214.6,11282.5,11553.1,19183.8,10555.9,12827.6,9383.2,####,####,11730.1,10697,19571.9,10987.5,612.7,736.6,764.9,722,####,####,717.9,705.4,615,708.9,1807837,1741763.4,1394073.3,1921245.8,####,####,1211741.4,1828961.6,686911.5,1655412.1,196.63%,94.08%,237.65%,50.47%,####,####,249.14%,48.14%,203.36%,83.73%,194.84%,122.81%,101.97%,42.74%,####,####,94.57%,40.76%,184.29%,86.19%
01-Well-G1,1,,200000,151727,6925,144802,0,2,3425,93288,197199,96715,100.00%,75.86%,3.46%,72.40%,0.00%,0.00%,1.71%,46.64%,98.60%,48.36%,100.00%,75.86%,4.56%,95.44%,0.00%,0.00%,3.54%,96.46%,98.60%,63.74%,97870.4,101349.6,1881.9,106106.6,####,1015.7,2118,103663.7,98045.2,100065.5,12547.8,12363.7,10175.5,12468.4,####,13729.3,10862.5,12477.2,12557.6,12420,9778.8,10211.9,8514,10293.1,####,9731.3,9523.2,10305,9774.4,10277.3,686.9,700.7,682.6,701.6,####,768.7,680.9,687.2,687.1,686.9,372655,371271.2,322682.9,373594.8,####,251053,308507.1,372151.5,377818.9,369895.1,55.87%,48.94%,165.37%,43.00%,####,25.78%,159.22%,33.97%,55.82%,39.33%,40.58%,38.20%,101.42%,35.97%,####,27.03%,101.26%,32.66%,40.55%,34.27%
01-Well-G2,1,,200000,143413,4156,139257,0,0,2175,87509,197292,89684,100.00%,71.71%,2.08%,69.63%,0.00%,0.00%,1.09%,43.75%,98.65%,44.84%,100.00%,71.71%,2.90%,97.10%,0.00%,0.00%,2.43%,97.57%,98.65%,62.54%,78850.4,82550.7,2105.4,84951.5,####,####,2345.4,81705.5,79015.2,79780.9,11110.7,11324.1,9493.8,11378.7,####,####,10126.6,11362.5,11123,11332.5,8236.6,9028.1,8043,9057.5,####,####,8705.6,8945.6,8228.4,8939.8,665.4,684.2,664.2,684.8,####,####,669.4,671.4,665.5,671.4,277010.2,265240.2,224948.6,266442.7,####,####,224307.6,265626.4,280670.3,264624.3,65.42%,52.07%,170.09%,48.59%,####,####,164.11%,35.72%,65.49%,39.25%,42.19%,40.52%,114.21%,39.10%,####,####,110.46%,33.66%,42.21%,34.86%
01-Well-G3,1,,200000,150753,84692,66061,0,0,53376,38754,197568,92130,100.00%,75.38%,42.35%,33.03%,0.00%,0.00%,26.69%,19.38%,98.78%,46.06%,100.00%,75.38%,56.18%,43.82%,0.00%,0.00%,57.94%,42.06%,98.78%,61.11%,15073.6,15681.8,11291.9,21309.8,####,####,12450.6,20680,15106.4,15912.3,12350.9,12245.8,10296.8,14744.4,####,####,11265.6,14190.1,12371.2,12495.8,9554.7,9991.8,8143.5,12361.3,####,####,9360.7,11846.6,9559.6,10406.4,692.8,708,681.5,742,####,####,680.9,706.7,693.2,691.7,429348.3,431240.9,421236.9,444066.3,####,####,417797.5,441571.3,434526.7,427797.8,62.04%,48.09%,32.14%,35.28%,####,####,27.21%,27.16%,61.97%,37.93%,36.80%,33.99%,22.54%,18.38%,####,####,20.62%,14.50%,36.77%,29.54%
01-Well-G4,1,,200000,145115,6870,138245,0,0,2835,83652,198429,86487,100.00%,72.56%,3.44%,69.12%,0.00%,0.00%,1.42%,41.83%,99.21%,43.24%,100.00%,72.56%,4.73%,95.27%,0.00%,0.00%,3.28%,96.72%,99.21%,59.60%,40198.4,41961.2,2350.7,43929.6,####,####,2824.6,45135.7,40260.4,43748.8,12198.6,12097.8,10099.9,12197.1,####,####,10647,12533.6,12211.8,12471.7,9106.2,9597.2,8270.5,9663.1,####,####,9468.9,10236.4,9106.5,10211.3,698.1,714.2,696.1,715.1,####,####,682.9,696.6,698.5,696.2,556058.1,556409.9,462790.3,561062.3,####,####,410342.7,551584.3,560389.2,546954.5,53.25%,43.67%,165.17%,37.40%,####,####,156.75%,28.13%,53.18%,33.39%,36.90%,33.30%,95.58%,31.34%,####,####,102.95%,26.74%,36.85%,27.98%
01-Well-G5,1,,200000,143670,4836,138834,0,0,1638,74250,199048,75888,100.00%,71.83%,2.42%,69.42%,0.00%,0.00%,0.82%,37.13%,99.52%,37.94%,100.00%,71.83%,3.37%,96.63%,0.00%,0.00%,2.16%,97.84%,99.52%,52.82%,56648.9,59313,1943.7,61311.3,####,####,2185.4,64046,56699.4,62710.8,12155.2,12088.8,10193.1,12154.8,####,####,10894,12630.6,12161.6,12593.1,9050.9,9529.9,8393.6,9569.5,####,####,9933.7,10483,9050.2,10471.2,704.8,721.8,705.6,722.4,####,####,688.9,701.1,705,700.8,589893.6,590374.6,488471.7,593924.1,####,####,439701.4,576141.1,592684.1,573196.1,51.75%,42.49%,173.09%,37.84%,####,####,165.90%,29.12%,51.70%,32.73%,36.24%,33.09%,93.80%,31.67%,####,####,96.13%,27.63%,36.21%,28.47%
01-Well-G6,1,,200000,142020,4835,137185,0,0,1715,77092,198998,78807,100.00%,71.01%,2.42%,68.59%,0.00%,0.00%,0.86%,38.55%,99.50%,39.40%,100.00%,71.01%,3.40%,96.60%,0.00%,0.00%,2.18%,97.82%,99.50%,55.49%,66381.2,70176,1661.4,72590.8,####,####,1912.6,75603.1,66496.4,73999.5,12078.4,12017.2,10165.9,12082.5,####,####,10556.9,12579.1,12086.7,12535.1,8885.1,9464.9,8603.2,9495.2,####,####,9900.4,10345.6,8872.3,10335.9,700.6,718.9,705.1,719.4,####,####,689.5,699.7,700.8,699.5,617801,622789.7,522984.1,626307.3,####,####,493396.5,622682.7,620866.6,619869.2,52.67%,43.07%,179.55%,38.33%,####,####,171.27%,30.15%,52.52%,33.76%,37.40%,34.18%,88.96%,32.74%,####,####,95.36%,28.73%,37.33%,29.62%
01-Well-G7,1,,200000,125593,9016,116577,0,2,3286,65925,198998,69213,100.00%,62.80%,4.51%,58.29%,0.00%,0.00%,1.64%,32.96%,99.50%,34.61%,100.00%,62.80%,7.18%,92.82%,0.00%,0.00%,4.75%,95.25%,99.50%,55.11%,31352.6,31915.4,3067.4,34146.4,####,1988.3,3586.7,35224.8,31393,33721.8,14085.8,13089.9,10706.6,13274.2,####,9052.9,11326,13430,14096.4,13330,9706.1,10049.6,8488.1,10170.3,####,8863.7,10049.9,10741,9701.6,10708.2,719.9,736.1,714.2,737.8,####,697.6,693.4,712.7,720.2,711.8,943053.3,943163.9,800861.9,954169.5,####,914688,753791.8,950104.6,947755.6,940783.3,55.21%,44.07%,153.84%,34.90%,####,75.20%,146.96%,27.67%,55.12%,34.72%,37.83%,33.53%,90.45%,30.58%,####,78.84%,100.01%,26.46%,37.79%,28.17%
01-Well-G8,1,,6542,1064,935,129,0,0,360,64,5060,424,100.00%,16.26%,14.29%,1.97%,0.00%,0.00%,5.50%,0.98%,77.35%,6.48%,100.00%,16.26%,87.88%,12.12%,0.00%,0.00%,84.91%,15.09%,77.35%,39.85%,1622.5,5674.5,455.4,43502.8,####,####,437.1,49479.7,1649.8,7839.8,10762.1,11878.2,11806.4,12398.3,####,####,8647.3,12920,11669.9,9292.2,22662.9,13068.1,13533.5,9695.3,####,####,11445,10969.7,22611.1,11373.3,574.8,755.7,758,739.3,####,####,707.6,719.3,578.3,709.4,1387221.1,1186930.8,1104085.4,1787399.1,####,####,1069407.5,2095122,505887.9,1224232.3,715.87%,299.38%,253.19%,62.78%,####,####,311.04%,68.57%,756.56%,280.04%,204.26%,111.57%,102.15%,43.09%,####,####,94.76%,52.92%,191.12%,103.28%
01-Well-G9,1,,200000,143128,23822,119306,0,0,11886,73809,198444,85695,100.00%,71.56%,11.91%,59.65%,0.00%,0.00%,5.94%,36.90%,99.22%,42.85%,100.00%,71.56%,16.64%,83.36%,0.00%,0.00%,13.87%,86.13%,99.22%,59.87%,22507.4,23558.2,8444.9,26575.9,####,####,9919.2,26592.8,22549,24280.1,12518.9,12320.6,9698.1,12844.3,####,####,10342.6,12948.6,12528.4,12587.1,9460.2,9942.5,7724.7,10385.3,####,####,8868.7,10624.5,9454.8,10381,693.6,709.9,681.5,715.5,####,####,675.3,695.5,693.8,692.7,444005.1,445082.2,407077.7,452670.6,####,####,410941.9,450928.3,447414,445382.2,79.03%,47.75%,74.34%,35.54%,####,####,64.59%,25.57%,79.00%,36.54%,39.55%,35.85%,44.12%,29.03%,####,####,29.59%,25.35%,39.49%,30.72%
01-Well-G10,1,,200000,145034,10048,134986,0,0,4587,85447,197382,90034,100.00%,72.52%,5.02%,67.49%,0.00%,0.00%,2.29%,42.72%,98.69%,45.02%,100.00%,72.52%,6.93%,93.07%,0.00%,0.00%,5.09%,94.91%,98.69%,62.08%,103627.5,107683.9,1924.5,115556.4,####,####,2237.6,113867.5,103882.4,108180.2,12877,12628.3,10291.4,12802.2,####,####,11007.6,12779.2,12889.8,12688.9,9959.3,10264,8517.6,10394,####,####,9693.9,10471.1,9952.3,10431.5,693.6,709.1,687.2,710.7,####,####,682.1,691.7,694,691.2,387438.2,386988.6,340953.7,390415.3,####,####,324811.9,387716.7,392454.8,384511.9,66.52%,51.71%,160.30%,42.72%,####,####,155.31%,33.34%,66.44%,41.04%,42.18%,38.62%,100.78%,35.07%,####,####,98.46%,31.78%,42.05%,34.26%
01-Well-G11,1,,200000,146731,6405,140326,0,0,3041,89057,195523,92098,100.00%,73.37%,3.20%,70.16%,0.00%,0.00%,1.52%,44.53%,97.76%,46.05%,100.00%,73.37%,4.37%,95.63%,0.00%,0.00%,3.30%,96.70%,97.76%,62.77%,41678,42989.6,2918.2,44818.6,####,####,3268.1,43718.2,41783.8,42382.6,11829,11676,9501.6,11775.3,####,####,10281.2,11810.2,11846.5,11759.7,9018.9,9473.6,7915,9544.7,####,####,8901.2,9516.8,9001.7,9496.5,672.4,686.8,665.1,687.8,####,####,671.7,675.4,672.8,675.3,271334.1,264799.7,238800.5,265986.3,####,####,227208.8,266359.9,277341.4,265067.2,58.25%,49.56%,155.09%,44.47%,####,####,148.55%,32.90%,58.28%,37.53%,39.90%,37.65%,122.13%,35.71%,####,####,121.56%,31.27%,39.89%,32.70%
01-Well-G12,1,,200000,141645,5779,135866,0,0,2462,84284,197815,86746,100.00%,70.82%,2.89%,67.93%,0.00%,0.00%,1.23%,42.14%,98.91%,43.37%,100.00%,70.82%,4.08%,95.92%,0.00%,0.00%,2.84%,97.16%,98.91%,61.24%,51644.4,53561.6,1817.8,55762.5,####,####,2097,56179.3,51739.2,54644.4,12415.5,12165.3,10081.4,12254,####,####,10869.9,12467.7,12430,12422.4,9161.3,9709.4,8297.9,9769.5,####,####,9568.6,10075.1,9162.9,10060.7,690.1,704.9,687.1,705.7,####,####,682.3,690.4,690.4,690.2,432265.9,430046.3,359200.9,433059.7,####,####,327149.6,428198.5,436944.3,425330.5,66.94%,44.85%,179.57%,39.39%,####,####,172.90%,28.70%,66.99%,33.42%,37.67%,34.34%,102.87%,32.67%,####,####,101.33%,28.17%,37.60%,29.36%
01-Well-H1,2,,200000,136685,5362,131323,0,1,2821,82240,196555,85062,100.00%,68.34%,2.68%,65.66%,0.00%,0.00%,1.41%,41.12%,98.28%,42.53%,100.00%,68.34%,3.92%,96.08%,0.00%,0.00%,3.32%,96.68%,98.28%,62.23%,99968.8,104583.6,2503.1,108751.6,####,979.3,2789.2,104764.9,100208.8,101381.7,11539.3,11615.8,9688.1,11694.5,####,12347.6,10341.9,11654.1,11552.8,11610.6,8221.2,9012.8,8013.6,9053.6,####,9259,8772.6,8930.7,8207.8,8925.5,669.9,688,665.9,688.9,####,714.8,673.2,672.7,670.1,672.7,239155.2,230716.5,205173.1,231759.4,####,141186,200976.3,231443.8,243228.7,230432.3,79.87%,72.65%,156.63%,68.60%,####,0.00%,153.36%,62.18%,79.87%,65.71%,84.62%,82.05%,120.02%,78.92%,####,0.00%,116.96%,77.65%,84.58%,79.89%
01-Well-H2,1,,200000,132055,131178,877,0,1,80171,131,196183,80303,100.00%,66.03%,65.59%,0.44%,0.00%,0.00%,40.09%,0.07%,98.09%,40.15%,100.00%,66.03%,99.34%,0.66%,0.00%,0.00%,99.84%,0.16%,98.09%,60.81%,4450.3,4716,4519,34185,####,62.4,4476.6,66451.8,4451.6,4577.7,12079.2,12105.7,12017.2,25341.7,####,11434.3,12163.2,13160.4,12099.7,12164.8,8493.6,9337.5,9252.2,22101.3,####,7508,9370.1,11285.5,8485.1,9373.2,680.3,699.9,697.5,1046,####,627.9,682.2,687.6,680.8,682.2,290766.6,285861.2,285839.6,289088.1,####,87755,288652.9,213016.3,296252.1,288527.1,104.59%,101.64%,54.83%,119.51%,####,0.00%,46.82%,84.59%,104.21%,86.71%,52.38%,49.95%,49.66%,17.20%,####,0.00%,44.60%,84.80%,52.36%,44.67%
01-Well-H3,1,,200000,99951,6131,93820,0,1,2003,51745,197061,53749,100.00%,49.98%,3.07%,46.91%,0.00%,0.00%,1.00%,25.87%,98.53%,26.87%,100.00%,49.98%,6.13%,93.87%,0.00%,0.00%,3.73%,96.27%,98.53%,53.78%,61725.4,65836.2,1825.9,70019.2,####,662.5,2095.5,69851.9,61862.9,67325.6,12989,12220,10229.1,12350.2,####,9880.6,10993.7,12421.6,13010.7,12368.4,8222.5,9675.1,8542.8,9749.1,####,17608.9,10245.2,10209.1,8207.7,10210.6,701.3,712.6,694.6,713.8,####,677.7,685.2,688.2,701.7,688.1,359040.6,339391.3,293101.6,342416.3,####,564806,259547.7,339147.8,364271,336185.6,56.10%,49.49%,173.71%,41.52%,####,0.00%,164.44%,30.29%,56.02%,36.26%,40.11%,36.81%,99.43%,33.87%,####,0.00%,101.69%,29.63%,40.07%,31.15%
01-Well-H4,1,,200000,142782,142266,516,0,0,79920,286,197569,80206,100.00%,71.39%,71.13%,0.26%,0.00%,0.00%,39.96%,0.14%,98.78%,40.10%,100.00%,71.39%,99.64%,0.36%,0.00%,0.00%,99.64%,0.36%,98.78%,56.17%,1160.8,1199.4,902.6,83031.1,####,####,947.4,89070.5,1162.4,1261.6,12302.6,12162.4,12160.3,12754,####,####,12608.1,12768.2,12317.2,12608.7,9138,9732,9729.7,10371.7,####,####,10426.1,10656.3,9139.1,10427,695.4,711.9,711.9,730.7,####,####,694.2,693.5,695.8,694.2,420647.9,420194.6,420301.1,390817.2,####,####,413769.9,387292.1,425718.6,413675.5,460.04%,442.64%,51.69%,38.48%,####,####,41.35%,35.13%,460.65%,442.91%,49.69%,45.01%,44.90%,40.25%,####,####,38.14%,35.69%,49.63%,38.26%
01-Well-H5,1,,200000,134900,89212,45688,0,0,52873,25046,198647,77919,100.00%,67.45%,44.61%,22.84%,0.00%,0.00%,26.44%,12.52%,99.32%,38.96%,100.00%,67.45%,66.13%,33.87%,0.00%,0.00%,67.86%,32.14%,99.32%,57.76%,15831.1,16600.4,11036,27465.7,####,####,12069.9,28408.3,15854.1,17321.6,12872.1,12418,11251.2,14696.3,####,####,12307.6,14040.2,12884.7,12864.5,9062.1,9588,8451.7,11806.9,####,####,9748.8,11523.9,9047.9,10319.4,705.8,723.2,707.5,753.9,####,####,698.7,715.6,706,704.2,785045.1,781265,766315.7,810455.5,####,####,748738.5,793510.1,790332.9,763129.8,108.01%,101.85%,29.86%,92.42%,####,####,26.39%,93.88%,107.95%,98.94%,37.21%,35.04%,25.19%,18.69%,####,####,23.45%,16.07%,37.16%,31.58%
01-Well-H6,1,,39131,14606,1985,12621,0,1,902,7900,18938,8803,100.00%,37.33%,5.07%,32.25%,0.00%,0.00%,2.31%,20.19%,48.40%,22.50%,100.00%,37.33%,13.59%,86.41%,0.00%,0.01%,10.25%,89.74%,48.40%,60.27%,62278.2,63033.5,1846.9,72656.8,####,2187.1,2197.9,70600.6,56459.3,63584,17255.4,14989.6,12350.5,15404.6,####,14789.6,12224.1,14558.5,16535.9,14319.3,12420.1,11255.5,10894.4,11312.3,####,13714.1,11044.1,10780.6,12994.8,10808,712.4,751.4,743.2,752.7,####,663.3,717.3,727.8,699.2,726.7,3064127,3157245.5,2251752.5,3299659,####,3451821,2227188,3285420.8,1339395.9,3177007.8,72.66%,53.79%,177.02%,35.02%,####,0.00%,169.81%,29.64%,82.60%,45.18%,59.11%,41.36%,98.35%,32.71%,####,0.00%,103.05%,28.21%,82.34%,33.35%
01-Well-H7,1,,54856,19789,2929,16860,0,2,1430,10458,26365,11890,100.00%,36.07%,5.34%,30.74%,0.00%,0.00%,2.61%,19.06%,48.06%,21.67%,100.00%,36.07%,14.80%,85.20%,0.00%,0.02%,12.03%,87.96%,48.06%,60.08%,51173.1,51473.2,1485.8,60157.2,####,1511.4,1787.6,58233.2,46480.3,51435,21280,14685.1,12543.6,15057.1,####,15777.3,12292.9,14073.1,22811.5,13859.3,13823.6,10943.3,10365.5,11043.7,####,12537.3,10571.5,10295.2,15872.1,10328.8,713.5,743.6,735.4,745,####,721.6,708.2,720.7,699.2,719.2,3112619.3,3205811.3,2599627.5,3311120.5,####,4083133,2599170.5,3273533.3,1374215,3192564.3,69.91%,54.75%,181.86%,34.13%,####,24.48%,177.37%,29.88%,78.25%,47.82%,53.06%,40.39%,91.24%,31.35%,####,25.66%,95.55%,28.71%,68.04%,34.98%
01-Well-H8,1,,7047,934,910,24,0,0,411,12,5285,423,100.00%,13.25%,12.91%,0.34%,0.00%,0.00%,5.83%,0.17%,75.00%,6.00%,100.00%,13.25%,97.43%,2.57%,0.00%,0.00%,97.16%,2.84%,75.00%,45.29%,619.8,2015.3,459.5,61004.4,####,####,440.6,59340.5,512.5,2111.5,8567.8,10641.3,10599,12243.8,####,####,8850.6,11218.3,8562.5,8917.8,18995.2,12296.4,12349,10302.8,####,####,11422.2,10156.9,18460.7,11386.3,548.7,736.5,737.2,707.9,####,####,703.8,689.7,543.8,703.4,1397930.6,1285711.5,1276720.4,1626626.3,####,####,1297339.6,1455764.9,431856.1,1301834,796.65%,553.53%,221.55%,58.65%,####,####,255.51%,48.74%,843.85%,516.37%,211.65%,107.66%,106.24%,43.34%,####,####,100.23%,37.77%,216.46%,102.56%
01-Well-H9,1,,200000,107211,107200,11,0,19,54189,5,165104,54213,100.00%,53.61%,53.60%,0.01%,0.00%,0.01%,27.09%,0.00%,82.55%,27.11%,100.00%,53.61%,99.99%,0.01%,0.00%,0.04%,99.96%,0.01%,82.55%,50.57%,2712.6,2719.5,2713.4,61500.8,####,1212.5,2924.5,67649.1,2702.9,2929.9,14944,13040.1,13039.5,19168.5,####,14443.3,13313.2,11726.3,14899.8,13313.4,9684.7,9785.2,9784.5,16578.8,####,11412.2,10530.9,10136.3,9713.8,10531.2,724.5,741.1,741,793.5,####,712.2,714,714.1,723.5,714,1866907.9,1880395.5,1880461.5,1236253.6,####,1370313.1,1866759.1,714035.8,1576766.8,1866478.9,104.77%,52.67%,46.79%,49.27%,####,48.48%,39.40%,26.40%,112.77%,45.00%,46.29%,39.21%,39.21%,28.56%,####,26.89%,32.44%,20.71%,46.68%,32.46%
01-Well-H10,1,,200000,138536,7592,130944,0,3,3303,80913,197065,84219,100.00%,69.27%,3.80%,65.47%,0.00%,0.00%,1.65%,40.46%,98.53%,42.11%,100.00%,69.27%,5.48%,94.52%,0.00%,0.00%,3.92%,96.07%,98.53%,60.79%,84436.4,85541.4,1906.7,90390.4,####,17407.6,2274.6,89065.3,84634.5,85658.8,14618.1,12983.1,10625.8,13119.8,####,17546.4,11429.9,13135.5,14655.7,13068.8,12789.1,10548.9,8743.2,10653.6,####,11732.7,10082.1,10775.8,12834.5,10748.6,700.2,713.6,695,714.7,####,783.7,687.5,696.5,700.5,696.2,410126.1,407685.7,346520.2,411232,####,313787.3,337340.6,408214.1,416103.3,405431.2,60.51%,49.14%,171.70%,41.98%,####,158.26%,160.39%,32.66%,60.47%,38.68%,40.93%,37.09%,108.09%,34.49%,####,56.37%,108.63%,31.08%,40.89%,32.87%
01-Well-H11,1,,200000,131463,5620,125843,0,3,2743,77878,194351,80624,100.00%,65.73%,2.81%,62.92%,0.00%,0.00%,1.37%,38.94%,97.18%,40.31%,100.00%,65.73%,4.27%,95.73%,0.00%,0.00%,3.40%,96.59%,97.18%,61.33%,71452.3,74821.1,2252.2,78061.9,####,877,2413.7,76197.2,71673,73684.2,11829.7,11810.1,9961.5,11892.6,####,13362.3,10766.6,11895.7,11850,11857.3,8202.1,9050.5,7951.7,9099.6,####,11621.2,8918.1,9067.1,8168.7,9062.1,675,693.5,673.1,694.4,####,665.7,677.5,676.2,675.4,676.2,231630.6,225304.7,207029.2,226120.8,####,185709.7,200901.3,226264.9,238095.6,225400.5,61.50%,50.28%,166.06%,44.97%,####,47.87%,160.08%,32.63%,61.51%,37.83%,40.31%,38.31%,128.14%,36.22%,####,15.42%,121.79%,31.52%,40.22%,32.95%
01-Well-H12,1,,200000,134970,5669,129301,0,0,2308,76093,196968,78401,100.00%,67.48%,2.83%,64.65%,0.00%,0.00%,1.15%,38.05%,98.48%,39.20%,100.00%,67.48%,4.20%,95.80%,0.00%,0.00%,2.94%,97.06%,98.48%,58.09%,101743,105947.4,1738.6,110516.3,####,####,2115,111568.3,102003.9,108346.2,13752.2,12469.3,10442.9,12558.1,####,####,11311.6,12836.2,13749.4,12791.3,12262.3,9818.8,8580,9873.1,####,####,9988.9,10327.6,12204.8,10317.6,696.1,712.9,698.6,713.5,####,####,687.4,695.3,696.8,695.1,419346.9,418755.9,358345.8,421404.5,####,####,343338.9,414528.1,425663.6,412432.4,60.26%,47.19%,174.17%,41.59%,####,####,162.76%,33.56%,60.20%,38.09%,40.47%,37.40%,106.42%,35.45%,####,####,107.72%,31.79%,40.37%,33.21%
