Tube Name:,strain_number,Sample ID:,All Events ,P1 Events,V1L Events,V1R Events,H1-UR Events,H1-UL Events,H1-LL Events,H1-LR Events,P2 Events,All Events  % Total,P1 % Total,V1L % Total,V1R % Total,H1-UR % Total,H1-UL % Total,H1-LL % Total,H1-LR % Total,P2 % Total,All Events  % Parent,P1 % Parent,V1L % Parent,V1R % Parent,H1-UR % Parent,H1-UL % Parent,H1-LL % Parent,H1-LR % Parent,P2 % Parent,All Events  Mean FITC-A,P1 Mean FITC-A,V1L Mean FITC-A,V1R Mean FITC-A,H1-UR Mean FITC-A,H1-UL Mean FITC-A,H1-LL Mean FITC-A,H1-LR Mean FITC-A,P2 Mean FITC-A,All Events  rCV FITC-A,P1 rCV FITC-A,V1L rCV FITC-A,V1R rCV FITC-A,H1-UR rCV FITC-A,H1-UL rCV FITC-A,H1-LL rCV FITC-A,H1-LR rCV FITC-A,P2 rCV FITC-A
01-Well-A1,1,,200000,192644,39433,160567,2,5,140784,16865,157656,100.00%,96.32%,19.72%,80.28%,0.00%,0.00%,70.39%,8.43%,78.83%,100.00%,96.32%,19.72%,80.28%,0.00%,0.00%,89.30%,10.70%,78.83%,8235.5,8384.2,3148.9,9484.7,71098.5,4134.6,6797.6,20899.9,8306.9,47.94%,46.98%,27.60%,38.19%,110.11%,15.77%,44.84%,21.43%,49.84%
01-Well-A2,1,,200000,193920,4412,195588,6,6,2799,120392,123203,100.00%,96.96%,2.21%,97.79%,0.00%,0.00%,1.40%,60.20%,61.60%,100.00%,96.96%,2.21%,97.79%,0.00%,0.00%,2.27%,97.72%,61.60%,118845.9,121190,551.4,121514.3,244129.1,3613.1,3803,129819.6,126956.1,41.54%,40.48%,157.49%,40.44%,49.75%,127.71%,152.79%,41.32%,42.36%
01-Well-A3,2,,200000,191139,119821,80179,10,8,67162,37027,104207,100.00%,95.57%,59.91%,40.09%,0.00%,0.00%,33.58%,18.51%,52.10%,100.00%,95.57%,59.91%,40.09%,0.01%,0.01%,64.45%,35.53%,52.10%,15216.9,15701.8,722.6,36877.4,41428.1,4063.9,1339.5,41821.2,15727.6,136.29%,134.82%,76.21%,51.66%,55.00%,30.40%,82.05%,43.09%,137.79%
01-Well-A4,1,,200000,186961,198915,1085,5,1,62849,11,62866,100.00%,93.48%,99.46%,0.54%,0.00%,0.00%,31.42%,0.01%,31.43%,100.00%,93.48%,99.46%,0.54%,0.01%,0.00%,99.97%,0.02%,31.43%,1264.8,1296.1,1217.3,9957.5,39092.3,6835,1285.2,46529.3,1296.2,52.25%,50.48%,52.00%,15.62%,11.94%,0.00%,55.03%,48.49%,55.04%
01-Well-A5,1,,200000,193183,5310,194690,9,9,4437,129190,133645,100.00%,96.59%,2.66%,97.35%,0.00%,0.00%,2.22%,64.60%,66.82%,100.00%,96.59%,2.66%,97.35%,0.01%,0.01%,3.32%,96.67%,66.82%,57622.7,59066.8,503.1,59180.5,51941.7,4905.5,4355.3,61806.5,59894.6,34.03%,32.93%,168.66%,32.91%,94.55%,87.97%,157.15%,32.19%,33.47%
01-Well-A6,1,,200000,184616,4275,195725,6,1,1436,92597,94040,100.00%,92.31%,2.14%,97.86%,0.00%,0.00%,0.72%,46.30%,47.02%,100.00%,92.31%,2.14%,97.86%,0.01%,0.00%,1.53%,98.47%,47.02%,161406.7,167092.3,482.7,164921.6,1180201.1,278.4,1273.9,175580.3,172980.8,43.32%,42.39%,152.48%,42.35%,136.64%,0.00%,132.23%,43.52%,44.18%
01-Well-A7,1,,200000,192796,5227,194773,8,8,4245,149294,153555,100.00%,96.40%,2.61%,97.39%,0.00%,0.00%,2.12%,74.65%,76.78%,100.00%,96.40%,2.61%,97.39%,0.01%,0.01%,2.76%,97.23%,76.78%,79171.8,81356.4,423.7,81285.1,51899,7546.5,4815.6,83741.3,81553.8,35.53%,34.31%,194.37%,34.35%,35.26%,52.08%,167.17%,33.71%,34.88%
01-Well-A8,1,,200000,193319,4579,195421,8,3,1518,91912,93441,100.00%,96.66%,2.29%,97.71%,0.00%,0.00%,0.76%,45.96%,46.72%,100.00%,96.66%,2.29%,97.71%,0.01%,0.00%,1.62%,98.36%,46.72%,221975.2,226382.5,496.2,227164.8,1556241.6,5178.2,1364.6,237599.8,233867.4,42.58%,41.62%,157.72%,41.41%,67.84%,16.29%,131.83%,41.73%,42.59%
01-Well-A9,1,,200000,191774,33879,166121,8,6,173482,6040,179536,100.00%,95.89%,16.94%,83.06%,0.00%,0.00%,86.74%,3.02%,89.77%,100.00%,95.89%,16.94%,83.06%,0.00%,0.00%,96.63%,3.36%,89.77%,7086.9,7289.2,3082.4,7903.5,35123.2,4577,6695.1,20384.7,7156.9,35.01%,33.59%,22.40%,28.79%,27.77%,63.79%,33.16%,14.72%,34.37%
01-Well-A10,1,,200000,193325,5526,194474,8,4,2711,142873,145596,100.00%,96.66%,2.76%,97.24%,0.00%,0.00%,1.36%,71.44%,72.80%,100.00%,96.66%,2.76%,97.24%,0.01%,0.00%,1.86%,98.13%,72.80%,122214.1,125315.7,446.6,125674.1,1656108.3,4662.3,2649.6,129923.9,127634.5,37.77%,36.51%,169.62%,36.45%,20.46%,26.37%,139.18%,36.08%,36.94%
01-Well-A11,1,,200000,192596,6649,193351,8,9,5713,140910,146640,100.00%,96.30%,3.32%,96.68%,0.00%,0.00%,2.86%,70.46%,73.32%,100.00%,96.30%,3.32%,96.68%,0.01%,0.01%,3.90%,96.09%,73.32%,31080.3,31925.2,1276.4,32105.2,98863.8,5025,4446.9,33231.7,32112.1,34.09%,32.86%,180.98%,32.74%,94.80%,39.53%,118.29%,32.15%,33.72%
01-Well-A12,1,,200000,178892,199785,215,5,3,78229,38,78275,100.00%,89.45%,99.89%,0.11%,0.00%,0.00%,39.11%,0.02%,39.14%,100.00%,89.45%,99.89%,0.11%,0.01%,0.00%,99.94%,0.05%,39.14%,331,338,295.5,33304.7,47659.7,5734.3,301.2,47757.3,327.5,96.26%,91.40%,96.21%,85.05%,72.93%,7.20%,100.88%,36.08%,100.86%
01-Well-B1,1,,200000,191787,5677,194323,10,3,14281,111353,125647,100.00%,95.89%,2.84%,97.16%,0.00%,0.00%,7.14%,55.68%,62.82%,100.00%,95.89%,2.84%,97.16%,0.01%,0.00%,11.37%,88.62%,62.82%,24897.1,25455.7,1000.6,25595.3,38925,5991.9,10403.5,28090.7,26080.7,42.76%,41.78%,188.39%,41.40%,56.87%,12.82%,16.89%,37.33%,41.99%
01-Well-B2,1,,200000,193648,5818,194182,5,6,2081,103306,105398,100.00%,96.82%,2.91%,97.09%,0.00%,0.00%,1.04%,51.65%,52.70%,100.00%,96.82%,2.91%,97.09%,0.00%,0.01%,1.97%,98.02%,52.70%,23778.9,24265.5,1235.5,24454.3,256887,3173.3,1710.9,25306.6,24850.4,38.87%,37.88%,179.65%,37.59%,108.17%,42.54%,135.41%,37.66%,38.58%
01-Well-B3,1,,200000,192232,5107,194893,3,2,2137,95779,97921,100.00%,96.12%,2.55%,97.45%,0.00%,0.00%,1.07%,47.89%,48.96%,100.00%,96.12%,2.55%,97.45%,0.00%,0.00%,2.18%,97.81%,48.96%,170070.5,174339.5,475,174514.6,25173.8,8977.4,1245.6,180363,176445.8,42.36%,41.19%,166.65%,41.04%,9.67%,68.49%,154.84%,41.41%,42.49%
01-Well-B4,1,,200000,189060,198656,1344,1,5,115067,76,115149,100.00%,94.53%,99.33%,0.67%,0.00%,0.00%,57.53%,0.04%,57.57%,100.00%,94.53%,99.33%,0.67%,0.00%,0.00%,99.93%,0.07%,57.57%,1383.3,1420.7,1251.8,20831.7,27106.7,8073.5,1302.2,97043.2,1365.9,52.93%,51.28%,52.63%,20.59%,0.00%,90.50%,53.94%,100.09%,53.97%
01-Well-B5,1,,200000,193210,6038,193962,3,6,2993,111872,114874,100.00%,96.61%,3.02%,96.98%,0.00%,0.00%,1.50%,55.94%,57.44%,100.00%,96.61%,3.02%,96.98%,0.00%,0.01%,2.61%,97.39%,57.44%,159297.9,163348.9,325,164246.7,84862.9,5513.9,1282.8,169167.4,164782.5,39.57%,38.24%,157.14%,38.03%,48.20%,57.23%,143.83%,37.68%,38.96%
01-Well-B6,1,,200000,189314,2955,197045,3,1,997,59080,60081,100.00%,94.66%,1.48%,98.52%,0.00%,0.00%,0.50%,29.54%,30.04%,100.00%,94.66%,1.48%,98.52%,0.00%,0.00%,1.66%,98.33%,30.04%,37573.6,38503.7,606.9,38128,69454.3,8822,5427.3,40853.6,40266.6,40.04%,39.06%,180.52%,39.38%,70.21%,0.00%,148.58%,40.24%,40.97%
01-Well-B7,1,,200000,193662,4489,195511,7,2,2749,125522,128280,100.00%,96.83%,2.24%,97.76%,0.00%,0.00%,1.37%,62.76%,64.14%,100.00%,96.83%,2.24%,97.76%,0.01%,0.00%,2.14%,97.85%,64.14%,80426.2,82332,446.6,82262.6,73572.6,3952.9,5482.9,85576.9,83858.6,35.97%,34.82%,203.27%,34.96%,47.23%,5.66%,142.06%,34.43%,35.35%
01-Well-B8,2,,200000,192568,154239,45761,4,10,144677,1547,146238,100.00%,96.28%,77.12%,22.88%,0.00%,0.00%,72.34%,0.77%,73.12%,100.00%,96.28%,77.12%,22.88%,0.00%,0.01%,98.93%,1.06%,73.12%,4633.3,4754.3,2268.3,12604.7,39189.8,4124.5,4486.9,29699.1,4754.5,50.68%,49.23%,38.03%,44.42%,42.26%,86.18%,50.03%,13.65%,50.76%
01-Well-B9,1,,200000,193811,5195,194805,6,11,4151,102467,106635,100.00%,96.91%,2.60%,97.40%,0.00%,0.01%,2.08%,51.23%,53.32%,100.00%,96.91%,2.60%,97.40%,0.01%,0.01%,3.89%,96.09%,53.32%,31837.2,32485.2,1193.2,32654.4,1095442.9,5059.1,5397.5,33951.7,32896.9,36.33%,35.30%,194.02%,35.18%,61.95%,70.92%,137.26%,34.62%,36.25%
01-Well-B10,1,,200000,192241,153131,46869,0,2,94422,334,94758,100.00%,96.12%,76.57%,23.43%,0.00%,0.00%,47.21%,0.17%,47.38%,100.00%,96.12%,76.57%,23.43%,0.00%,0.00%,99.65%,0.35%,47.38%,3735.2,3814.5,2816.7,6736.4,####,9346.2,3728.4,29189,3818.3,45.17%,44.05%,35.92%,20.93%,####,48.36%,46.20%,13.10%,46.38%
01-Well-B11,1,,200000,192677,7195,192805,10,5,3679,148506,152200,100.00%,96.34%,3.60%,96.40%,0.00%,0.00%,1.84%,74.25%,76.10%,100.00%,96.34%,3.60%,96.40%,0.01%,0.00%,2.42%,97.57%,76.10%,236865.3,243648.8,478.4,245686.6,2304095.3,5930.1,1101,252834.5,246876.2,38.52%,36.97%,155.74%,36.69%,88.52%,58.01%,131.65%,36.41%,37.58%
01-Well-B12,1,,200000,176857,199889,111,1,2,76098,5,76106,100.00%,88.43%,99.94%,0.06%,0.00%,0.00%,38.05%,0.00%,38.05%,100.00%,88.43%,99.94%,0.06%,0.00%,0.00%,99.99%,0.01%,38.05%,315.4,322.2,294.4,38195.8,396628.3,2876.1,287.2,27352.8,294.3,98.40%,93.03%,98.38%,66.91%,0.00%,55.04%,110.79%,37.66%,110.85%
01-Well-C1,1,,200000,192184,4284,195716,4,1,1467,103892,105364,100.00%,96.09%,2.14%,97.86%,0.00%,0.00%,0.73%,51.95%,52.68%,100.00%,96.09%,2.14%,97.86%,0.00%,0.00%,1.39%,98.60%,52.68%,110888.1,113358.6,462.2,113305.2,33949.2,5893.7,2700.3,119255.7,117628.6,42.79%,41.75%,189.37%,41.69%,29.23%,0.00%,157.57%,42.18%,42.82%
01-Well-C2,1,,200000,192820,5483,194517,5,4,4513,91615,96137,100.00%,96.41%,2.74%,97.26%,0.00%,0.00%,2.26%,45.81%,48.07%,100.00%,96.41%,2.74%,97.26%,0.01%,0.00%,4.69%,95.30%,48.07%,29355.7,30005.2,1079.9,30152.7,31241,6650.1,7045.7,32273.4,31088,38.34%,37.34%,193.01%,37.13%,58.45%,95.45%,116.67%,36.98%,39.01%
01-Well-C3,1,,200000,188227,198909,1091,4,3,102448,132,102587,100.00%,94.11%,99.45%,0.55%,0.00%,0.00%,51.22%,0.07%,51.29%,100.00%,94.11%,99.45%,0.55%,0.00%,0.00%,99.86%,0.13%,51.29%,1205.3,1239.2,1005.3,37659,34575,3025.4,1061.7,72114.5,1154.5,55.98%,53.71%,55.71%,108.09%,26.44%,12.77%,59.57%,83.55%,59.66%
01-Well-C4,1,,200000,194125,3533,196467,1,2,1262,99797,101062,100.00%,97.06%,1.77%,98.23%,0.00%,0.00%,0.63%,49.90%,50.53%,100.00%,97.06%,1.77%,98.23%,0.00%,0.00%,1.25%,98.75%,50.53%,110811.2,112943,490.3,112795.1,33332.5,4228.8,3061.5,117756.2,116320.9,39.87%,38.94%,182.25%,39.00%,0.00%,2.63%,154.94%,39.01%,39.57%
01-Well-C5,1,,200000,193641,6529,193471,4,0,32854,81815,114673,100.00%,96.82%,3.26%,96.74%,0.00%,0.00%,16.43%,40.91%,57.34%,100.00%,96.82%,3.26%,96.74%,0.00%,0.00%,28.65%,71.35%,57.34%,19175,19563.9,1265.6,19779.4,37164.4,####,10497.4,23754.6,19956.9,41.68%,40.67%,164.50%,40.16%,8.50%,####,19.62%,31.54%,41.46%
01-Well-C6,1,,200000,194479,22556,177444,3,1,79345,15981,95330,100.00%,97.24%,11.28%,88.72%,0.00%,0.00%,39.67%,7.99%,47.66%,100.00%,97.24%,11.28%,88.72%,0.00%,0.00%,83.23%,16.76%,47.66%,9623.3,9794.6,2889.7,10479.3,23863.5,3298.9,7685.7,19433.6,9655.6,48.18%,47.11%,31.14%,42.17%,2.29%,0.00%,42.24%,21.79%,49.75%
01-Well-C7,1,,200000,193654,4044,195956,1,3,3152,141308,144464,100.00%,96.83%,2.02%,97.98%,0.00%,0.00%,1.58%,70.65%,72.23%,100.00%,96.83%,2.02%,97.98%,0.00%,0.00%,2.18%,97.82%,72.23%,67661.4,69280.5,378.8,69049.9,15138.2,7749.4,6381.8,71725.5,70298.1,34.36%,33.31%,219.36%,33.51%,0.00%,45.73%,68.90%,32.81%,33.69%
01-Well-C8,1,,200000,191726,3076,196924,4,1,1715,85315,87035,100.00%,95.86%,1.54%,98.46%,0.00%,0.00%,0.86%,42.66%,43.52%,100.00%,95.86%,1.54%,98.46%,0.00%,0.00%,1.97%,98.02%,43.52%,33062,33745.4,890.2,33564.5,20195.8,11583.1,7410.6,35218.3,34669.4,39.48%,38.78%,192.26%,38.83%,15.90%,0.00%,73.93%,38.80%,39.60%
01-Well-C9,1,,200000,191021,3644,196356,3,4,1874,88757,90638,100.00%,95.51%,1.82%,98.18%,0.00%,0.00%,0.94%,44.38%,45.32%,100.00%,95.51%,1.82%,98.18%,0.00%,0.00%,2.07%,97.92%,45.32%,59879.3,61393.7,431.6,60982.6,75274.9,4457.6,3604.5,64345.8,63087.7,40.30%,39.40%,195.23%,39.52%,66.68%,102.29%,178.00%,40.30%,41.19%
01-Well-C10,1,,200000,192873,3861,196139,3,4,2444,87786,90237,100.00%,96.44%,1.93%,98.07%,0.00%,0.00%,1.22%,43.89%,45.12%,100.00%,96.44%,1.93%,98.07%,0.00%,0.00%,2.71%,97.28%,45.12%,63000,64410,425.5,64231.8,66104.9,4284.3,4171.9,66491.1,64800.5,40.59%,39.59%,183.91%,39.70%,50.77%,26.43%,172.77%,39.51%,40.78%
01-Well-C11,1,,200000,192567,85893,114107,5,2,146337,1859,148203,100.00%,96.28%,42.95%,57.05%,0.00%,0.00%,73.17%,0.93%,74.10%,100.00%,96.28%,42.95%,57.05%,0.00%,0.00%,98.74%,1.25%,74.10%,5382.7,5523.4,3304.8,6946.7,23568.7,7638.3,5213.8,23818.7,5447.8,37.98%,36.64%,23.26%,23.63%,23.44%,87.11%,37.32%,16.65%,37.78%
01-Well-C12,1,,200000,171352,199855,145,1,2,52514,4,52521,100.00%,85.68%,99.93%,0.07%,0.00%,0.00%,26.26%,0.00%,26.26%,100.00%,85.68%,99.93%,0.07%,0.00%,0.00%,99.99%,0.01%,26.26%,273.8,289.4,256,24721.7,311649.9,3274.5,261.2,33971.9,269.8,111.03%,103.43%,111.00%,72.52%,0.00%,49.29%,116.06%,42.84%,116.06%
01-Well-D1,1,,200000,191802,199174,826,6,4,106220,308,106538,100.00%,95.90%,99.59%,0.41%,0.00%,0.00%,53.11%,0.15%,53.27%,100.00%,95.90%,99.59%,0.41%,0.01%,0.00%,99.70%,0.29%,53.27%,938.8,958.1,764.7,42901.1,31561.2,8042,784.3,59366.6,955.7,55.72%,53.67%,55.56%,78.28%,53.28%,67.80%,56.46%,82.18%,56.57%
01-Well-D2,1,,200000,191768,7349,192651,2,7,31108,83938,115055,100.00%,95.88%,3.67%,96.33%,0.00%,0.00%,15.55%,41.97%,57.53%,100.00%,95.88%,3.67%,96.33%,0.00%,0.01%,27.04%,72.95%,57.53%,19314.1,19731.8,1386.2,19998,42301.4,4334.8,10407,23376.6,19869.1,39.67%,38.71%,135.15%,37.99%,38.76%,72.63%,18.41%,30.82%,39.70%
01-Well-D3,1,,200000,192152,199249,751,6,2,108748,111,108867,100.00%,96.08%,99.62%,0.38%,0.00%,0.00%,54.37%,0.06%,54.43%,100.00%,96.08%,99.62%,0.38%,0.01%,0.00%,99.89%,0.10%,54.43%,1254.3,1280.4,1203.2,14800.8,34005.6,1974.8,1232.7,35139.6,1269.1,48.51%,46.93%,48.35%,32.58%,6.85%,176.07%,49.08%,34.20%,49.12%
01-Well-D4,1,,200000,191415,4487,195513,4,1,2967,130500,133472,100.00%,95.71%,2.24%,97.76%,0.00%,0.00%,1.48%,65.25%,66.74%,100.00%,95.71%,2.24%,97.76%,0.00%,0.00%,2.22%,97.77%,66.74%,35804.8,36699,820.2,36607.7,52345.6,1071.2,4760.1,38012.1,37273.1,36.53%,35.63%,194.87%,35.59%,55.02%,0.00%,129.39%,35.46%,36.37%
01-Well-D5,1,,200000,191147,8171,191829,6,5,21575,163585,185171,100.00%,95.57%,4.09%,95.91%,0.00%,0.00%,10.79%,81.79%,92.59%,100.00%,95.57%,4.09%,95.91%,0.00%,0.00%,11.65%,88.34%,92.59%,22002.3,22665.9,1558.2,22873.1,81083.4,7031,9421.4,24058.1,22354.1,34.59%,33.20%,168.45%,32.86%,73.90%,47.58%,20.57%,29.63%,34.05%
01-Well-D6,1,,200000,189692,137942,62058,0,2,159813,371,160186,100.00%,94.85%,68.97%,31.03%,0.00%,0.00%,79.91%,0.19%,80.09%,100.00%,94.85%,68.97%,31.03%,0.00%,0.00%,99.77%,0.23%,80.09%,4044.5,4160.8,3100.3,6143.2,####,10874.5,4055.1,19818.3,4091.7,38.67%,37.29%,29.13%,18.11%,####,12.28%,38.44%,14.13%,38.53%
01-Well-D7,2,,200000,188285,159120,40880,7,5,124340,17726,142078,100.00%,94.14%,79.56%,20.44%,0.00%,0.00%,62.17%,8.86%,71.04%,100.00%,94.14%,79.56%,20.44%,0.00%,0.00%,87.52%,12.48%,71.04%,4629.8,4773.5,1684.7,16093.2,24134.6,4544,2539.7,19675.4,4678.8,51.71%,50.19%,40.05%,33.85%,31.12%,75.87%,44.17%,21.83%,52.07%
01-Well-D8,1,,200000,188721,4656,195344,2,3,2103,127703,129811,100.00%,94.36%,2.33%,97.67%,0.00%,0.00%,1.05%,63.85%,64.91%,100.00%,94.36%,2.33%,97.67%,0.00%,0.00%,1.62%,98.38%,64.91%,67108.8,69077.5,417.5,68698.4,154973.6,5511.5,2914.1,72529.7,71401.6,39.64%,38.77%,200.92%,38.65%,12.86%,79.98%,170.07%,39.14%,39.81%
01-Well-D9,1,,200000,190896,162848,37152,5,7,110403,277,110692,100.00%,95.45%,81.42%,18.58%,0.00%,0.00%,55.20%,0.14%,55.35%,100.00%,95.45%,81.42%,18.58%,0.00%,0.01%,99.74%,0.25%,55.35%,3638.7,3759.3,2901.5,6870.1,29447.7,3424.9,3438.3,96091.1,3671.3,36.78%,34.75%,31.14%,14.35%,41.72%,101.69%,36.33%,68.04%,36.43%
01-Well-D10,1,,200000,192578,4057,195943,4,1,1874,106293,108172,100.00%,96.29%,2.03%,97.97%,0.00%,0.00%,0.94%,53.15%,54.09%,100.00%,96.29%,2.03%,97.97%,0.00%,0.00%,1.73%,98.26%,54.09%,119620.3,122544.8,375.7,122089.3,32893.1,4889.6,2336.6,126165.2,124015.4,40.26%,39.19%,183.37%,39.29%,27.95%,0.00%,168.47%,39.30%,40.11%
01-Well-D11,1,,200000,192736,5789,194211,2,7,4943,158999,163951,100.00%,96.37%,2.89%,97.11%,0.00%,0.00%,2.47%,79.50%,81.98%,100.00%,96.37%,2.89%,97.11%,0.00%,0.00%,3.01%,96.98%,81.98%,44419.6,45629.1,556.2,45727.1,87498.5,6282.5,4467.7,47089.3,45803.1,33.26%,32.10%,182.77%,32.10%,110.29%,21.57%,117.83%,31.60%,32.68%
01-Well-D12,1,,200000,172121,199909,91,0,1,57671,11,57683,100.00%,86.06%,99.95%,0.05%,0.00%,0.00%,28.84%,0.01%,28.84%,100.00%,86.06%,99.95%,0.05%,0.00%,0.00%,99.98%,0.02%,28.84%,275.5,291.7,258.8,36811.1,####,6194.2,269,77611.2,283.9,106.39%,99.03%,106.41%,90.39%,####,0.00%,105.98%,19.92%,106.00%
01-Well-E1,1,,200000,189041,3442,196558,4,3,1198,97276,98481,100.00%,94.52%,1.72%,98.28%,0.00%,0.00%,0.60%,48.64%,49.24%,100.00%,94.52%,1.72%,98.28%,0.00%,0.00%,1.22%,98.78%,49.24%,40628.4,41588.5,691.8,41327.7,47766,9152.9,4122.9,42899.3,42426.7,37.31%,36.80%,178.46%,36.63%,16.56%,4.12%,155.01%,36.96%,37.40%
01-Well-E2,1,,156691,148537,6781,149910,3,8,2679,57854,60544,100.00%,94.80%,4.33%,95.67%,0.00%,0.01%,1.71%,36.92%,38.64%,100.00%,94.80%,4.33%,95.67%,0.00%,0.01%,4.42%,95.56%,38.64%,74553.9,77690.2,367,77909.6,17929.8,5180.3,3774.2,79099.8,75753.9,37.61%,35.45%,199.41%,35.41%,0.26%,59.04%,177.36%,34.61%,36.63%
01-Well-E3,1,,200000,185427,186346,13654,0,1,63768,80,63849,100.00%,92.71%,93.17%,6.83%,0.00%,0.00%,31.88%,0.04%,31.92%,100.00%,92.71%,93.17%,6.83%,0.00%,0.00%,99.87%,0.13%,31.92%,2366.1,2447.5,2043.5,6768.8,####,6692,2361.2,52423.7,2424,48.82%,47.16%,45.71%,19.08%,####,0.00%,52.11%,65.48%,52.17%
01-Well-E4,1,,200000,188958,7187,192813,3,6,6986,153579,160574,100.00%,94.48%,3.59%,96.41%,0.00%,0.00%,3.49%,76.79%,80.29%,100.00%,94.48%,3.59%,96.41%,0.00%,0.00%,4.35%,95.64%,80.29%,40541.8,41963.8,928.7,42018.3,25956.2,8350.8,3979.9,42785.5,41095.6,32.78%,31.24%,185.70%,31.41%,52.47%,60.95%,125.51%,30.69%,32.31%
01-Well-E5,1,,88247,80182,7330,80917,2,7,3332,30631,33972,100.00%,90.86%,8.31%,91.69%,0.00%,0.01%,3.78%,34.71%,38.50%,100.00%,90.86%,8.31%,91.69%,0.01%,0.02%,9.81%,90.17%,38.50%,76136,82161.9,317.2,83004.2,20487,6258.2,2485.2,84581.1,76509.2,38.14%,33.80%,213.75%,33.79%,35.54%,41.71%,180.85%,32.58%,37.60%
01-Well-E6,1,,200000,193189,4753,195247,7,5,2440,153567,156019,100.00%,96.59%,2.38%,97.62%,0.00%,0.00%,1.22%,76.78%,78.01%,100.00%,96.59%,2.38%,97.62%,0.00%,0.00%,1.56%,98.43%,78.01%,102238.6,104867.2,375,104718.3,68172.4,7078,3887.4,106732.6,105119.3,34.17%,33.07%,205.18%,33.22%,74.60%,65.99%,170.30%,32.99%,33.59%
01-Well-E7,1,,31586,27779,5382,26204,6,4,2112,9980,12102,100.00%,87.95%,17.04%,82.96%,0.02%,0.01%,6.69%,31.60%,38.31%,100.00%,87.95%,17.04%,82.96%,0.05%,0.03%,17.45%,82.47%,38.31%,34615.6,38889.8,378.3,41647.5,33248.3,6791.6,1085.6,42675.8,35401.1,44.01%,35.55%,214.00%,32.79%,33.31%,83.63%,202.16%,32.17%,42.00%
01-Well-E8,1,,200000,191864,198008,1992,3,4,145860,14,145881,100.00%,95.93%,99.00%,1.00%,0.00%,0.00%,72.93%,0.01%,72.94%,100.00%,95.93%,99.00%,1.00%,0.00%,0.00%,99.99%,0.01%,72.94%,1644.6,1686.2,1592.3,6841.6,23870.9,5732.3,1670,55498.3,1675.7,42.00%,40.46%,41.63%,13.55%,5.71%,50.02%,42.65%,65.61%,42.64%
01-Well-E9,1,,200000,192214,3772,196228,5,2,986,139416,140409,100.00%,96.11%,1.89%,98.11%,0.00%,0.00%,0.49%,69.71%,70.20%,100.00%,96.11%,1.89%,98.11%,0.00%,0.00%,0.70%,99.29%,70.20%,228777.5,233778.1,438.9,233166.8,167316,7762,1140.2,239618.6,237938,37.47%,36.73%,209.04%,36.66%,118.85%,96.06%,161.52%,36.73%,36.98%
01-Well-E10,1,,200000,181386,2696,197304,0,2,2102,69520,71624,100.00%,90.69%,1.35%,98.65%,0.00%,0.00%,1.05%,34.76%,35.81%,100.00%,90.69%,1.35%,98.65%,0.00%,0.00%,2.93%,97.06%,35.81%,34647.3,35928.7,700.7,35111.2,####,7160.6,6793.3,36334.9,35467.1,38.04%,36.83%,194.70%,37.43%,####,74.60%,106.33%,37.26%,38.57%
01-Well-E11,1,,200000,192895,5042,194958,3,9,5024,149550,154586,100.00%,96.45%,2.52%,97.48%,0.00%,0.00%,2.51%,74.77%,77.29%,100.00%,96.45%,2.52%,97.48%,0.00%,0.01%,3.25%,96.74%,77.29%,31064.8,31808.1,1324.9,31833.9,24695,3932.8,4849.1,32768.3,31859.1,33.02%,32.09%,182.97%,32.04%,19.37%,153.65%,86.45%,31.69%,32.86%
01-Well-E12,0,,10103,7064,5135,4968,5,18,2016,1724,3763,100.00%,69.92%,50.83%,49.17%,0.05%,0.18%,19.95%,17.06%,37.25%,100.00%,69.92%,50.83%,49.17%,0.13%,0.48%,53.57%,45.81%,37.25%,13705.1,18792,355.2,27503.7,24409.9,4538.7,1091.5,30083.1,14421.3,156.60%,92.48%,219.38%,35.57%,22.28%,134.34%,197.48%,30.45%,154.13%
01-Well-F1,1,,200000,192180,164207,35793,2,2,119007,610,119621,100.00%,96.09%,82.10%,17.90%,0.00%,0.00%,59.50%,0.30%,59.81%,100.00%,96.09%,82.10%,17.90%,0.00%,0.00%,99.49%,0.51%,59.81%,3700.5,3782.8,2825.3,7715.5,45032.4,4685.5,3456.9,53792.8,3714.3,39.93%,38.86%,33.53%,20.45%,97.25%,48.76%,40.42%,83.85%,40.62%
01-Well-F2,1,,200000,191313,2994,197006,4,2,1573,92443,94022,100.00%,95.66%,1.50%,98.50%,0.00%,0.00%,0.79%,46.22%,47.01%,100.00%,95.66%,1.50%,98.50%,0.00%,0.00%,1.67%,98.32%,47.01%,80895.7,82647.3,509.8,82117.4,101054.1,8291.3,4026.4,86560,85178.2,36.73%,36.20%,187.61%,36.16%,46.92%,83.98%,175.60%,36.73%,37.39%
01-Well-F3,1,,200000,191256,3848,196152,4,4,1645,86752,88405,100.00%,95.63%,1.92%,98.08%,0.00%,0.00%,0.82%,43.38%,44.20%,100.00%,95.63%,1.92%,98.08%,0.00%,0.00%,1.86%,98.13%,44.20%,169524.8,173431.6,550.2,172839.6,158706.1,5063.5,1542.4,176470.3,173206.8,36.95%,36.26%,179.51%,36.15%,66.90%,16.50%,167.40%,36.09%,36.89%
01-Well-F4,1,,200000,192704,166834,33166,3,6,128993,323,129325,100.00%,96.35%,83.42%,16.58%,0.00%,0.00%,64.50%,0.16%,64.66%,100.00%,96.35%,83.42%,16.58%,0.00%,0.00%,99.74%,0.25%,64.66%,3553.9,3633.3,2847.5,7107.3,17307.1,7779.1,3430,63790,3581.3,38.11%,36.93%,32.45%,18.48%,0.62%,33.80%,38.25%,23.89%,38.34%
01-Well-F5,1,,200000,192569,9008,190992,5,4,61682,70976,132667,100.00%,96.28%,4.50%,95.50%,0.00%,0.00%,30.84%,35.49%,66.33%,100.00%,96.28%,4.50%,95.50%,0.00%,0.00%,46.49%,53.50%,66.33%,16481.2,16853,1322.3,17196.2,33861,7315.5,10233.6,22749.1,16930.1,37.05%,36.15%,119.40%,35.18%,40.34%,22.35%,21.12%,24.37%,37.01%
01-Well-F6,1,,200000,188878,3330,196670,2,4,1461,88029,89496,100.00%,94.44%,1.67%,98.33%,0.00%,0.00%,0.73%,44.01%,44.75%,100.00%,94.44%,1.67%,98.33%,0.00%,0.00%,1.63%,98.36%,44.75%,209040.2,214309.3,498.6,212571.2,160278.6,8384.7,1291,219209.3,215641,36.72%,35.97%,186.43%,36.00%,131.06%,5.57%,167.75%,36.32%,37.08%
01-Well-F7,3,,15880,12902,5590,10290,4,6,4042,1942,5994,100.00%,81.25%,35.20%,64.80%,0.03%,0.04%,25.45%,12.23%,37.75%,100.00%,81.25%,35.20%,64.80%,0.07%,0.10%,67.43%,32.40%,37.75%,26717.2,32550,639.1,40884,33497.4,7388.3,4592,72872.9,26736.5,143.69%,125.83%,197.34%,83.93%,9.60%,26.98%,140.19%,63.91%,142.87%
01-Well-F8,1,,200000,192925,199633,367,1,2,167851,103,167957,100.00%,96.46%,99.82%,0.18%,0.00%,0.00%,83.93%,0.05%,83.98%,100.00%,96.46%,99.82%,0.18%,0.00%,0.00%,99.94%,0.06%,83.98%,1160.3,1185.6,1073.2,48530.6,65446.9,4765.6,1092.7,80476,1141.8,47.04%,45.19%,46.94%,122.20%,0.00%,1.53%,46.61%,35.20%,46.64%
01-Well-F9,1,,200000,192167,4097,195903,3,3,2884,130714,133604,100.00%,96.08%,2.05%,97.95%,0.00%,0.00%,1.44%,65.36%,66.80%,100.00%,96.08%,2.05%,97.95%,0.00%,0.00%,2.16%,97.84%,66.80%,71004.1,72789.2,346.8,72481.8,19436.9,9588.3,4661.9,74430.3,72921.6,35.60%,34.65%,204.69%,34.75%,13.69%,16.25%,173.44%,34.51%,35.39%
01-Well-F10,1,,200000,191614,3901,196099,2,2,1031,97680,98715,100.00%,95.81%,1.95%,98.05%,0.00%,0.00%,0.52%,48.84%,49.36%,100.00%,95.81%,1.95%,98.05%,0.00%,0.00%,1.04%,98.95%,49.36%,229302.7,234498,462.4,233855.1,157147.4,10615.1,1377.3,242927.4,240398.1,38.04%,37.29%,192.09%,37.18%,127.48%,10.89%,147.18%,37.56%,38.01%
01-Well-F11,1,,200000,191327,4504,195496,3,5,4310,165538,169856,100.00%,95.66%,2.25%,97.75%,0.00%,0.00%,2.15%,82.77%,84.93%,100.00%,95.66%,2.25%,97.75%,0.00%,0.00%,2.54%,97.46%,84.93%,65690.3,67572.9,390.9,67194.7,47888.5,6073,5672.4,68578.8,66980.4,32.55%,31.34%,194.00%,31.66%,58.20%,132.67%,123.23%,31.19%,32.16%
01-Well-F12,0,,6889,2905,6657,232,4,6,2325,63,2398,100.00%,42.17%,96.63%,3.37%,0.06%,0.09%,33.75%,0.91%,34.81%,100.00%,42.17%,96.63%,3.37%,0.17%,0.25%,96.96%,2.63%,34.81%,1325.7,2509.5,270.2,31613.2,31994.9,9917,397.2,57337.1,1969.7,207.27%,149.06%,211.48%,88.11%,24.49%,16.30%,212.15%,37.50%,209.92%
01-Well-G1,1,,200000,193194,8768,191232,3,1,77907,19586,97497,100.00%,96.60%,4.38%,95.62%,0.00%,0.00%,38.95%,9.79%,48.75%,100.00%,96.60%,4.38%,95.62%,0.00%,0.00%,79.91%,20.09%,48.75%,10983.5,11209.2,1809.9,11404.1,63258.2,1741.2,8898.9,19601,11050.4,37.25%,36.36%,141.49%,35.34%,60.36%,0.00%,30.61%,20.49%,37.77%
01-Well-G2,1,,200000,190909,8032,191968,3,0,11555,143629,155187,100.00%,95.45%,4.02%,95.98%,0.00%,0.00%,5.78%,71.81%,77.59%,100.00%,95.45%,4.02%,95.98%,0.00%,0.00%,7.45%,92.55%,77.59%,23138.7,23882.7,1268.9,24053.7,36730.2,####,7976.3,25022.8,23753.7,32.29%,31.05%,196.28%,30.81%,73.71%,####,38.75%,29.42%,31.88%
01-Well-G3,1,,200000,188720,160739,39261,1,3,149217,359,149580,100.00%,94.36%,80.37%,19.63%,0.00%,0.00%,74.61%,0.18%,74.79%,100.00%,94.36%,80.37%,19.63%,0.00%,0.00%,99.76%,0.24%,74.79%,3569.5,3701.3,2874.7,6414.1,50470.1,6961.9,3520.8,41993.4,3613.5,39.87%,37.96%,33.52%,17.16%,0.00%,87.50%,39.71%,40.00%,39.81%
01-Well-G4,1,,200000,191017,160353,39647,4,5,162756,257,163022,100.00%,95.51%,80.18%,19.82%,0.00%,0.00%,81.38%,0.13%,81.51%,100.00%,95.51%,80.18%,19.82%,0.00%,0.00%,99.84%,0.16%,81.51%,3590.1,3701.2,2934.4,6242.1,31622.4,2523.2,3575.7,45630.3,3642.6,37.88%,36.36%,31.24%,16.53%,37.69%,15.57%,37.59%,49.86%,37.65%
01-Well-G5,2,,14514,8782,8503,6011,5,4,3922,1531,5462,100.00%,60.51%,58.58%,41.42%,0.03%,0.03%,27.02%,10.55%,37.63%,100.00%,60.51%,58.58%,41.42%,0.09%,0.07%,71.81%,28.03%,37.63%,38253.6,62427.4,588.9,91533,35123.9,6758.5,1816.3,138202.7,40079.6,170.54%,147.71%,190.82%,132.20%,34.06%,44.68%,184.15%,57.61%,166.21%
01-Well-G6,1,,200000,191529,3693,196307,6,2,1684,97118,98810,100.00%,95.76%,1.85%,98.15%,0.00%,0.00%,0.84%,48.56%,49.40%,100.00%,95.76%,1.85%,98.15%,0.01%,0.00%,1.70%,98.29%,49.40%,112737.2,115203.7,409.9,114850.4,142470.2,8575.1,2735.2,118428.9,116456.4,38.19%,37.50%,185.66%,37.39%,63.10%,28.02%,165.11%,37.66%,38.40%
01-Well-G7,1,,14876,11077,6126,8750,5,1,1971,3228,5205,100.00%,74.46%,41.18%,58.82%,0.03%,0.01%,13.25%,21.70%,34.99%,100.00%,74.46%,41.18%,58.82%,0.10%,0.02%,37.87%,62.02%,34.99%,27125.1,35905.4,301.5,45904.7,71859.2,5142.3,642.7,47581.9,29822.4,143.90%,56.83%,215.43%,36.72%,63.81%,0.00%,209.10%,35.95%,121.82%
01-Well-G8,1,,12883,9773,5154,7729,11,10,2013,2930,4964,100.00%,75.86%,40.01%,59.99%,0.09%,0.08%,15.63%,22.74%,38.53%,100.00%,75.86%,40.01%,59.99%,0.22%,0.20%,40.55%,59.02%,38.53%,21369.6,27616.2,308.4,35414.1,97275.7,4364.4,628.7,36752.2,22172.3,136.99%,54.04%,207.69%,35.23%,81.02%,79.91%,212.44%,34.78%,131.46%
01-Well-G9,1,,200000,192672,135862,64138,2,8,144204,411,144625,100.00%,96.34%,67.93%,32.07%,0.00%,0.00%,72.10%,0.21%,72.31%,100.00%,96.34%,67.93%,32.07%,0.00%,0.01%,99.71%,0.28%,72.31%,4137.3,4239,3143.4,6242.9,29949.1,5847.9,4173.6,17775.2,4212.7,37.32%,36.12%,27.64%,18.89%,79.19%,57.24%,37.35%,11.26%,37.46%
01-Well-G10,2,,200000,191674,4959,195041,4,5,2943,167784,170736,100.00%,95.84%,2.48%,97.52%,0.00%,0.00%,1.47%,83.89%,85.37%,100.00%,95.84%,2.48%,97.52%,0.00%,0.00%,1.72%,98.27%,85.37%,149741,153975.7,470.6,153536.2,1485031.5,10201.1,3704.8,155916.3,153319.5,65.63%,64.29%,171.88%,64.40%,25.09%,12.65%,157.45%,64.21%,65.00%
01-Well-G11,1,,200000,193014,3788,196212,3,6,3639,167433,171081,100.00%,96.51%,1.89%,98.11%,0.00%,0.00%,1.82%,83.72%,85.54%,100.00%,96.51%,1.89%,98.11%,0.00%,0.00%,2.13%,97.87%,85.54%,69899.7,71604.1,347.8,71242.4,63037.2,1345.8,6108.8,72971.1,71546.2,33.43%,32.42%,192.96%,32.65%,50.94%,86.78%,85.01%,32.30%,33.09%
01-Well-G12,0,,4351,2004,3847,504,1,1,1251,168,1421,100.00%,46.06%,88.42%,11.58%,0.02%,0.02%,28.75%,3.86%,32.66%,100.00%,46.06%,88.42%,11.58%,0.07%,0.07%,88.04%,11.82%,32.66%,7168.3,14653.9,238.2,60065.6,14983.3,4368.8,396.2,68470,8457.4,197.65%,159.62%,218.28%,41.65%,0.00%,0.00%,207.94%,32.02%,185.99%
01-Well-H1,1,,200000,192639,4561,195439,5,1,30361,60605,90972,100.00%,96.32%,2.28%,97.72%,0.00%,0.00%,15.18%,30.30%,45.49%,100.00%,96.32%,2.28%,97.72%,0.01%,0.00%,33.37%,66.62%,45.49%,17494.1,17861,1236.6,17873.5,32141.5,6137.9,10732.1,21519,17919.4,35.49%,34.57%,192.65%,34.52%,47.65%,0.00%,19.05%,25.80%,35.95%
01-Well-H2,1,,200000,190967,7063,192937,3,6,10127,158737,168873,100.00%,95.48%,3.53%,96.47%,0.00%,0.00%,5.06%,79.37%,84.44%,100.00%,95.48%,3.53%,96.47%,0.00%,0.00%,6.00%,94.00%,84.44%,24519.9,25306.1,1233.6,25372.4,24998.9,6792.4,7503.7,26249.4,25124.5,32.97%,31.68%,190.69%,31.61%,9.99%,44.00%,80.84%,30.44%,32.57%
01-Well-H3,1,,200000,186419,10260,189740,0,3,9725,166041,175769,100.00%,93.21%,5.13%,94.87%,0.00%,0.00%,4.86%,83.02%,87.88%,100.00%,93.21%,5.13%,94.87%,0.00%,0.00%,5.53%,94.47%,87.88%,43076.6,45489,362.3,45386.4,####,5200.6,2360.9,46425.2,43986.5,34.33%,32.03%,174.82%,32.14%,####,6.90%,174.24%,31.49%,33.71%
01-Well-H4,1,,146785,129828,16808,129977,2,5,7023,50419,57449,100.00%,88.45%,11.45%,88.55%,0.00%,0.00%,4.78%,34.35%,39.14%,100.00%,88.45%,11.45%,88.55%,0.00%,0.01%,12.22%,87.76%,39.14%,119564.5,133848.8,204.5,134999.6,105845.9,8722.8,847.6,136188.8,119631.5,37.84%,31.98%,184.75%,31.80%,108.18%,30.51%,181.91%,31.12%,37.30%
01-Well-H5,2,,20167,9415,13820,6347,2,8,6723,641,7374,100.00%,46.69%,68.53%,31.47%,0.01%,0.04%,33.34%,3.18%,36.56%,100.00%,46.69%,68.53%,31.47%,0.03%,0.11%,91.17%,8.69%,36.56%,6314.4,13152.5,342.5,19317.8,49751.1,8085,2339.3,54206.3,6867.1,189.07%,97.54%,187.93%,42.76%,102.59%,63.52%,183.37%,35.48%,192.79%
01-Well-H6,1,,200000,192440,25382,174618,4,0,143670,15480,159154,100.00%,96.22%,12.69%,87.31%,0.00%,0.00%,71.83%,7.74%,79.58%,100.00%,96.22%,12.69%,87.31%,0.00%,0.00%,90.27%,9.73%,79.58%,9393.7,9648.3,3019.2,10320.3,32071.5,####,6971.1,33895.4,9590.5,36.89%,35.71%,23.36%,32.27%,68.61%,####,32.84%,62.26%,36.80%
01-Well-H7,1,,16936,12095,7708,9228,4,9,6423,58,6494,100.00%,71.42%,45.51%,54.49%,0.02%,0.05%,37.93%,0.34%,38.34%,100.00%,71.42%,45.51%,54.49%,0.06%,0.14%,98.91%,0.89%,38.34%,4538.2,6144.5,628.7,7803.8,69173.6,6355.3,4333.9,31516.3,4619.4,115.35%,39.39%,188.75%,27.30%,33.86%,51.47%,109.09%,30.42%,108.97%
01-Well-H8,1,,15514,12720,12046,3468,4,21,5835,19,5879,100.00%,81.99%,77.65%,22.35%,0.03%,0.14%,37.61%,0.12%,37.89%,100.00%,81.99%,77.65%,22.35%,0.07%,0.36%,99.25%,0.32%,37.89%,3649.1,4293.2,2178.9,8755.6,38658.6,3837.1,3011.8,160583.8,3548.2,69.08%,43.16%,71.52%,16.49%,42.39%,140.95%,66.54%,118.51%,67.00%
01-Well-H9,2,,200000,193896,79618,120382,1,1,107769,21419,129190,100.00%,96.95%,39.81%,60.19%,0.00%,0.00%,53.88%,10.71%,64.60%,100.00%,96.95%,39.81%,60.19%,0.00%,0.00%,83.42%,16.58%,64.60%,41413.4,42289,3292.6,66625.7,26150.6,5064.6,5087.1,233982.8,43036.9,46.24%,45.05%,24.21%,37.86%,0.00%,0.00%,38.11%,39.40%,47.32%
01-Well-H10,1,,200000,191775,5739,194261,4,4,4376,108224,112608,100.00%,95.89%,2.87%,97.13%,0.00%,0.00%,2.19%,54.11%,56.30%,100.00%,95.89%,2.87%,97.13%,0.00%,0.00%,3.89%,96.11%,56.30%,35754.2,36835.9,1036.3,36779.8,332817,6826.4,3710.2,37321.3,36024.5,31.69%,30.37%,183.83%,30.59%,20.89%,34.66%,111.86%,30.00%,31.41%
01-Well-H11,1,,150312,143564,5587,144725,6,5,2378,55515,57904,100.00%,95.51%,3.72%,96.28%,0.00%,0.00%,1.58%,36.93%,38.52%,100.00%,95.51%,3.72%,96.28%,0.01%,0.01%,4.11%,95.87%,38.52%,117700.5,121977.5,376.5,122229.7,30190.4,7393.5,1974.3,122775.6,117795,33.71%,32.09%,182.16%,32.18%,18.87%,65.33%,181.45%,32.26%,33.90%
01-Well-H12,0,,5832,2421,5725,107,2,10,2111,15,2138,100.00%,41.51%,98.17%,1.83%,0.03%,0.17%,36.20%,0.26%,36.66%,100.00%,41.51%,98.17%,1.83%,0.09%,0.47%,98.74%,0.70%,36.66%,1550.3,1520.5,229.7,72206.4,19194.8,5758,287.3,85544.1,928.7,225.57%,166.40%,229.12%,94.87%,30.18%,86.44%,233.53%,22.51%,233.64%
